source,target,edge_id,length,connectivity,shared_points
0,1,0,0.002152665058470823,,
1,4,1,0.0001906713474599921,,
1,2,2,7.517815414741572e-05,,
2,7,3,0.0017570392239969765,,
2,3,4,0.00011414211871997593,,
3,39,5,0.11020472045928124,,
3,4,6,1.3510745926004555e-06,,
4,5,7,0.00028079524295314927,,
5,21,8,0.09989504119508438,,
5,6,9,0.001036096618963873,,
6,19,10,0.09694633024624594,,
6,7,11,0.00032465416876737785,,
7,8,12,0.00311943742761755,,
8,9,13,0.0008666739585150851,,
8,40,14,0.11322480794393334,,
9,10,15,0.0031420865692183535,,
9,38,16,0.10179485233496578,,
10,11,17,0.00037407229208127717,,
10,35,18,0.09490125236610884,,
11,12,19,0.015396297265462624,,
11,16,20,0.04567429960639163,,
11,28,21,0.09317276209706497,,
12,13,22,0.0010865232898633129,,
12,36,23,0.0802190818018533,,
13,17,24,0.06483769841517016,,
13,14,25,0.0033290353727916527,,
14,15,26,0.0116705998514723,,
14,35,27,0.07471532414590998,,
15,16,28,0.014191843826801748,,
15,34,29,0.06286723563629885,,
16,17,30,0.03564621936410446,,
17,18,31,0.003391780150790835,,
18,19,32,0.004407106708759365,,
18,22,33,0.006343004774725575,,
19,23,34,0.0024273544095972793,,
20,21,35,0.00014584229774311508,,
21,22,36,2.3283736091644913e-05,,
22,23,37,0.0004914563436310693,,
23,24,38,0.00012181576203962319,,
24,31,39,0.002018005584594501,,
24,25,40,0.00025695705786057954,,
25,26,41,0.00019880609874232957,,
25,26,42,0.00019880609874232957,,
26,27,43,0.0006613025923017796,,
27,33,44,0.0010064005538882037,,
27,28,45,0.0003871203464770878,,
28,29,46,9.003262924195399e-05,,
29,37,47,0.003545644232854528,,
29,30,48,0.00019161058990865842,,
30,31,49,0.00023217627006211217,,
30,32,50,0.0002580663787855042,,
31,32,51,2.5890108723392036e-05,,
32,33,52,7.957060947499928e-05,,
33,34,53,0.0005576491114126503,,
34,35,54,0.00017748865813882464,,
35,36,55,0.001088198993288353,,
36,37,56,0.0011930598918455382,,
37,38,57,0.001470254514504693,,
38,39,58,0.0027808596329058216,,
39,40,59,0.007782422017546656,,
40,41,60,0.03648753413505973,,
41,43,61,0.17350779070922015,,
41,42,62,0.16265050481347773,,
41,42,63,0.16265050481347773,,
42,43,64,0.010857285895742419,,
43,44,65,0.01916413115339949,,
44,45,66,0.00016467329257624508,,
44,47,67,0.0018298442403065773,,
45,46,68,0.0010715749018982423,,
45,72,69,0.33264788513117993,,
46,49,70,0.002454606656608238,,
46,56,71,0.10485698225263856,,
47,56,72,0.10426338620680647,,
47,48,73,0.0014406495859188295,,
48,543,74,0.5176344834957193,,
48,50,75,0.004775370501224563,,
49,61,76,0.2929407360677785,,
49,61,77,0.2929407360677785,,
50,51,78,0.02019227147213165,,
50,80,79,0.3322052842114612,,
50,81,80,0.33247167988318826,,
51,74,81,0.3065888674542926,,
51,52,82,0.007906904189344477,,
51,540,83,0.48979284233396714,,
52,53,84,0.02164084125234711,,
52,258,85,0.3092433629311423,,
53,54,86,0.002921966546163335,,
53,68,87,0.2556164914499426,,
53,68,89,0.2556164914499426,,
53,57,88,0.05200015275405134,,
54,58,90,0.0808353192123274,,
54,55,91,0.007808590894543277,,
54,538,92,0.4564001298796074,,
55,56,93,0.03757679176513323,,
55,78,94,0.27115965405034315,,
56,57,95,0.0036928035482114985,,
57,62,96,0.1935081222535885,,
58,59,97,0.1301303169150252,,
58,60,98,0.1392434025442404,,
59,60,99,0.0091130856292152,,
59,68,100,0.041728888776426665,,
60,62,101,0.02250758670490871,,
61,174,102,0.04755920037691874,,
62,63,103,0.0025619762890071174,,
63,64,104,0.0006172691739548819,,
63,64,105,0.0006172691739548819,,
64,65,106,0.0016462413544378052,,
65,66,107,0.0021111460707561314,,
65,76,108,0.028259330042245345,,
66,67,109,0.0003905998667549371,,
66,108,110,0.03329830357215202,,
67,68,111,0.0027809836873918803,,
67,83,112,0.03189757600082033,,
68,69,113,0.014336970695268514,,
69,70,114,0.0012069090157349471,,
69,75,115,0.007209715426014229,,
70,71,116,0.0027449503340460923,,
70,92,117,0.014184014104122733,,
71,83,118,0.010827762268378893,,
71,72,119,0.0011213556874908326,,
72,73,120,4.1156454110957696e-05,,
73,74,121,0.0019732883760070763,,
73,141,122,0.01097281023541008,,
74,75,123,0.00012205555862432327,,
75,76,124,0.0014299142960596534,,
76,77,125,0.0024669917760196114,,
77,86,126,0.00399186063221002,,
77,78,127,0.0008301278477451657,,
77,84,128,0.0038431367836335717,,
78,79,129,0.00041269036764834954,,
79,85,130,0.0026417397236170315,,
79,80,131,0.0001623654389398821,,
80,81,132,0.0002663956717270377,,
81,82,133,0.0019935995347065694,,
82,89,134,0.00041184885589184983,,
82,83,135,7.821259299434224e-06,,
83,84,136,0.00017013666356713308,,
84,85,137,4.1421155376974994e-05,,
85,86,138,0.00010730269319947361,,
86,88,139,1.474861526284954e-05,,
87,88,140,6.302392305923554e-06,,
88,89,141,7.041846918598438e-05,,
89,90,142,0.00014268067852118982,,
90,91,143,1.7842277737711854e-05,,
90,91,144,1.7842277737711854e-05,,
91,92,145,4.675094884643016e-05,,
92,93,146,6.82621565355479e-05,,
93,94,147,4.656354270426988e-05,,
93,98,148,0.00010182018463611442,,
94,103,149,0.00017106193617888454,,
94,95,150,7.233322473654269e-06,,
95,96,151,3.1306897858351945e-05,,
95,99,152,0.00011883534086565284,,
96,97,153,4.195793255390434e-06,,
96,97,154,4.195793255390434e-06,,
97,98,155,1.2520628344447893e-05,,
98,99,156,7.081202140746257e-05,,
99,100,157,2.9032708219189907e-05,,
100,102,158,1.2526949353497407e-05,,
100,101,159,8.150404508189268e-06,,
101,143,160,0.00044314644053256025,,
101,102,161,4.376544845308139e-06,,
102,103,162,3.433615266890122e-06,,
103,104,163,1.662989767770018e-05,,
104,105,164,3.227765725366538e-05,,
104,107,165,3.946322677150782e-05,,
105,106,166,4.452588382886091e-06,,
105,106,167,4.452588382886091e-06,,
106,107,168,2.732981134956347e-06,,
107,108,169,5.684544301109984e-05,,
108,109,170,9.194782202515128e-06,,
109,110,171,8.692861836467891e-06,,
109,264,172,0.0028005761372538185,,
110,111,173,1.4849076124479055e-05,,
110,142,174,0.00028654530104699205,,
111,137,175,0.00021667541120962142,,
111,113,176,4.7850847382235884e-05,,
112,114,177,4.422457586361617e-05,,
113,115,178,4.734648259430152e-05,,
113,132,179,0.00014323558562590044,,
114,115,180,1.303617051529038e-05,,
114,134,181,0.00011594752198240688,,
115,116,182,2.966996659026222e-06,,
116,117,183,6.545245872291439e-06,,
116,136,184,0.00011847489180527582,,
117,118,185,1.0285971184020859e-05,,
117,120,186,1.6369337605293133e-05,,
118,119,187,1.8902970515544126e-06,,
118,131,188,7.070998612968005e-05,,
119,120,189,4.193069369717861e-06,,
119,140,190,0.00014751557056968956,,
120,121,191,1.4622723381041425e-06,,
121,122,192,2.975745417188591e-06,,
121,128,193,5.547842129238756e-05,,
122,123,194,1.8394046803482667e-05,,
122,130,195,5.972750599947396e-05,,
123,139,196,9.276440019023724e-05,,
123,124,197,1.558538693580136e-05,,
124,133,198,3.585725404620099e-05,,
124,125,199,4.0607455028540684e-06,,
125,127,200,8.960324384577056e-06,,
125,129,201,1.4488974323323411e-05,,
126,127,202,2.49368493909774e-06,,
127,128,203,5.5021722484838165e-06,,
128,129,204,2.6477690262538545e-08,,
129,130,205,7.198352434012456e-06,,
130,131,206,4.6109595364107747e-07,,
131,132,207,5.380903186580355e-06,,
132,133,208,4.2671826457896245e-06,,
133,134,209,2.7550657897279507e-06,,
134,135,210,5.711088626125793e-06,,
135,136,211,1.281944837105975e-05,,
135,162,212,0.0003339418678932615,,
136,137,213,3.619276878197297e-08,,
137,138,214,1.1010056135463131e-05,,
138,139,215,8.98990751707629e-06,,
138,161,216,0.0003045658387625938,,
139,140,217,2.7726036450959057e-05,,
140,141,218,2.9427257963732245e-07,,
141,142,219,7.00054102975578e-06,,
142,143,220,1.796476787407908e-05,,
143,144,221,9.872993403936547e-07,,
144,145,222,1.1488399368930757e-05,,
144,145,223,1.1488399368930757e-05,,
145,146,224,1.4370021701459734e-05,,
146,154,225,0.00010776085218655584,,
146,147,226,1.4209797828734771e-05,,
147,148,227,2.3370000969524796e-05,,
147,148,228,2.3370000969524796e-05,,
148,149,229,1.651617269149419e-05,,
149,150,230,3.960594369911696e-06,,
149,166,231,0.00021403781299189628,,
150,151,232,6.472925656364481e-06,,
150,151,233,6.472925656364481e-06,,
151,152,234,1.155523761431354e-05,,
152,153,235,2.217491116396353e-05,,
152,153,236,2.217491116396353e-05,,
153,154,237,9.50121189224884e-06,,
154,155,238,1.8445118782350889e-06,,
155,157,239,1.007786032536373e-05,,
155,156,240,4.900889881143122e-06,,
156,188,241,0.0004127401566744737,,
156,157,242,5.176970444220608e-06,,
157,158,243,8.237792347265405e-06,,
158,159,244,2.6597949382978214e-05,,
158,215,245,0.0007985590664830733,,
159,163,246,7.521013336508897e-05,,
159,160,247,5.455754648731048e-05,,
160,161,248,6.668080292593359e-06,,
160,164,249,3.239595408488505e-05,,
161,162,250,5.510331855362871e-06,,
162,163,251,8.47417472982226e-06,,
163,164,252,1.1743367207106559e-05,,
164,165,253,2.0041252346558736e-07,,
165,168,254,2.783194053557203e-05,,
165,166,255,2.646090526559064e-05,,
166,167,256,9.155064193411278e-07,,
167,176,257,8.327295056864692e-05,,
167,168,258,4.5552885064026327e-07,,
168,169,259,1.7430598623358051e-06,,
169,170,260,1.6914324704964123e-05,,
169,178,261,0.00011465009215805289,,
170,171,262,7.493770310285086e-06,,
170,261,263,0.0018962400061631746,,
171,173,264,7.334334526598596e-06,,
171,172,265,5.8098531624528604e-06,,
172,175,266,3.172313387522774e-05,,
172,173,267,1.5244813641457355e-06,,
173,174,268,9.464844032303077e-06,,
174,175,269,2.0733808478778926e-05,,
175,176,270,1.9133279802741043e-05,,
176,177,271,1.6353811004288232e-05,,
177,178,272,1.7221919298093802e-05,,
177,186,273,9.448891083962963e-05,,
178,179,274,2.9300258630460263e-07,,
179,180,275,7.273463282553294e-06,,
179,182,276,2.1228629972558366e-05,,
180,181,277,1.0349348731453212e-05,,
180,181,278,1.0349348731453212e-05,,
181,182,279,3.60581795855186e-06,,
182,183,280,7.203479655326639e-06,,
183,184,281,1.58108718689709e-05,,
183,190,282,0.0001851583604691731,,
184,185,283,8.342445273035182e-06,,
184,185,284,8.342445273035182e-06,,
185,186,285,2.4388562185340135e-05,,
186,187,286,5.7677665894706465e-05,,
187,188,287,6.403781412145371e-06,,
187,336,288,0.007697332415510294,,
188,189,289,6.934093197685787e-05,,
189,190,290,3.194101858117193e-06,,
189,196,291,0.00013356736864900132,,
190,191,292,3.652636020345934e-05,,
191,192,293,1.7341747976074018e-05,,
191,234,294,0.0004999632178651625,,
192,193,295,1.2770656289684545e-05,,
192,199,296,0.00013774815172951094,,
193,246,297,0.0005267230943125645,,
193,194,298,2.8219364927140056e-05,,
194,197,299,3.554278940831601e-05,,
194,198,300,9.174652849952558e-05,,
195,196,301,7.694562463855803e-07,,
196,197,302,2.7652013789847274e-08,,
197,198,303,5.620373909120957e-05,,
198,199,304,5.011602013160754e-06,,
199,200,305,9.988405993421878e-06,,
200,211,306,0.00010794749531484182,,
200,201,307,3.2869604117413687e-06,,
201,209,308,8.930934096995635e-05,,
201,202,309,9.08512235886505e-07,,
202,203,310,1.5547697769902058e-05,,
202,250,311,0.0004284493004960144,,
203,207,312,4.924571075548556e-05,,
203,204,313,2.7472220634927602e-05,,
204,205,314,1.0886580491531461e-06,,
204,243,315,0.0003219339265453369,,
205,206,316,1.760406768136491e-06,,
205,208,317,2.992099237131285e-05,,
206,207,318,1.8924425303268322e-05,,
206,235,319,0.0002888937396854363,,
207,208,320,9.236160299908036e-06,,
208,209,321,1.4371259908774192e-05,,
209,210,322,8.720120141525456e-07,,
210,225,323,0.00011979840697695643,,
210,211,324,1.4479181918991557e-05,,
211,212,325,1.5652290464851504e-06,,
212,213,326,1.495232920034617e-06,,
212,251,327,0.0003446325169130793,,
213,244,328,0.00026164128888161997,,
213,214,329,1.0447315485273556e-05,,
213,245,330,0.0002766528304625204,,
214,233,331,0.0002111981592783918,,
214,215,332,3.6387000960091953e-06,,
215,216,333,1.750085951501834e-05,,
216,217,334,6.4713267519111994e-06,,
216,249,335,0.0002751702971098835,,
217,218,336,9.377064891236131e-08,,
217,240,337,0.00020907517432644518,,
218,247,338,0.0002569261352227681,,
218,219,339,1.2959880549834324e-06,,
219,220,340,7.143110142937559e-06,,
219,253,341,0.00031132446445081285,,
220,221,342,1.5132481823165733e-07,,
220,265,343,0.0015765628289323708,,
221,222,344,9.559501254363667e-06,,
221,230,345,0.00012952852950876004,,
222,241,346,0.00019286766306925163,,
222,223,347,1.1797767282439864e-05,,
223,238,348,0.00017348378995629687,,
223,224,349,3.4130540060184344e-05,,
224,237,350,0.0001352373259639883,,
224,225,351,2.8558981179926946e-08,,
225,226,352,4.216202073870079e-05,,
226,227,353,1.1277112330621009e-05,,
226,228,354,1.941213068534786e-05,,
227,353,355,0.020066625440884556,,
227,228,356,8.135018354726853e-06,,
227,259,357,0.0006298687109603796,,
228,229,358,5.630762629715846e-06,,
229,270,359,0.0022637494473938258,,
229,230,360,6.807247876827738e-06,,
230,231,361,2.3200367856857085e-06,,
231,257,362,0.00038257190055002166,,
231,232,363,2.636541385681035e-05,,
232,248,364,9.153666988237497e-05,,
232,233,365,1.6689099099131965e-05,,
233,234,366,2.231480121128726e-06,,
234,235,367,4.073283389027793e-06,,
235,236,368,4.102116575532833e-06,,
236,242,369,2.488885629525761e-05,,
236,237,370,5.4151752248987606e-06,,
237,238,371,4.1159239321242325e-06,,
238,239,372,3.1196758309981476e-07,,
239,266,373,0.0015007257979188227,,
239,240,374,5.237954585179949e-06,,
240,241,375,2.036183662235125e-06,,
241,242,376,7.771651307719729e-06,,
242,243,377,1.2001491718205415e-06,,
243,244,378,3.499928565187105e-06,,
244,245,379,1.5011541580900456e-05,,
245,246,380,4.096405135434189e-06,,
246,247,381,1.4328872121938119e-05,,
247,248,382,1.4149378270156276e-06,,
248,249,383,1.026412665927623e-05,,
249,250,384,1.4879643656096064e-05,,
250,251,385,2.1500468130764006e-05,,
251,252,386,5.6359800755245715e-06,,
252,254,387,4.739269000353374e-06,,
252,253,388,1.999160934351707e-06,,
253,254,389,2.7401080660016675e-06,,
254,255,390,0.00015770909948464862,,
255,256,391,3.5220971528859835e-05,,
255,341,392,0.00945588394386021,,
256,257,393,1.4720258275313647e-05,,
256,263,394,0.0009947386176749617,,
257,258,395,3.6509847479604396e-05,,
258,259,396,0.00018789389728379735,,
259,260,397,0.0001368128950621772,,
260,261,398,0.00034962864065957167,,
260,272,399,0.001736377375081144,,
261,262,400,5.922891689846832e-05,,
262,492,401,0.13776003148507976,,
262,263,402,0.00020994416201602917,,
263,264,403,6.9521966888919096e-06,,
264,265,404,7.502048118113169e-05,,
265,266,405,0.00011946731988088377,,
266,267,406,0.00010748588148146165,,
267,268,407,0.00020458173379567235,,
267,333,408,0.004467883708539899,,
268,269,409,4.500193449330503e-05,,
268,275,410,0.0010591117116244275,,
269,270,411,0.00033352235526029617,,
269,338,412,0.005577949271379445,,
270,271,413,0.0001879810329130649,,
271,280,414,0.0009246933785250766,,
271,272,415,3.756271981236736e-05,,
272,273,416,0.00031865850208634416,,
273,274,417,1.554793723779202e-05,,
273,274,418,1.554793723779202e-05,,
274,275,419,0.00012083722982125789,,
275,276,420,0.0002380002413538973,,
276,297,421,0.0012133178437989667,,
276,277,422,9.08133729156102e-05,,
277,294,423,0.0010752293145057656,,
277,278,424,1.6299114387163804e-05,,
278,305,425,0.001649722056500047,,
278,279,426,4.6122448860708154e-05,,
279,303,427,0.0014981837347917137,,
279,280,428,4.085181204993571e-05,,
280,281,429,5.06273276867919e-06,,
281,282,430,6.209943981927424e-06,,
281,287,431,0.0002711637082442042,,
282,283,432,2.299309134090599e-05,,
282,318,433,0.0020246056977639704,,
283,305,434,0.0015284820274978905,,
283,284,435,0.00015380305782164427,,
284,285,436,4.374882386048995e-05,,
284,302,437,0.0012570421022524148,,
285,286,438,5.357510241443819e-06,,
285,291,439,0.0004245220011396267,,
286,328,440,0.0023038195216060764,,
286,287,441,3.905128099779276e-05,,
287,288,442,4.118452358325975e-05,,
288,300,443,0.0009000443774362932,,
288,289,444,0.00012864044204929925,,
289,310,445,0.0012272279480280979,,
289,290,446,0.00015104981456048883,,
290,311,447,0.0010891055815318573,,
290,291,448,5.923842970734228e-05,,
291,292,449,0.00019187117030416978,,
292,293,450,0.00011521181216922471,,
292,299,451,0.0002917759244274176,,
293,325,452,0.0015388721136205818,,
293,294,453,8.533305821289972e-06,,
294,296,454,6.6309328792257816e-06,,
295,296,455,1.1047034031985703e-07,,
296,297,456,4.064422349836505e-05,,
297,298,457,8.831239988360551e-05,,
298,299,458,3.2443250175706595e-05,,
298,316,459,0.0009111805548605023,,
299,300,460,7.746859638757542e-05,,
300,301,461,0.00011114356734409636,,
301,302,462,0.00011651201878903894,,
301,330,463,0.0012434733015741495,,
302,303,464,1.2220994576206401e-05,,
303,304,465,8.164311299652116e-05,,
304,305,466,2.3772759851103942e-05,,
304,327,467,0.0009869233311274872,,
305,306,468,3.7593298014448884e-05,,
306,307,469,6.216361317246122e-05,,
306,308,470,6.91811217713445e-05,,
307,308,471,7.017508598883282e-06,,
307,320,472,0.00046472117750984143,,
308,309,473,3.4971862363786244e-06,,
309,329,474,0.0008748894388852513,,
309,310,475,2.599530619651347e-07,,
310,311,476,1.2927448064248281e-05,,
311,312,477,1.1010579239800755e-05,,
312,323,478,0.0005424843298096338,,
312,313,479,0.00023038229747507355,,
313,314,480,6.585602560382764e-05,,
313,324,481,0.0004498528493903642,,
314,332,482,0.0006554130533755753,,
314,315,483,1.7680436007805334e-05,,
315,331,484,0.0005741236872027766,,
315,316,485,7.587909265360793e-06,,
316,317,486,1.116088084818223e-05,,
317,321,487,9.791195986541545e-05,,
317,318,488,5.9934433367381246e-06,,
318,319,489,1.4339287707887394e-05,,
319,320,490,7.700822206369029e-05,,
319,320,491,7.700822206369029e-05,,
320,321,492,5.710067570996458e-07,,
321,322,493,2.861473197968145e-05,,
322,326,494,0.00034994228365092805,,
322,323,495,8.329008876428734e-05,,
323,324,496,0.00013775081705580394,,
324,325,497,0.0001248422181642228,,
325,326,498,4.059159666613965e-06,,
326,327,499,1.9544460191922575e-05,,
327,328,500,1.5096314755380646e-05,,
328,329,501,6.914158875659382e-06,,
329,330,502,2.4163370453855748e-05,,
330,331,503,1.3187617316390288e-05,,
331,332,504,6.360893016499336e-05,,
332,333,505,0.00012323451512041839,,
333,334,506,0.0006194449627408005,,
334,335,507,0.0003647368671604312,,
334,339,508,0.0012666667563112632,,
335,340,509,0.0016789116412782024,,
335,336,510,3.6083376484530305e-06,,
336,337,511,0.00037172401837803903,,
337,345,512,0.005408862046624163,,
337,338,513,1.35045200799766e-07,,
338,339,514,0.0005264624879235402,,
339,340,515,0.0007769817521273703,,
340,341,516,0.0009860212957046866,,
341,342,517,0.0013207021873472558,,
342,343,518,0.0008033409865010332,,
342,352,519,0.0087940553228395,,
343,344,520,0.00015297674332270805,,
343,351,521,0.006320545222913587,,
344,345,522,0.0008422415484967694,,
344,654,523,0.2024783298827595,,
345,346,524,0.0002832304567645938,,
346,347,525,0.0006371418803345907,,
346,695,526,0.2519875267051288,,
347,348,527,0.0024173097777786534,,
347,349,528,0.003011450511464453,,
348,349,529,0.0005941407336857996,,
348,359,530,0.08670442628658837,,
349,350,531,0.0009390965070612545,,
350,358,532,0.07830472785461118,,
350,358,534,0.07830472785461118,,
350,351,533,0.00045440757546921784,,
351,352,535,0.0016701691134248797,,
352,353,536,0.00014046025044478494,,
353,354,537,0.0018330104420718474,,
354,355,538,0.02926583165363117,,
354,652,539,0.18897690910276954,,
355,356,540,0.008434024773913862,,
355,544,541,0.12593295041441355,,
356,357,542,0.014469513568247772,,
356,357,543,0.014469513568247772,,
357,359,544,0.02890377166863778,,
358,360,545,0.010338112205226513,,
359,363,546,0.004352679060775078,,
360,361,547,0.0006914430647350089,,
360,382,548,0.003900692019104368,,
361,362,549,0.00018888607148448422,,
361,362,550,0.00018888607148448422,,
362,363,551,6.989105592047906e-07,,
363,364,552,0.0007034363999726123,,
364,365,553,3.228336994298697e-05,,
364,370,554,0.0018311226067786457,,
365,366,555,0.00020424921997175272,,
365,374,556,0.002250417037274355,,
366,367,557,0.0006259931921296369,,
366,383,558,0.002080451401860528,,
367,369,559,0.0008765031761061026,,
367,368,560,0.0002050787997129877,,
368,369,561,0.0006714243763931149,,
368,371,562,0.0012005118123434855,,
369,370,563,9.209364862816649e-05,,
370,371,564,0.00043699378732220406,,
371,373,565,1.3467145744794351e-05,,
372,374,566,4.128217203858142e-06,,
373,377,567,1.4477760086117897e-05,,
373,375,568,4.281108331394279e-06,,
374,375,569,3.164240959696585e-06,,
375,376,570,6.402357599188946e-06,,
376,396,571,4.788253645870988e-05,,
376,377,572,3.794294155534672e-06,,
377,378,573,7.772444103659737e-06,,
378,386,574,1.7366249245531762e-05,,
378,379,575,4.645336539876865e-06,,
379,380,576,4.1250979793128195e-06,,
379,381,577,6.541740314669475e-06,,
380,381,578,2.4166423353566557e-06,,
380,385,579,7.58694083846656e-06,,
381,382,580,1.2067514630897946e-06,,
382,383,581,7.564194222098308e-07,,
383,384,582,9.424456841600204e-07,,
384,385,583,2.264681933650259e-06,,
384,389,584,9.97516143874666e-06,,
385,386,585,1.0088738878755166e-06,,
386,387,586,5.807305900717985e-06,,
387,388,587,4.818510479509541e-09,,
387,390,588,4.150440587324944e-06,,
388,389,589,8.894812060233903e-07,,
388,393,590,6.028703759874965e-06,,
389,390,591,3.256140870822044e-06,,
390,391,592,9.599272243754342e-08,,
391,392,593,1.3466961856778425e-06,,
391,399,594,1.9991825429332977e-05,,
392,393,595,4.403927749141445e-07,,
392,395,596,5.293582275411879e-06,,
393,394,597,1.5268732709294852e-06,,
394,395,598,3.326316229568249e-06,,
394,397,599,9.740597350926805e-06,,
395,396,600,2.2555312824135143e-06,,
396,397,601,4.158749838945042e-06,,
397,398,602,6.631981380511576e-06,,
398,399,603,3.0528446637312356e-07,,
398,400,604,2.014431249364179e-06,,
399,400,605,1.7091467829910556e-06,,
400,401,606,1.0783146310755498e-05,,
401,413,607,4.277635516003464e-05,,
401,402,608,1.0023713508111598e-06,,
402,403,609,1.4805987216259808e-05,,
402,415,610,6.980062009032117e-05,,
403,404,611,8.434976456195287e-07,,
403,404,612,8.434976456195287e-07,,
404,405,613,2.781034457499665e-06,,
405,406,614,8.502481362859804e-06,,
405,408,615,1.0585537207119522e-05,,
406,407,616,4.86192535897878e-07,,
406,432,617,0.00015120604721907682,,
407,408,618,1.59686330836184e-06,,
407,431,619,0.00014892570310487407,,
408,409,620,3.0881054614573245e-06,,
409,410,621,8.163014150186498e-07,,
409,434,622,0.0001633806786041081,,
410,424,623,0.00010509944247383274,,
410,411,624,8.908150580522189e-07,,
411,412,625,7.090271413212612e-06,,
411,430,626,0.0001379949944805281,,
412,413,627,8.724339349841514e-07,,
412,421,628,4.8000435696748944e-05,,
413,414,629,8.094425024030016e-06,,
414,415,630,1.9932211257067678e-05,,
414,433,631,0.00013261039058642954,,
415,416,632,1.8568960904463694e-06,,
416,417,633,6.7303657629302904e-06,,
416,426,634,7.655239031034711e-05,,
417,418,635,3.002450631006681e-06,,
417,421,636,1.0514103627290439e-05,,
418,447,637,0.000475863353665007,,
418,419,638,3.3660513554245597e-07,,
419,433,639,0.00010075186170943606,,
419,420,640,5.424503028761407e-06,,
420,421,641,1.7505448319798944e-06,,
420,425,642,5.754217094033898e-05,,
421,422,643,4.207380036280739e-05,,
422,428,644,1.976701218320276e-05,,
422,423,645,4.074760081573814e-06,,
423,427,646,1.3200989192774237e-05,,
423,424,647,2.969359861437759e-06,,
424,425,648,6.67370580254012e-06,,
425,426,649,3.5162948117672954e-06,,
426,427,650,4.162871702906301e-08,,
427,428,651,2.491262908854708e-06,,
428,429,652,2.970649490730004e-06,,
429,430,653,1.809282533382639e-05,,
429,445,654,0.0003412216073246377,,
430,431,655,4.538623381455942e-06,,
431,432,656,1.79415157830487e-06,,
432,433,657,4.339751518367407e-06,,
433,434,658,1.3006041172380911e-05,,
434,435,659,1.379298675430185e-05,,
435,442,660,0.0002661244296151555,,
435,436,661,7.98699653703494e-06,,
436,437,662,3.410995069064171e-06,,
436,441,663,0.0001556783973271081,,
437,438,664,1.2421932768846844e-05,,
437,444,665,0.00027319493970257014,,
438,439,666,6.073634232306446e-05,,
438,439,667,6.073634232306446e-05,,
439,440,668,4.663526204629065e-05,,
440,441,669,3.247386511984196e-05,,
440,448,670,0.0002340295723251007,,
441,442,671,0.00010245903575101245,,
442,443,672,6.5092857363113765e-06,,
443,444,673,1.1959215957202396e-05,,
443,446,674,2.074636105053873e-05,,
444,445,675,1.0642962773310671e-06,,
445,446,676,7.722848816005268e-06,,
446,447,677,5.459578249134012e-05,,
447,448,678,1.7245242176056053e-05,,
448,449,679,0.00011978264192447075,,
449,450,680,0.00026072452814296376,,
449,450,681,0.00026072452814296376,,
450,451,682,0.00011049297423337823,,
451,452,683,0.00010205645416072606,,
451,548,684,0.06806980919674865,,
452,453,685,0.0018550431090900155,,
452,490,686,0.027312875700178596,,
453,454,687,0.0011753388211859228,,
453,497,688,0.02778046970344228,,
454,455,689,0.0003019068162641858,,
454,482,690,0.023734634916265263,,
455,457,691,0.0036674516583609096,,
455,456,692,0.0012995501388768371,,
456,458,693,0.005902798763205985,,
456,458,694,0.005902798763205985,,
457,495,695,0.021028514317588898,,
457,502,696,0.03371016210040756,,
457,458,697,0.003534897243721913,,
458,459,698,0.005626718349152626,,
459,460,699,0.003192700317113939,,
459,469,700,0.009134662127571969,,
460,461,701,0.00015870549870755646,,
460,487,702,0.007694459281877508,,
461,488,703,0.007556529930967226,,
461,462,704,0.00015467887424158722,,
461,478,705,0.0070735697627918315,,
462,476,706,0.006793824080708388,,
462,463,707,0.0015428909125144719,,
463,473,708,0.004955236376842365,,
463,464,709,1.1515079451740462e-05,,
464,465,710,1.2087908968672068e-05,,
464,474,711,0.0050376086210104365,,
465,477,712,0.005349722238693122,,
465,466,713,3.321323896621209e-05,,
466,475,714,0.00515793196009684,,
466,467,715,9.36384321527095e-05,,
467,480,716,0.005262091174515704,,
467,468,717,0.0016783008275956801,,
468,484,718,0.003859291952976074,,
468,491,719,0.004302370594128524,,
468,469,720,0.0022569310378594,,
469,470,721,0.00019308045716937006,,
470,471,722,0.00023797041992668078,,
470,471,723,0.00023797041992668078,,
471,472,724,7.913838038942078e-05,,
472,529,725,0.02300307628043108,,
472,473,726,0.0003593605943624789,,
473,474,727,9.388732361981234e-05,,
474,475,728,0.00016562448702128751,,
475,476,729,3.618498071045195e-05,,
476,477,730,0.00012239205891961813,,
477,478,731,2.6747489222378462e-06,,
478,479,732,2.510235006125683e-05,,
479,481,733,0.00011486148327655155,,
479,480,734,1.1443507958008858e-05,,
480,481,735,0.00010341797531854269,,
481,482,736,3.8721436814492805e-05,,
482,483,737,5.827073944031369e-05,,
483,484,738,7.509145448270083e-05,,
483,485,739,9.146297776552181e-05,,
484,485,740,1.6371523282820988e-05,,
485,486,741,4.4542337473751914e-05,,
486,487,742,8.922269554623163e-05,,
486,489,743,0.00017968895983544453,,
487,488,744,2.0776147797274547e-05,,
488,489,745,6.969011649193835e-05,,
489,490,746,0.00017389383912236323,,
490,491,747,2.8581981438069448e-05,,
491,492,748,3.2924209666385096e-05,,
492,493,749,0.00011827793365404293,,
493,494,750,0.0005078501250997958,,
493,494,751,0.0005078501250997958,,
494,495,752,2.7744772453042188e-05,,
495,496,753,7.156766865445974e-05,,
496,497,754,0.001535690421387903,,
496,498,755,0.0017355116554791383,,
497,498,756,0.0001998212340912353,,
498,499,757,3.6434499861570657e-06,,
499,535,758,0.024050500044756618,,
499,500,759,0.00033886873920130345,,
500,501,760,0.00039791634802444076,,
500,501,761,0.00039791634802444076,,
501,502,762,0.010134139921473162,,
502,503,763,0.0011993491386710353,,
503,504,764,0.0038068503652943786,,
503,536,765,0.015810613758993508,,
504,505,766,0.00010113897240393577,,
504,538,767,0.014884258794000793,,
505,528,768,0.002904622914369437,,
505,506,769,0.0015804437462824117,,
506,507,770,8.15264879905353e-06,,
506,507,771,8.15264879905353e-06,,
507,508,772,5.519081855864805e-06,,
508,509,773,5.02099641119802e-06,,
508,512,774,2.5127719116890823e-05,,
509,514,775,7.451980898942612e-05,,
509,510,776,1.1530542232018881e-05,,
510,517,777,6.880733186531707e-05,,
510,511,778,3.285016854648326e-06,,
511,518,779,7.985721658299028e-05,,
511,512,780,5.291163619025596e-06,,
511,519,781,8.428726762899075e-05,,
512,513,782,5.1745657529744804e-05,,
513,532,783,0.003292933321860758,,
513,514,784,2.66742875398851e-06,,
514,515,785,4.029582558850997e-06,,
515,516,786,5.280698154308539e-07,,
515,516,787,5.280698154308539e-07,,
516,517,788,1.2604127336279802e-06,,
517,518,789,1.4334901572321535e-05,,
518,519,790,4.430051046000472e-06,,
519,520,791,9.35120252898436e-06,,
520,521,792,3.85803666245188e-05,,
520,521,793,3.85803666245188e-05,,
521,522,794,0.00020536474660259874,,
522,523,795,1.939799108563456e-06,,
522,524,796,0.0004336512147442573,,
524,525,797,0.0003410439607843818,,
524,558,798,0.021469217838029908,,
525,526,799,8.282206826082383e-05,,
525,545,800,0.01727794268633609,,
526,533,801,0.004065310004176204,,
526,527,802,1.18692259338804e-05,,
527,531,803,0.002035750460344654,,
527,528,804,8.370082882580565e-05,,
528,529,805,8.741976721671207e-05,,
529,530,806,0.0009644236833075137,,
530,531,807,0.0009002061809946227,,
530,539,808,0.011608697282535774,,
531,532,809,0.00010724962955643846,,
532,533,810,0.0019104406883412306,,
533,534,811,9.641215478406462e-05,,
534,541,812,0.010251491864721296,,
534,535,813,0.0011014615411183426,,
535,536,814,0.003830387861606832,,
536,537,815,0.00035603237037040714,,
537,547,816,0.009543151182491827,,
537,540,817,0.0034474634964360984,,
538,539,818,0.000782043825832579,,
539,540,819,0.00014095664067226288,,
540,541,820,0.0015161465951896158,,
541,542,821,0.0005853080410205269,,
542,546,822,0.0023031427007655925,,
542,543,823,0.0007725445521857832,,
543,544,824,0.0011398687354482462,,
544,545,825,0.00028418526573914527,,
545,546,826,0.0001065441473924178,,
546,547,827,0.0016910903490799933,,
547,548,828,0.00034870378675255775,,
548,549,829,0.0008638381051628841,,
549,551,830,9.939217490217978e-05,,
549,550,831,6.629671421776173e-05,,
550,554,832,0.00011550089379341877,,
550,551,833,3.309546068441804e-05,,
551,552,834,2.973902037917142e-05,,
552,553,835,3.085460822727093e-06,,
552,553,836,3.085460822727093e-06,,
553,554,837,4.958095190710221e-05,,
554,555,838,0.00014228262929005808,,
555,557,839,0.00030049079063765305,,
555,556,840,0.00019781983346689458,,
556,656,841,0.035756086795431186,,
556,557,842,0.00010267095717075847,,
557,558,843,0.00021548377458269208,,
558,559,844,0.000202309113005672,,
559,560,845,6.615515832919527e-06,,
559,592,846,0.00022885981581310944,,
560,561,847,4.810908640417999e-05,,
560,561,848,4.810908640417999e-05,,
561,562,849,2.0515391853548337e-05,,
562,563,850,5.3524540827076805e-05,,
562,593,851,0.00015362840998101035,,
563,564,852,1.153701265632634e-06,,
563,606,853,0.00015002548356224388,,
564,574,854,4.2189972848327706e-05,,
564,565,855,2.4355144989662847e-06,,
565,566,856,4.04892676919566e-06,,
565,587,857,7.807754402355815e-05,,
566,567,858,6.848374392021128e-07,,
566,596,859,0.00010946516151988384,,
567,570,860,1.1150687562411221e-05,,
567,568,861,1.7862885501873649e-06,,
568,621,862,0.00018215101326490846,,
568,569,863,6.579569399978169e-06,,
569,570,864,2.7848296122456873e-06,,
569,622,865,0.00017807595337449023,,
570,571,866,1.1035992800279004e-05,,
571,572,867,5.573732619890137e-07,,
571,599,868,8.87339861903591e-05,,
572,573,869,4.927317467373626e-06,,
572,623,870,0.00016777065516460077,,
573,577,871,1.718418090113083e-05,,
573,574,872,7.349323048910783e-06,,
574,575,873,1.6655552882438585e-06,,
575,576,874,2.66748803001704e-06,,
575,578,875,8.698994909295266e-06,,
576,577,876,5.5018145339591484e-06,,
576,619,877,0.0001356710169204689,,
577,578,878,5.296923453190772e-07,,
578,579,879,7.16146841717169e-07,,
579,599,880,6.481927537282939e-05,,
579,580,881,1.530059242305093e-06,,
580,591,882,4.2015907059100854e-05,,
580,581,883,1.3421464704066466e-06,,
581,582,884,5.886786136444222e-06,,
581,586,885,2.0301536081235305e-05,,
582,583,886,1.288665999199523e-05,,
582,583,887,1.288665999199523e-05,,
583,584,888,2.5267607195456065e-07,,
584,598,889,4.27223896455331e-05,,
584,585,890,1.2592194800209455e-06,,
584,589,891,2.0103864822207385e-05,,
585,588,892,1.1139064867826676e-05,,
585,586,893,1.619440082034629e-08,,
586,587,894,4.068646840993395e-06,,
587,588,895,7.054223626012934e-06,,
588,589,896,7.705580474359763e-06,,
589,590,897,7.254883708229798e-07,,
590,624,898,0.00011308137611620861,,
590,591,899,8.1828519526983e-07,,
591,592,900,2.1249434407621948e-06,,
592,593,901,8.588258548769545e-09,,
593,594,902,8.783411987289824e-06,,
594,595,903,7.454043786658815e-06,,
594,597,904,8.765395872467607e-06,,
595,596,905,7.619791257962305e-07,,
595,633,906,0.0002659576608758929,,
596,597,907,5.493729600125619e-07,,
597,598,908,1.3924116981645085e-06,,
598,599,909,1.9855781419053642e-07,,
599,600,910,1.3947958008131423e-05,,
600,601,911,1.7728605656852636e-06,,
600,601,912,1.7728605656852636e-06,,
601,602,913,1.6546595094091288e-06,,
602,603,914,5.361490143185321e-06,,
602,610,915,2.311279404021427e-05,,
603,630,916,0.00021668293035470576,,
603,604,917,4.138671123810056e-06,,
604,605,918,1.1337283347678806e-06,,
604,624,919,6.411414249929415e-05,,
605,606,920,2.772469351208784e-06,,
605,626,921,7.307154608304778e-05,,
606,607,922,4.967879773332129e-06,,
607,631,923,0.0002043075521263038,,
607,608,924,1.7432840597741972e-06,,
608,633,925,0.00022556233840842488,,
608,609,926,5.19855191116747e-07,,
609,624,927,5.297692578909441e-05,,
609,610,928,2.4754160630191535e-06,,
610,611,929,5.850234608861804e-06,,
611,612,930,2.441886845838681e-06,,
611,628,931,0.0001269057902243409,,
612,634,932,0.0002182383380034958,,
612,613,933,5.045048135920993e-07,,
613,614,934,2.85216723561188e-06,,
613,626,935,5.179601537630418e-05,,
614,615,936,2.908188357353403e-06,,
614,637,937,0.0002594860144454758,,
615,616,938,1.5040766530027838e-06,,
615,635,939,0.0002346953734160273,,
616,617,940,5.827237065103574e-07,,
616,618,941,1.4037308995185072e-06,,
618,641,942,0.0012410971726333209,,
618,619,943,6.151026289424877e-06,,
619,620,944,4.8864067293541424e-06,,
620,621,945,4.026140706048231e-06,,
620,625,946,2.7633949203798025e-05,,
621,622,947,2.504509509559938e-06,,
622,623,948,4.072897464624248e-06,,
623,624,949,1.1395739613284661e-05,,
624,625,950,5.634661910280947e-06,,
625,626,951,4.456470008240565e-06,,
626,627,952,7.180379076399124e-05,,
627,635,953,0.00011685592286869717,,
627,628,954,3.5959242461469643e-07,,
628,629,955,8.845915948185734e-06,,
629,630,956,5.732968567628838e-05,,
629,632,957,6.586687910370426e-05,,
630,631,958,6.37370354716893e-07,,
631,632,959,7.899823072698986e-06,,
632,633,960,1.5098247269196285e-05,,
633,634,961,3.963392303907298e-06,,
634,635,962,2.27218958190889e-05,,
635,636,963,6.133717892820023e-06,,
636,638,964,3.717406177228266e-05,,
636,637,965,1.5748734779275075e-05,,
637,638,966,2.1425326993007587e-05,,
638,639,967,0.0003762581062780601,,
639,640,968,9.103218801875812e-05,,
639,970,969,0.11813564760538386,,
640,642,970,0.0016166216484752027,,
640,643,971,0.002363436159168897,,
641,648,972,0.009207435603583503,,
641,648,973,0.009207435603583503,,
642,644,974,0.0019245221565593607,,
642,646,975,0.005836433653389372,,
643,743,976,0.10066502674503508,,
643,653,977,0.02776660227859462,,
644,645,978,0.0020207364348863166,,
644,705,979,0.09389572139371505,,
645,646,980,0.0018911750619436951,,
645,647,981,0.0038113995500579367,,
646,648,982,0.0022530918345268214,,
647,649,983,0.00901436017060342,,
647,692,984,0.04241770733495742,,
648,649,985,0.00868149282419084,,
649,650,986,0.0014809771338777367,,
650,655,987,0.012341620919437135,,
650,651,988,0.002587671578181183,,
651,655,989,0.009753949341255952,,
651,652,990,0.0059367659096229985,,
652,654,991,0.0036902124944575565,,
653,1148,992,0.0888096379429616,,
653,1648,993,0.09087315885219294,,
653,1726,994,0.09104525958955967,,
654,655,995,0.00012697093717539687,,
655,656,996,0.0019770380539685384,,
656,657,997,0.002395904326303322,,
657,658,998,0.0011475270621770228,,
657,702,999,0.060529171944078586,,
658,659,1000,0.00010273371293578748,,
658,679,1001,0.002844767929115477,,
659,660,1002,3.1574581223825504e-05,,
659,677,1003,0.002176174243641915,,
660,661,1004,1.2221810508084019e-06,,
660,662,1005,3.2558868410248465e-06,,
661,662,1006,2.0337057902164446e-06,,
661,667,1007,0.00016074845006897043,,
662,663,1008,5.535945213352989e-07,,
663,664,1009,4.18987116810321e-05,,
663,670,1010,0.0002784471189635207,,
664,665,1011,3.0933286823575656e-05,,
664,668,1012,0.0001566665804008105,,
665,666,1013,7.982104837456205e-05,,
665,666,1014,7.982104837456205e-05,,
666,667,1015,5.508102878248877e-06,,
667,668,1016,4.040414232442391e-05,,
668,669,1017,2.903163441014822e-05,,
669,681,1018,0.0030012802047139076,,
669,670,1019,5.085019247152989e-05,,
670,671,1020,6.507197350880123e-05,,
671,672,1021,1.2304744160029912e-05,,
671,672,1022,1.2304744160029912e-05,,
672,673,1023,5.3222786746243145e-05,,
673,674,1024,0.000266579802858824,,
673,682,1025,0.0032227662526856937,,
674,683,1026,0.003152358121515264,,
674,675,1027,0.00017410148561491923,,
675,680,1028,0.0021971293970999284,,
675,676,1029,0.0008577774971131324,,
676,697,1030,0.05239338961715245,,
676,677,1031,0.00043328477209025884,,
677,678,1032,9.585247435139888e-05,,
678,679,1033,0.00047000749818637555,,
678,692,1034,0.011685519237661146,,
679,680,1035,0.00034020715535876267,,
680,681,1036,0.00018201982225363178,,
681,682,1037,0.00040293574485839034,,
682,683,1038,0.00019617167168839433,,
683,684,1039,0.0007436474279565175,,
684,685,1040,0.00022578460185007643,,
684,685,1041,0.00022578460185007643,,
685,686,1042,0.0004189259315970917,,
686,687,1043,8.48354123857975e-05,,
686,688,1044,0.0037358595319320065,,
687,690,1045,0.008089601635663857,,
687,688,1046,0.003651024119546209,,
688,689,1047,0.0012808998471747213,,
689,693,1048,0.027306705135572873,,
689,691,1049,0.0034349279622045703,,
690,691,1050,0.00027725029326164385,,
690,693,1051,0.024149027466629946,,
690,693,1052,0.024149027466629946,,
691,692,1053,0.00025413204260060773,,
692,693,1054,0.023617645130767695,,
693,694,1055,0.007070086456903879,,
694,745,1056,0.020789260586744907,,
694,695,1057,0.00023921719174457845,,
695,696,1058,0.00812792847559951,,
696,697,1059,0.0011238558780339858,,
696,698,1060,0.0036665490937768386,,
697,698,1061,0.002542693215742853,,
698,699,1062,0.001628610903595562,,
699,700,1063,0.00031493686304517876,,
699,785,1064,0.01641120237171667,,
700,701,1065,0.0002044936475396053,,
700,758,1066,0.011041314178446116,,
701,703,1067,0.0004544057986128891,,
701,840,1068,0.016712238863870743,,
702,703,1069,2.508348274421479e-06,,
702,709,1070,0.0015362530241425087,,
703,704,1071,9.025976196119778e-05,,
704,742,1072,0.005450187991642652,,
704,705,1073,0.00023174475026643826,,
705,706,1074,9.02397125144283e-05,,
706,764,1075,0.011623594668520698,,
706,707,1076,8.968879010073927e-05,,
707,863,1077,0.01627926601171925,,
707,708,1078,0.00023984466539617166,,
708,709,1079,0.000791966995629112,,
708,748,1080,0.006430301450011111,,
708,744,1081,0.005250774162326,,
709,710,1082,2.6837280048708223e-05,,
710,753,1083,0.008140826796059208,,
710,711,1084,6.584893706151895e-05,,
711,712,1085,0.00026990054774378436,,
711,765,1086,0.01056814410004936,,
712,778,1087,0.012995648794536407,,
712,713,1088,0.0003390978847365167,,
713,768,1089,0.01090210273294645,,
713,714,1090,0.00012529313010845033,,
714,751,1091,0.006729017855577113,,
714,715,1092,0.00018047294705691996,,
715,773,1093,0.011876913685709978,,
715,716,1094,0.00010553913898614375,,
716,784,1095,0.012497324908281149,,
716,717,1096,0.00023602054660543104,,
717,870,1097,0.014216619403261466,,
717,718,1098,2.7620249473336855e-05,,
718,789,1099,0.012759519782024276,,
718,794,1100,0.012917883211981618,,
718,719,1101,3.4193709998020516e-05,,
718,770,1102,0.010577560468423175,,
719,793,1103,0.01287085012376532,,
719,775,1104,0.011725837756130564,,
719,720,1105,5.4151304950234014e-05,,
719,797,1106,0.012928427442991497,,
720,782,1107,0.01208475964898792,,
720,721,1108,0.00021232690359407336,,
721,722,1109,3.4206820889837175e-05,,
721,781,1110,0.011762770417559132,,
722,770,1111,0.01024268172899101,,
722,723,1112,0.00013324662311575697,,
723,725,1113,7.515402981128627e-05,,
723,724,1114,5.2275482254615646e-05,,
724,964,1115,0.01746779990201819,,
724,725,1116,2.2878547556670625e-05,,
725,726,1117,5.9110316163568655e-05,,
726,774,1118,0.010963409795158308,,
726,727,1119,6.410396593992118e-06,,
727,737,1120,0.0005213426316568182,,
727,728,1121,8.207600525089731e-05,,
728,729,1122,5.6936582141897674e-05,,
728,790,1123,0.012125349639348082,,
729,740,1124,0.0012694936957036163,,
729,730,1125,9.81417864731604e-06,,
730,759,1126,0.007036394869282758,,
730,731,1127,3.7193226884002506e-05,,
731,779,1128,0.011226644634491634,,
731,732,1129,8.248056873128018e-05,,
732,733,1130,3.855427190091465e-05,,
732,771,1131,0.010409534264914644,,
733,734,1132,2.783322536437094e-05,,
733,776,1133,0.010897720977985692,,
734,861,1134,0.01281582625478661,,
734,735,1135,4.1360139241830574e-05,,
735,736,1136,0.00010518824962313378,,
735,763,1137,0.00775011397964398,,
736,1135,1138,0.01780098997329138,,
736,737,1139,3.9906183871174505e-05,,
737,738,1140,7.647781012198873e-05,,
738,761,1141,0.007034518793147426,,
738,739,1142,0.000320475293346445,,
739,772,1143,0.009869116258125032,,
739,741,1144,0.0008319348663001769,,
740,767,1145,0.008192854146942263,,
740,796,1146,0.010943729150507897,,
741,761,1147,0.005882108633500804,,
741,742,1148,0.0002710417093727546,,
742,743,1149,0.00037315446407815145,,
743,744,1150,7.894962488297352e-05,,
744,745,1151,0.0001605667702657687,,
745,746,1152,0.000826385036812205,,
746,752,1153,0.0023627307943190345,,
746,747,1154,0.0001837945303722055,,
746,769,1155,0.006429166619303928,,
747,756,1156,0.0031238595632888666,,
747,748,1157,8.780950234932305e-06,,
748,749,1158,0.00010117595789105316,,
749,754,1159,0.002897962438133672,,
749,750,1160,0.001639106331169815,,
750,757,1161,0.0014510238356211236,,
750,751,1162,0.0001773788918332242,,
750,786,1163,0.006593880222421911,,
751,752,1164,0.0002524941328178043,,
752,753,1165,0.00035917430801402084,,
753,754,1166,0.00046980877429880774,,
754,755,1167,2.0058236569586718e-05,,
755,787,1168,0.0054371822031069605,,
755,756,1169,9.588198045962226e-05,,
756,757,1170,7.622751162805752e-05,,
757,758,1171,1.9029477361542924e-05,,
758,759,1172,0.0003219823458349147,,
759,760,1173,0.00044468238870687404,,
760,761,1174,2.4352108964897923e-06,,
760,995,1175,0.010088014878723572,,
761,762,1176,0.00047799324504627094,,
762,770,1177,0.0018584278833339019,,
762,763,1178,1.602969783398578e-05,,
763,764,1179,0.0003903012726506061,,
764,867,1180,0.0049451828630938666,,
764,765,1181,0.0001587360997649112,,
765,766,1182,0.0009225410173747672,,
766,767,1183,3.419862441900179e-06,,
766,775,1184,0.0015532907934150408,,
767,768,1185,1.6996185560724797e-05,,
768,769,1186,0.0002711382105418103,,
769,770,1187,7.926553716519624e-05,,
770,771,1188,0.0007092744632636316,,
771,772,1189,0.00010937716668024677,,
772,773,1190,0.0001115216522780127,,
773,774,1191,5.8065753036018464e-05,,
774,775,1192,0.00019423196244749974,,
775,776,1193,5.3544450530185195e-05,,
776,777,1194,8.238781281855179e-05,,
777,880,1195,0.0029548651545501237,,
777,778,1196,8.56411680922875e-05,,
778,779,1197,3.985983496290757e-05,,
779,780,1198,2.548106200472855e-05,,
780,783,1199,0.00015088856513079119,,
780,781,1200,1.6496541564214873e-05,,
781,782,1201,0.00010966232783471419,,
782,783,1202,2.4729695731862122e-05,,
783,784,1203,3.584975253434486e-05,,
784,785,1204,0.0002933066126277195,,
785,786,1205,6.887557921386733e-05,,
786,787,1206,0.0001222163242184937,,
787,788,1207,3.0605367780101034e-06,,
788,792,1208,0.00010371638591877286,,
788,789,1209,3.837661698380401e-05,,
789,790,1210,5.6705967691472736e-05,,
790,791,1211,6.724674666003239e-07,,
791,793,1212,8.81456165809924e-05,,
791,792,1213,7.961333776895785e-06,,
792,793,1214,8.018428280409662e-05,,
793,794,1215,1.2839378218276742e-05,,
794,795,1216,2.3323894364990494e-05,,
795,796,1217,1.9828432374469074e-05,,
795,888,1218,0.002249785718280606,,
796,797,1219,1.585614268440061e-06,,
797,798,1220,1.3045877370720937e-05,,
798,799,1221,1.6980937971311505e-05,,
798,878,1222,0.0015622672558812667,,
799,800,1223,7.712549618954512e-06,,
799,800,1224,7.712549618954512e-06,,
800,801,1225,4.202614762194301e-06,,
801,802,1226,2.779882244519083e-05,,
801,988,1227,0.005224190795184325,,
802,803,1228,2.444211964813814e-05,,
802,914,1229,0.0035593791130721364,,
803,1157,1230,0.005878903379400224,,
803,804,1231,6.9268841642600165e-06,,
804,805,1232,5.9023134554303525e-06,,
804,886,1233,0.0020792253050356813,,
805,928,1234,0.0039907409646714465,,
805,806,1235,2.8767261533890753e-05,,
806,807,1236,1.2478132360715932e-06,,
806,1059,1237,0.005600137835858332,,
807,1466,1238,0.007069058901843284,,
807,808,1239,8.494665848957084e-06,,
808,815,1240,4.9003261086366656e-05,,
808,809,1241,8.132249838976868e-06,,
809,891,1242,0.0022710999885259264,,
809,913,1243,0.003437520223878665,,
809,810,1244,1.405500611573185e-05,,
810,922,1245,0.0037396550437213127,,
810,811,1246,3.1034590908252113e-06,,
811,1079,1247,0.0056192488416175745,,
811,812,1248,8.208271370935272e-06,,
812,813,1249,1.0070442532095214e-06,,
812,1425,1250,0.006577362459820324,,
813,814,1251,1.447068091464665e-05,,
813,1063,1252,0.005568682887939991,,
814,1190,1253,0.005852914348754457,,
814,815,1254,2.6549502041284256e-08,,
815,816,1255,3.387548078714886e-05,,
816,980,1256,0.004933865561499107,,
816,947,1257,0.004441971609785655,,
816,817,1258,1.5224861449780747e-05,,
816,912,1259,0.003354089764962098,,
817,1066,1260,0.005509761473664665,,
817,818,1261,3.4397883034165133e-06,,
818,1226,1262,0.005862426528463693,,
818,819,1263,4.885690888745131e-06,,
819,1490,1264,0.0072324477418892474,,
819,820,1265,7.08585712438925e-06,,
820,972,1266,0.004810390852760693,,
820,821,1267,6.340035301977132e-06,,
821,952,1268,0.004479693307994692,,
821,822,1269,2.7995428442118e-07,,
822,847,1270,0.0002729474324466574,,
822,938,1271,0.004136758903385607,,
822,823,1272,2.755093760575811e-06,,
822,943,1273,0.004320043554334019,,
822,1019,1274,0.005274946115050638,,
823,936,1275,0.004099911832544545,,
823,824,1276,2.0095961437816e-05,,
824,1262,1277,0.005900093289012087,,
824,825,1278,1.5530323012047376e-06,,
825,826,1279,1.1851695322473432e-05,,
825,837,1280,8.351755946378603e-05,,
826,955,1281,0.0044781973598215785,,
826,827,1282,9.730655435635782e-06,,
827,828,1283,9.582648268224858e-07,,
827,1005,1284,0.00512802054278938,,
828,896,1285,0.0024511466904413304,,
828,1473,1286,0.007009600961499829,,
828,829,1287,7.870600120529758e-06,,
829,976,1288,0.0047862639258797746,,
829,830,1289,3.7920605377994576e-07,,
830,895,1290,0.0021647191044157355,,
830,831,1291,6.408382594580431e-07,,
831,1100,1292,0.005518959211274321,,
831,832,1293,1.5103381314274245e-05,,
832,833,1294,1.8129164620406257e-05,,
832,908,1295,0.0030341633965651482,,
833,834,1296,2.276451518401501e-07,,
833,950,1297,0.004377963820731523,,
834,1321,1298,0.005996878790670124,,
834,951,1299,0.004386698270941514,,
834,835,1300,3.144473377458823e-06,,
835,836,1301,1.490916940571907e-06,,
835,915,1302,0.003272861079917977,,
836,1706,1303,0.007777869392327164,,
836,873,1304,0.001007721871483458,,
836,910,1305,0.003155267101536685,,
836,837,1306,1.39907180405352e-05,,
837,838,1307,4.8392720053414e-07,,
837,1072,1308,0.005392659240665565,,
838,903,1309,0.0026630534943092865,,
838,839,1310,1.047130821363318e-05,,
839,885,1311,0.0016980148740159962,,
839,870,1312,0.000841844329139696,,
839,840,1313,3.029029205237066e-07,,
840,841,1314,1.3907303423321693e-05,,
841,842,1315,1.7527827422592068e-05,,
841,932,1316,0.0038267030415302106,,
842,979,1317,0.004718571617399636,,
842,843,1318,3.728851177164927e-06,,
843,866,1319,0.0006059679277152785,,
843,918,1320,0.003319181234530344,,
843,918,1323,0.003319181234530344,,
843,905,1321,0.0026409639477157354,,
843,844,1322,5.5250288278463344e-05,,
844,1052,1324,0.005237470054877402,,
844,845,1325,4.0297736734418166e-05,,
845,846,1326,2.2675784998149595e-05,,
845,1569,1327,0.007284528781081434,,
846,938,1328,0.0038641913260534233,,
846,993,1329,0.004793702542350342,,
846,847,1330,3.7985511447402587e-07,,
847,848,1331,2.9459987387236986e-05,,
848,889,1332,0.0017471129650238337,,
848,849,1333,7.530616457196437e-06,,
849,1065,1334,0.005176059128262356,,
849,850,1335,5.501581745726014e-08,,
850,852,1336,3.7207031997832374e-05,,
850,950,1337,0.004157038662075951,,
850,851,1338,4.855268835313176e-06,,
851,981,1339,0.004600262642559305,,
851,852,1340,3.23517631625192e-05,,
852,853,1341,1.1095329727650594e-05,,
853,895,1342,0.0018616181998405423,,
853,1396,1343,0.005959363076770252,,
853,925,1344,0.003349653504423067,,
853,854,1345,2.3022593318433593e-06,,
854,941,1346,0.003924981507736236,,
854,929,1347,0.003484285716736757,,
854,855,1348,1.5565670899997386e-05,,
855,1064,1349,0.005107694906352878,,
855,1016,1350,0.0048863184044868335,,
855,856,1351,1.4987701244195684e-05,,
856,1000,1352,0.004740043332559618,,
856,857,1353,4.796472978907396e-06,,
857,945,1354,0.004001761328811915,,
857,858,1355,4.8168330902376155e-05,,
858,1075,1356,0.005068559254657767,,
858,859,1357,2.791163314930234e-05,,
859,1071,1358,0.005027955871385603,,
859,1014,1359,0.004782575611549045,,
859,877,1360,0.0007877372498955593,,
859,860,1361,4.71665617830519e-05,,
860,2130,1362,0.008250359627058113,,
860,861,1363,1.2042432429471006e-05,,
861,862,1364,6.239350716086278e-06,,
862,1338,1365,0.005591329157469405,,
862,935,1366,0.003561166006552652,,
862,1456,1367,0.00632770598330723,,
862,962,1368,0.004203396934416848,,
862,863,1369,0.0001050699193330118,,
863,1010,1370,0.004569394308004515,,
863,883,1371,0.0010985766777540373,,
863,987,1372,0.004357668599516584,,
863,864,1373,5.304219667612298e-05,,
864,942,1374,0.0035974111969629963,,
864,865,1375,3.6557118733848704e-05,,
865,993,1376,0.0043341250576702794,,
865,866,1377,2.8166633024184762e-05,,
866,867,1378,8.205678136041783e-05,,
867,868,1379,8.462911698337017e-05,,
868,1015,1380,0.004332216488987406,,
868,869,1381,2.858154207829866e-05,,
869,899,1382,0.0016412857190911678,,
869,879,1383,0.00038213011584364853,,
869,931,1384,0.0029906554411895936,,
869,870,1385,5.1420760587284065e-06,,
870,871,1386,6.598713047645255e-06,,
871,1030,1387,0.004376981839594674,,
871,1041,1388,0.00444661555355319,,
871,1128,1389,0.004669473988833772,,
871,872,1390,3.8847892404381135e-05,,
872,953,1391,0.003478495712985974,,
872,873,1392,9.548498343703304e-05,,
873,874,1393,1.895295573361988e-05,,
874,967,1394,0.0036621007218297086,,
874,875,1395,6.280557211912896e-05,,
874,999,1396,0.003993228778561342,,
875,1029,1397,0.004158097253645909,,
875,923,1398,0.0024745237360557226,,
875,893,1399,0.0009889398742328748,,
875,876,1400,4.131950199681711e-05,,
876,940,1401,0.002933971361210208,,
876,877,1402,3.50339019803414e-05,,
877,878,1403,4.989161173440948e-05,,
878,879,1404,2.8052907331543864e-05,,
879,880,1405,0.000284841690454396,,
880,881,1406,3.347848198265169e-05,,
881,1136,1407,0.004008793589407977,,
881,882,1408,8.402557174291836e-05,,
881,900,1409,0.0009825558281670865,,
882,1228,1410,0.004106372512284517,,
882,883,1411,1.0674288741796545e-06,,
883,884,1412,7.436449255959765e-05,,
884,1169,1413,0.0039304941726225895,,
884,885,1414,1.404839477636699e-06,,
885,886,1415,9.778656534153995e-05,,
886,887,1416,4.781460138825189e-05,,
887,986,1417,0.0030348098213228702,,
887,888,1418,2.2195923299328513e-07,,
888,889,1419,8.680550250139696e-05,,
889,890,1420,2.5759157867843996e-05,,
890,960,1421,0.0026214960104242735,,
890,891,1422,8.381776641308569e-05,,
891,892,1423,1.2626411741378796e-05,,
892,1212,1424,0.00365039873937667,,
892,1096,1425,0.0033964304331316475,,
892,1137,1426,0.003497261898588122,,
892,893,1427,6.274816118922999e-07,,
893,894,1428,4.638049188554483e-05,,
894,930,1429,0.0016411586347480078,,
894,904,1430,0.0005576991184071955,,
894,895,1431,1.181919297099654e-06,,
895,896,1432,0.0002781777798512852,,
896,897,1433,2.1895818949735357e-05,,
897,1032,1434,0.00282772241719087,,
897,898,1435,3.6525684369848044e-05,,
898,997,1436,0.0025442201960627076,,
898,1056,1437,0.0029036107877989936,,
898,899,1438,4.035195770424327e-05,,
899,900,1439,4.1720397356614924e-05,,
900,901,1440,2.8797668001456778e-05,,
901,1001,1441,0.0024692524755155487,,
901,902,1442,5.6843442572951375e-05,,
902,934,1443,0.001371930390410614,,
902,978,1444,0.002121964363260509,,
902,1145,1445,0.002956330723702716,,
902,945,1446,0.0016734824846201812,,
902,903,1447,4.723270599249485e-05,,
903,904,1448,4.971744311466075e-06,,
904,905,1449,1.8876902252218386e-05,,
905,906,1450,0.00020811633492490156,,
906,977,1451,0.0018384946876689456,,
906,907,1452,5.529633512935117e-05,,
907,911,1453,0.0002565926913399297,,
907,908,1454,4.6381740306578045e-05,,
908,909,1455,0.00013730064400818698,,
909,916,1456,0.0001833555713958157,,
909,910,1457,6.795261053627044e-06,,
910,911,1458,6.611504597153761e-05,,
911,912,1459,1.5205011782981614e-06,,
912,913,1460,8.683966882028216e-06,,
913,914,1461,3.7945581467746514e-05,,
914,915,1462,1.8379659411094096e-06,,
915,916,1463,6.045724890146875e-05,,
916,917,1464,3.3293414586021974e-05,,
917,926,1465,0.0003107047941496299,,
917,918,1466,1.4473246463753142e-05,,
918,919,1467,4.8408191881010865e-05,,
919,1431,1468,0.0030011263142424305,,
919,920,1469,6.681810400954724e-05,,
920,973,1470,0.0012301789505230198,,
920,921,1471,5.272835144687349e-05,,
921,1239,1472,0.002230409305993386,,
921,922,1473,2.2772126084813493e-07,,
922,923,1474,1.622769386500078e-05,,
923,924,1475,2.9056392977677703e-05,,
924,946,1476,0.0007111185493059446,,
924,925,1477,2.095746096464346e-05,,
925,926,1478,6.180763128027511e-05,,
926,927,1479,6.213000049648532e-05,,
927,1066,1480,0.0016558435977278574,,
927,928,1481,2.0974479242319433e-07,,
928,929,1482,1.2787095076349786e-05,,
929,930,1483,1.5006939222850235e-05,,
930,931,1484,8.634424752262948e-05,,
931,932,1485,1.3555553603494808e-05,,
932,933,1486,9.667890788955802e-05,,
933,968,1487,0.0007322679485869399,,
933,934,1488,3.968771475015842e-05,,
934,935,1489,2.4850809305920762e-06,,
935,936,1490,4.025092483206372e-06,,
936,937,1491,3.3711248430989826e-05,,
937,1007,1492,0.0010532527939228764,,
937,938,1493,3.807286494961204e-07,,
938,939,1494,1.649000414960522e-05,,
939,940,1495,5.453283930867414e-06,,
939,940,1496,5.453283930867414e-06,,
940,941,1497,0.0001268769894360311,,
941,942,1498,7.419959339283189e-06,,
942,943,1499,2.7044414092625146e-05,,
943,944,1500,1.5732107120358663e-06,,
944,956,1501,0.0003023306232401435,,
944,945,1502,7.609208205483498e-05,,
945,946,1503,4.0115949750951785e-07,,
946,947,1504,6.60541583452634e-06,,
947,948,1505,2.517059627160645e-05,,
948,984,1506,0.0005627771514633562,,
948,949,1507,2.5085024252247123e-05,,
949,966,1508,0.00031658091307962266,,
949,950,1509,1.2060671227720476e-05,,
950,951,1510,8.96209536183079e-06,,
951,952,1511,3.4195441639406354e-06,,
952,953,1512,5.250176244975258e-06,,
953,954,1513,2.748355064396968e-05,,
954,963,1514,0.00023915894188419884,,
954,955,1515,2.306062044432622e-06,,
955,956,1516,0.00010949424564254961,,
956,957,1517,2.91181839717769e-06,,
957,1086,1518,0.0009231587810859532,,
957,958,1519,1.9552198943117993e-05,,
958,982,1520,0.00027725275938850213,,
958,959,1521,1.3014841300451607e-05,,
959,965,1522,0.00010139124962371682,,
959,960,1523,3.7349306222900225e-05,,
960,961,1524,2.8266992711412087e-05,,
961,1009,1525,0.0004859228744202859,,
961,962,1526,1.5830215824852445e-05,,
962,963,1527,1.0433260797304555e-05,,
963,964,1528,8.616782066428463e-06,,
964,965,1529,8.946920008190418e-07,,
965,966,1530,1.0734459485739478e-05,,
966,967,1531,1.1154521933232076e-05,,
967,968,1532,6.030508758469999e-06,,
968,969,1533,4.802214771393309e-07,,
969,1013,1534,0.0004490753910222356,,
969,970,1535,1.884242678107384e-06,,
970,971,1536,1.2285913028486917e-05,,
971,972,1537,3.834992624573985e-07,,
971,1054,1538,0.000649350217719169,,
972,973,1539,1.515938509077941e-05,,
973,974,1540,1.7936975738042094e-07,,
974,975,1541,1.2547546364372053e-05,,
974,1152,1542,0.0008735062840365959,,
975,2248,1543,0.0041967291746611846,,
975,976,1544,9.422064698005883e-06,,
976,977,1545,8.395085459023122e-07,,
977,978,1546,4.271988110482461e-06,,
978,979,1547,2.2995807802406176e-05,,
979,980,1548,2.742284060275324e-05,,
980,981,1549,1.8501589356789694e-05,,
981,982,1550,8.553201511829478e-06,,
982,983,1551,1.8503057322205585e-05,,
983,1049,1552,0.0004895389609873568,,
983,984,1553,5.049594783068656e-05,,
984,985,1554,1.8980398726053949e-06,,
985,1312,1555,0.001066932733567727,,
985,986,1556,2.741534405714674e-06,,
986,987,1557,2.9116016726504768e-06,,
987,988,1558,2.6163950728186336e-07,,
988,989,1559,8.67461137543657e-06,,
989,1420,1560,0.0014493609203365398,,
989,990,1561,2.0776737639782716e-05,,
990,1376,1562,0.0011973083463656664,,
990,991,1563,3.115861986202617e-06,,
991,996,1564,6.550088991685854e-05,,
991,992,1565,2.4406560208523054e-05,,
992,1012,1566,0.00016072869325711725,,
992,993,1567,8.820362846440055e-06,,
993,994,1568,1.131138980392521e-05,,
994,995,1569,2.0859556112751143e-05,,
994,1115,1570,0.0005339082652940919,,
995,996,1571,1.030209452190789e-07,,
996,997,1572,2.1890063637286516e-06,,
997,998,1573,6.6328960481865096e-06,,
998,999,1574,6.4685457449309425e-06,,
998,1062,1575,0.0003753622808917445,,
999,1000,1576,1.7359843168418543e-05,,
1000,1001,1577,5.441017553620142e-06,,
1001,1002,1578,1.4630750077015975e-06,,
1002,1045,1579,0.0002824087978129386,,
1002,1003,1580,1.5840293061675226e-05,,
1003,1011,1581,6.028697027937735e-05,,
1003,1004,1582,7.644720075306033e-06,,
1004,1043,1583,0.00025478268928424974,,
1004,1005,1584,1.2423497479097101e-05,,
1005,1006,1585,4.4495940039190884e-06,,
1006,1448,1586,0.001604901943267345,,
1006,1007,1587,1.1174393607982225e-05,,
1007,1008,1588,7.584867869669942e-06,,
1008,1038,1589,0.0002015699235042856,,
1008,1009,1590,1.3749583752886707e-05,,
1009,1010,1591,9.746343252459155e-07,,
1010,1011,1592,2.285679165270338e-06,,
1011,1012,1593,3.952716321142802e-06,,
1012,1013,1594,2.0114149134276005e-05,,
1013,1014,1595,1.6310494662219455e-05,,
1014,1015,1596,4.610988477926625e-06,,
1015,1016,1597,3.2676661850805644e-06,,
1016,1017,1598,6.961896892310193e-08,,
1017,1093,1599,0.0003017677197018065,,
1017,1018,1600,3.494193296815773e-06,,
1018,1036,1601,0.00013004260486615404,,
1018,1019,1602,8.900554232194047e-06,,
1019,1020,1603,1.0168748411087947e-05,,
1020,1055,1604,0.00016769068100930262,,
1020,1021,1605,9.46249036082314e-06,,
1021,1022,1606,1.195875676263114e-06,,
1021,1022,1607,1.195875676263114e-06,,
1022,1023,1608,1.3039600176512067e-05,,
1023,1027,1609,2.035216584628241e-05,,
1023,1024,1610,6.634252375681271e-06,,
1024,1102,1611,0.00027056318743778895,,
1024,1025,1612,5.062909589126363e-06,,
1025,1142,1613,0.0003541701885763082,,
1025,1026,1614,3.6538575549638352e-06,,
1026,1213,1615,0.0004984366798406192,,
1026,1027,1616,5.001146326510941e-06,,
1027,1028,1617,6.065743360705866e-06,,
1028,1029,1618,6.277843022650664e-06,,
1028,1078,1619,0.00018765972461920466,,
1029,1030,1620,2.793182254601234e-06,,
1030,1031,1621,3.372585468452982e-06,,
1031,1755,1622,0.0026653049970685183,,
1031,1032,1623,3.528003844621708e-08,,
1032,1033,1624,2.8932566895401024e-05,,
1033,1034,1625,8.697375961652654e-06,,
1033,1475,1626,0.0017018394668046888,,
1034,1413,1627,0.0010076521450581577,,
1034,1035,1628,1.8548310867227968e-06,,
1035,1089,1629,0.0001661723106759494,,
1035,1036,1630,8.89376207435788e-06,,
1036,1037,1631,1.4956366496399198e-06,,
1037,1050,1632,3.6027715938358185e-05,,
1037,1038,1633,1.2019576987043479e-06,,
1038,1039,1634,1.7437019173005552e-06,,
1039,1513,1635,0.0019469634833677585,,
1039,1040,1636,7.51742253679577e-06,,
1040,1484,1637,0.0017767756207746066,,
1040,1041,1638,5.88859363104266e-06,,
1041,1962,1639,0.003038147042574213,,
1041,1042,1640,2.1010727810910623e-06,,
1042,1043,1641,3.296219530657396e-07,,
1042,1434,1642,0.0011357254783526116,,
1043,1044,1643,4.069566932773938e-06,,
1044,1593,1644,0.002173938397164066,,
1044,1045,1645,7.152845893365622e-08,,
1045,1046,1646,6.2040722058620545e-06,,
1046,1587,1647,0.002154401728168942,,
1046,1047,1648,4.206677206131104e-06,,
1047,1058,1649,3.784031566167467e-05,,
1047,1048,1650,1.1664118171328397e-07,,
1048,1076,1651,8.891785274289798e-05,,
1048,1049,1652,6.715244869059944e-07,,
1049,1050,1653,1.9053349480380177e-06,,
1050,1051,1654,1.1971268625732279e-05,,
1051,1052,1655,1.481323578689242e-06,,
1051,1124,1656,0.00018368119340395062,,
1052,1053,1657,2.962189786348546e-06,,
1053,1054,1658,2.711281367639984e-06,,
1053,1147,1659,0.00023478181395919506,,
1054,1055,1660,6.796284002241748e-08,,
1055,1056,1661,7.3181401734068174e-06,,
1056,1057,1662,6.18555267095644e-06,,
1057,1082,1663,6.658902236966746e-05,,
1057,1058,1664,2.4490960022216512e-06,,
1058,1059,1665,1.5020942294441397e-06,,
1059,1060,1666,3.330152113178997e-06,,
1060,1426,1667,0.001023652640050443,,
1060,1061,1668,3.3519429163408887e-06,,
1061,1181,1669,0.00028675846632175706,,
1061,1062,1670,5.785747271502828e-06,,
1062,1063,1671,3.2571953534343834e-07,,
1063,1064,1672,8.042610353253821e-07,,
1064,1065,1673,2.138914134697245e-06,,
1065,1066,1674,1.73298320826909e-06,,
1066,1067,1675,4.461470058170214e-06,,
1067,1348,1676,0.0006493610951013862,,
1067,1068,1677,7.737957279374541e-07,,
1068,1069,1678,2.5073202174485942e-06,,
1068,1175,1679,0.0002569523421692699,,
1069,1734,1680,0.0024448755750704487,,
1069,1070,1681,1.0762192707014506e-06,,
1070,1304,1682,0.0005396556172377887,,
1070,1071,1683,3.4344006902831126e-06,,
1071,1072,1684,5.975339026909054e-07,,
1072,1462,1685,0.001389488504703773,,
1072,1073,1686,5.510318984991436e-06,,
1073,1158,1687,0.00020184140858625632,,
1073,1074,1688,5.734093278864094e-06,,
1074,1075,1689,8.498039563153981e-07,,
1074,1114,1690,9.85836324902678e-05,,
1075,1076,1691,7.2774077314319285e-06,,
1076,1077,1692,1.3968803270758556e-06,,
1077,1110,1693,8.085770749943766e-05,,
1077,1078,1694,1.5410715938912745e-06,,
1078,1079,1695,1.514163935345536e-06,,
1079,1080,1696,4.430864408599966e-06,,
1080,1195,1697,0.0002572388269638237,,
1080,1081,1698,1.12842955346526e-06,,
1081,1082,1699,2.9343382861313216e-06,,
1081,1200,1700,0.00026650388358140376,,
1082,1083,1701,2.0421420476868235e-06,,
1083,1222,1702,0.00029684136120478044,,
1083,1084,1703,8.154524614112368e-06,,
1084,1237,1704,0.0003179687906657014,,
1084,1085,1705,4.901057635842143e-06,,
1085,1141,1706,0.00012220038047772164,,
1085,1086,1707,2.0220037866280904e-06,,
1086,1087,1708,1.8983346127265932e-06,,
1087,1594,1709,0.0020447686563025425,,
1087,1088,1710,1.4268147933149677e-06,,
1088,1089,1711,2.3577110819239522e-08,,
1088,1090,1712,1.5437349529801025e-06,,
1089,1423,1713,0.0009240271178273529,,
1090,1091,1714,2.53719908260841e-06,,
1090,1401,1715,0.0007755465260802508,,
1091,1885,1716,0.002743719171417469,,
1091,1092,1717,1.2942353169176357e-06,,
1092,1161,1718,0.00016353278211345135,,
1092,1093,1719,5.6007806955582495e-06,,
1093,1094,1720,6.635626103035364e-07,,
1094,1207,1721,0.00024368915760519805,,
1094,1095,1722,2.390572495292176e-06,,
1095,1548,1723,0.001899468190207254,,
1095,1096,1724,7.80931682653474e-07,,
1096,1097,1725,1.3739267497037133e-06,,
1097,1219,1726,0.00026021349399973914,,
1097,1098,1727,1.3212242676585717e-06,,
1098,2117,1728,0.0031820149522578944,,
1098,1099,1729,2.8587093836573985e-07,,
1099,1836,1730,0.0026215533479325703,,
1099,1100,1731,3.6593828252051708e-06,,
1100,1101,1732,5.017517834327023e-06,,
1101,1740,1733,0.002383990873113251,,
1101,1102,1734,6.198192861850416e-06,,
1102,1103,1735,2.6643983916940783e-06,,
1103,1104,1736,8.666043354033093e-07,,
1103,1291,1737,0.00042200948726323073,,
1104,1105,1738,2.958915023110187e-06,,
1104,1164,1739,0.0001464873651879639,,
1105,1106,1740,2.316978676142334e-06,,
1105,1114,1741,1.7908745144068483e-05,,
1106,1107,1742,2.5343175666936446e-06,,
1106,1346,1743,0.0005450235919146618,,
1107,1108,1744,3.956609001765088e-06,,
1107,1280,1745,0.0003723723547101043,,
1108,1109,1746,6.845422013679325e-07,,
1108,1242,1747,0.0002796515768938024,,
1109,1110,1748,2.144647220925222e-07,,
1109,1225,1749,0.00023428371690248362,,
1109,1263,1750,0.00032296173482504464,,
1110,1111,1751,8.775878190814268e-07,,
1111,1112,1752,2.7566070409656973e-06,,
1111,1464,1753,0.0012971224000382087,,
1112,1113,1754,4.199833298024203e-06,,
1112,1186,1755,0.00016252187129395246,,
1113,1114,1756,3.6780481793563524e-07,,
1113,1114,1757,3.6780481793563524e-07,,
1114,1115,1758,1.0808423974717485e-06,,
1115,1116,1759,1.149086080953765e-06,,
1116,1117,1760,1.1729861154607946e-06,,
1116,1186,1761,0.0001557243046995671,,
1117,1118,1762,9.92700418978032e-07,,
1117,1353,1763,0.000541750250735662,,
1118,1119,1764,7.200167045917638e-07,,
1118,1232,1765,0.00023614890067225058,,
1119,1120,1766,4.7279598269778234e-07,,
1119,1235,1767,0.0002411322555427864,,
1120,1123,1768,1.2884013019354157e-05,,
1120,1121,1769,2.660406190013731e-06,,
1121,1291,1770,0.00039202638887048114,,
1121,1122,1771,6.54458929338908e-06,,
1122,1123,1772,3.6790175359513455e-06,,
1122,1331,1773,0.0004867134841834986,,
1123,1124,1774,3.8260719970040213e-07,,
1124,1125,1775,4.01771453684141e-06,,
1125,1126,1776,3.160281625280703e-08,,
1125,1437,1777,0.0009520194459122777,,
1126,1127,1778,4.836302197608333e-07,,
1126,1227,1779,0.0002129735794720311,,
1127,1764,1780,0.002403890504826478,,
1127,1128,1781,2.9969855235290055e-06,,
1128,1129,1782,7.781375007231972e-06,,
1129,1130,1783,1.2634556372237427e-06,,
1129,1279,1784,0.0003216748527417046,,
1130,1131,1785,3.3014080532689505e-06,,
1130,1318,1786,0.00042923113455484163,,
1131,1132,1787,9.253347416082747e-07,,
1131,1356,1788,0.0005117198602586637,,
1132,1133,1789,2.6877189716056904e-06,,
1132,1289,1790,0.00035715019181181695,,
1133,1173,1791,9.499505074339609e-05,,
1133,1134,1792,2.9620341943648043e-06,,
1134,1135,1793,7.233343918944257e-06,,
1134,1320,1794,0.00042568861514447054,,
1135,1136,1795,1.8744292242800498e-06,,
1136,1137,1796,4.1626063209676545e-06,,
1137,1138,1797,1.145832644322553e-07,,
1138,1139,1798,5.841907031456373e-07,,
1138,1364,1799,0.0005092525881768006,,
1139,1140,1800,4.054536539843667e-07,,
1139,1209,1801,0.00014275079964931603,,
1140,1141,1802,1.065173707015532e-07,,
1140,1929,1803,0.0027220256816680166,,
1141,1142,1804,4.4838157560178615e-06,,
1142,1143,1805,2.6878566611321375e-06,,
1143,1144,1806,8.714773658269337e-07,,
1143,1303,1807,0.0003544562452985067,,
1144,1145,1808,2.3175719400247985e-06,,
1144,1291,1809,0.0003324446409003201,,
1145,1146,1810,3.4989022950071558e-06,,
1146,1147,1811,7.521257441300833e-07,,
1146,1185,1812,8.368894511645575e-05,,
1147,1148,1813,1.3543000207949518e-06,,
1148,1149,1814,1.3885173091310321e-06,,
1149,1151,1815,3.3812531510246657e-06,,
1149,1150,1816,1.2400765980746797e-06,,
1150,1151,1817,2.141176552949986e-06,,
1150,1459,1818,0.0011881272409288712,,
1151,1152,1819,1.6837173555384055e-06,,
1152,1153,1820,3.318898836646156e-06,,
1153,1332,1821,0.0004179403846726881,,
1153,1154,1822,4.299731141799157e-06,,
1154,1155,1823,1.4295581869383511e-06,,
1154,2148,1824,0.0031034700691119355,,
1155,1156,1825,7.324366626537682e-07,,
1155,1398,1826,0.0006239827436397283,,
1156,1157,1827,5.032985048281091e-06,,
1156,1295,1828,0.00031677935805407564,,
1157,1158,1829,5.031032648261657e-07,,
1158,1159,1830,9.049026765239887e-06,,
1159,1160,1831,4.248723691757661e-06,,
1159,1256,1832,0.00019286475340796194,,
1160,1290,1833,0.0002890459080248098,,
1160,1161,1834,1.0207229841352472e-06,,
1161,1162,1835,5.848574899824932e-06,,
1162,1163,1836,3.129933296652787e-06,,
1162,1362,1837,0.0004431775129011273,,
1162,1282,1838,0.0002498038343853315,,
1163,1164,1839,4.799040566050294e-06,,
1163,1247,1840,0.00016067557007448663,,
1164,1165,1841,1.0061129590566154e-06,,
1165,1166,1842,8.510387959903554e-07,,
1165,1247,1843,0.00015487041654937972,,
1166,1167,1844,7.051887888076536e-07,,
1166,1308,1845,0.0003128189582513041,,
1167,1168,1846,4.730072325043189e-06,,
1167,1200,1847,5.7876827032621314e-05,,
1168,1169,1848,2.6600392657449845e-06,,
1168,2197,1849,0.003168906734611676,,
1169,1170,1850,6.874260094491547e-08,,
1170,1171,1851,1.1861355326825418e-06,,
1170,1300,1852,0.00027851622778984897,,
1171,1172,1853,1.6917563527840684e-07,,
1171,1826,1854,0.002429934922002941,,
1172,1173,1855,3.4311324559332945e-07,,
1172,1479,1856,0.0014014725019418917,,
1173,1174,1857,1.8011150022534395e-06,,
1174,1857,1858,0.0024763778867213926,,
1174,1175,1859,3.683841618418171e-07,,
1175,1176,1860,9.288861814171767e-07,,
1176,1177,1861,3.0889847624226974e-07,,
1176,1267,1862,0.0001804685420048191,,
1177,1178,1863,3.4941428377344153e-06,,
1177,1202,1864,4.553782572547238e-05,,
1178,1179,1865,2.7256510268802714e-06,,
1178,1547,1866,0.0017064565505920948,,
1179,1328,1867,0.00034811941875867447,,
1179,1180,1868,2.3342047239527375e-06,,
1180,1181,1869,3.991449935014657e-06,,
1180,1439,1870,0.0008698963849997909,,
1181,1182,1871,3.959516863272228e-07,,
1182,1587,1872,0.001817016128034088,,
1182,1183,1873,6.298263599546772e-07,,
1183,1184,1874,5.711803523489323e-07,,
1183,1296,1875,0.00025539362346127525,,
1184,1342,1876,0.00036754321657683775,,
1184,1185,1877,2.446986297921505e-06,,
1185,1343,1878,0.0003687855844742849,,
1185,1186,1879,6.182319661762747e-07,,
1186,1187,1880,3.0858962689617186e-06,,
1187,1606,1881,0.0018556902100527184,,
1187,1188,1882,4.992859689023632e-06,,
1188,1912,1883,0.00257303458927971,,
1188,1189,1884,1.762134248850522e-06,,
1189,1989,1885,0.002713171392391245,,
1189,1190,1886,3.5520753446371955e-06,,
1190,1191,1887,1.1835840292295785e-06,,
1191,1357,1888,0.0003802604499687501,,
1191,1192,1889,1.8620632954435834e-06,,
1192,1409,1890,0.0005814635570985383,,
1192,1193,1891,3.919090530990488e-07,,
1193,1387,1892,0.00048562702722865225,,
1193,1867,1893,0.0024611126303937247,,
1193,1194,1894,6.077905189139088e-07,,
1194,1273,1895,0.00017102007673142072,,
1194,1195,1896,2.7284080006406697e-07,,
1195,1215,1897,3.6663586921559244e-05,,
1195,1196,1898,6.0902790612882285e-06,,
1196,1294,1899,0.00022329590610592476,,
1196,1197,1900,1.5613968544769818e-06,,
1197,1298,1901,0.0002286057769635974,,
1197,1198,1902,1.368445742389035e-06,,
1198,1330,1903,0.00031530372061061573,,
1198,1199,1904,1.2968191750450941e-06,,
1199,1236,1905,6.452911122711846e-05,,
1199,1200,1906,7.654533784595685e-08,,
1200,1201,1907,9.225928532252681e-08,,
1201,1266,1908,0.00013442698410193188,,
1201,2047,1909,0.0028094400814380194,,
1201,1202,1910,1.333018345706094e-07,,
1202,1203,1911,3.4010897588254707e-06,,
1203,1920,1912,0.0025746227457947857,,
1203,1354,1913,0.0003574435883173521,,
1203,1204,1914,2.384352841056092e-06,,
1204,1305,1915,0.00023471904739869043,,
1204,1205,1916,2.6206030193653973e-06,,
1205,1288,1917,0.00019469431258034575,,
1205,1206,1918,7.027877656495818e-07,,
1206,1450,1919,0.001006726405267,,
1206,1207,1920,2.8696079538148567e-06,,
1207,1735,1921,0.002147568730128002,,
1207,1735,1922,0.002147568730128002,,
1207,1208,1923,1.536031610349653e-06,,
1208,1790,1924,0.0022899593913277005,,
1208,1209,1925,2.22735403576646e-06,,
1209,1210,1926,2.402815032276351e-06,,
1210,1238,1927,5.535935826272986e-05,,
1210,1849,1928,0.002400486438060123,,
1210,1211,1929,5.230228989128172e-06,,
1211,1329,1930,0.0002902237656110529,,
1211,1212,1931,2.0542231502496122e-06,,
1212,1213,1932,4.78068779008467e-07,,
1213,1214,1933,8.545550111982436e-08,,
1214,1311,1934,0.0002386368988130938,,
1214,1215,1935,5.192119401087325e-08,,
1215,1216,1936,4.077645766376037e-06,,
1216,1348,1937,0.00031473716142405017,,
1216,1217,1938,4.6249715190960217e-07,,
1217,2391,1939,0.0038530546969055557,,
1217,1218,1940,1.1105504797992438e-06,,
1218,1378,1941,0.0004026624947773838,,
1218,1219,1942,1.3529756321961628e-06,,
1219,1220,1943,1.0070689979713165e-06,,
1220,1363,1944,0.00034193349715172516,,
1220,1221,1945,1.4460926844872546e-07,,
1221,1286,1946,0.00016666526892283873,,
1221,1222,1947,8.885099099797955e-07,,
1222,1223,1948,1.600377192989555e-06,,
1223,2243,1949,0.0031825263931635206,,
1223,1224,1950,5.669161344812323e-07,,
1224,1773,1951,0.0022291822524860283,,
1224,1225,1952,2.3272953224573456e-06,,
1225,1226,1953,7.5586392767057475e-06,,
1226,1227,1954,2.4518862632438854e-06,,
1227,1228,1955,1.406306392448542e-07,,
1228,1229,1956,1.9200699574728475e-06,,
1229,1938,1957,0.0025662683740106385,,
1229,1230,1958,1.0953785822831463e-06,,
1230,1373,1959,0.00036008545856491825,,
1230,1231,1960,1.3803628264863477e-06,,
1231,1386,1961,0.0004161124403847527,,
1231,1232,1962,1.3012893529396052e-07,,
1232,1233,1963,3.1861565853441576e-06,,
1233,1414,1964,0.000553158108570706,,
1233,1234,1965,1.8609956724535692e-06,,
1234,1454,1966,0.000993013571661594,,
1234,1235,1967,6.562193173298425e-07,,
1235,1236,1968,4.2635512262911845e-06,,
1236,1237,1969,1.4334614295563597e-07,,
1237,1238,1970,9.13364936749872e-06,,
1238,1239,1971,1.6915888022550618e-06,,
1239,1240,1972,3.576875959865333e-07,,
1240,1494,1973,0.001368562270985696,,
1240,1241,1974,5.328733072018643e-06,,
1241,1375,1975,0.0003424642720035731,,
1241,1242,1976,3.3842935270866903e-06,,
1242,1243,1977,4.270567530606506e-06,,
1243,1292,1978,0.00012628695030003634,,
1243,1244,1979,2.927074769232263e-06,,
1244,2239,1980,0.0031254626293106824,,
1244,1245,1981,5.336516748499776e-07,,
1245,1336,1982,0.0002377801554058756,,
1245,1360,1983,0.00027852446013687526,,
1245,1246,1984,1.7252816018054062e-06,,
1245,1246,1985,1.7252816018054062e-06,,
1246,1247,1986,1.4889219583924529e-06,,
1247,1248,1987,2.2837667956743246e-06,,
1248,1344,1988,0.0002452265360103345,,
1248,1249,1989,1.9061613465432004e-07,,
1249,1276,1990,6.500846916446257e-05,,
1249,1250,1991,5.70558727164272e-06,,
1250,1489,1992,0.0013090803624261627,,
1250,1251,1993,2.373729747207065e-07,,
1251,1325,1994,0.00019922793671678374,,
1251,1252,1995,8.665956626741078e-07,,
1252,1380,1996,0.0003412690332705859,,
1252,1253,1997,4.023529107666235e-07,,
1253,1402,1998,0.00043107434961298097,,
1253,1254,1999,2.0072538516879845e-06,,
1254,1260,2000,1.8259332676073825e-05,,
1254,1255,2001,1.4041035536482838e-06,,
1255,1646,2002,0.0018382459956608477,,
1255,1256,2003,4.843579305635615e-06,,
1256,2188,2004,0.0029858770903319343,,
1256,1257,2005,2.8940938481269995e-06,,
1257,1349,2006,0.0002313912864705392,,
1257,1258,2007,5.838478898012589e-06,,
1258,1404,2008,0.00041985167483071795,,
1258,1259,2009,3.41183564955827e-07,,
1259,1306,2010,0.00012721524967007625,,
1259,1260,2011,2.937893505694511e-06,,
1260,1261,2012,8.870245573611157e-07,,
1261,2188,2013,0.0029729784159577832,,
1261,2286,2014,0.0032297343868026296,,
1261,1262,2015,1.9927446293088735e-07,,
1262,1263,2016,2.010025299536977e-06,,
1263,1264,2017,1.8112295200323203e-06,,
1264,1852,2018,0.002292857226171008,,
1264,1265,2019,4.213608414072034e-06,,
1265,1622,2020,0.0017465481956954187,,
1265,1266,2021,7.840923466062577e-09,,
1266,1267,2022,3.281355357431792e-07,,
1267,1268,2023,1.3522431642210009e-06,,
1268,1556,2024,0.0015525243716366655,,
1268,1269,2025,6.4364770118174874e-06,,
1269,1408,2026,0.00042438711964987164,,
1269,1270,2027,1.6571929423170317e-06,,
1270,1895,2028,0.0023731536222393323,,
1270,1271,2029,9.178622940586578e-07,,
1271,1272,2030,3.4033463069960135e-06,,
1271,1436,2031,0.0006182023488563448,,
1272,2313,2032,0.003297951522093223,,
1272,2311,2033,0.0032932303404054064,,
1272,1273,2034,1.1739249117903583e-05,,
1273,1274,2035,3.8375397526380084e-08,,
1274,1728,2036,0.001971267781111896,,
1274,1275,2037,9.215780025773057e-07,,
1275,2093,2038,0.0027428239492627293,,
1275,1345,2039,0.0001819935043793075,,
1275,2267,2040,0.0031059590163922124,,
1275,1276,2041,1.6065108663365635e-06,,
1276,1277,2042,1.9195207403566172e-06,,
1277,1465,2043,0.0009663269419069032,,
1277,1278,2044,2.501401012322546e-06,,
1278,1902,2045,0.0023711484777033665,,
1278,1279,2046,2.441200387837128e-06,,
1279,1280,2047,3.4736970443427495e-06,,
1280,1281,2048,7.234797842703422e-06,,
1281,2315,2049,0.0032768692045375136,,
1281,1282,2050,9.448618918384e-07,,
1282,1283,2051,7.360600527972494e-07,,
1283,1470,2052,0.0010278370323596464,,
1283,1284,2053,2.941774657982954e-06,,
1284,1507,2054,0.0013425561988702484,,
1284,1285,2055,2.2341009761062125e-06,,
1285,1299,2056,4.0685803598283776e-05,,
1285,1286,2057,1.3743088337014875e-05,,
1286,1287,2058,6.668749974458876e-08,,
1287,1661,2059,0.0017859189767286399,,
1287,1288,2060,2.1685148496874973e-06,,
1288,1289,2061,7.421954349995374e-06,,
1289,1290,2062,3.0605950321893616e-06,,
1290,1291,2063,4.078814617169968e-07,,
1291,1292,2064,8.330320643290534e-07,,
1292,1293,2065,3.155598796267256e-06,,
1293,1585,2066,0.0015647356713794913,,
1293,1294,2067,7.87717972183799e-07,,
1294,1295,2068,3.71538096466395e-06,,
1295,1296,2069,9.445054647283513e-07,,
1296,1297,2070,2.1590847667507518e-06,,
1297,1369,2071,0.000172609236811061,,
1297,1385,2072,0.00023311600143993694,,
1297,1298,2073,5.229651600657803e-08,,
1298,1299,2074,2.169465523005343e-06,,
1299,1300,2075,6.482271763808001e-08,,
1300,1301,2076,2.834796795969652e-06,,
1301,1485,2077,0.0011595952164779044,,
1301,1302,2078,6.541690082961793e-07,,
1302,1663,2079,0.0017622970049007147,,
1302,1303,2080,3.7692564425206854e-06,,
1303,1304,2081,4.380288097682872e-06,,
1304,1305,2082,9.932858250349952e-07,,
1305,1306,2083,8.937545255771617e-06,,
1306,1307,2084,5.172194533775709e-07,,
1307,1343,2085,8.987789726122575e-05,,
1307,1308,2086,4.0521266022608415e-06,,
1308,1309,2087,2.598228942662928e-06,,
1309,2057,2088,0.0025637734823277247,,
1309,1310,2089,4.528045624896393e-06,,
1310,1415,2090,0.0003581102772961531,,
1310,1311,2091,3.491861372162397e-06,,
1311,1312,2092,1.7106025829161098e-07,,
1312,1313,2093,5.420327001459668e-06,,
1313,1573,2094,0.0014778325680222526,,
1313,1314,2095,4.262910062724501e-07,,
1314,1467,2096,0.0008990984367100996,,
1314,1315,2097,1.5020794634779122e-06,,
1315,1316,2098,1.5838624147779257e-06,,
1315,1601,2099,0.0015428015500911219,,
1316,1451,2100,0.000749800137355372,,
1316,1317,2101,4.458990651601269e-06,,
1317,1412,2102,0.00031688043525957,,
1317,1318,2103,1.8438445215096522e-07,,
1318,1319,2104,3.6277019562769297e-06,,
1319,1630,2105,0.001618837147444152,,
1319,1442,2106,0.0006588043925479514,,
1319,1320,2107,2.706274594199698e-06,,
1320,1321,2108,4.77047412650311e-06,,
1321,1322,2109,1.8936792427481919e-06,,
1322,1472,2110,0.00093503842417475,,
1322,1323,2111,5.885503522984337e-06,,
1323,1920,2112,0.0022807636896131633,,
1323,1324,2113,4.000071043064324e-06,,
1324,1457,2114,0.0007702858740232799,,
1324,1325,2115,1.596863722030939e-06,,
1325,1326,2116,2.190250559030993e-06,,
1326,1394,2117,0.0002108202485442412,,
1326,1327,2118,3.4187610225000498e-06,,
1327,2336,2119,0.003221690128293986,,
1327,1522,2120,0.001275023854947932,,
1327,1328,2121,3.3529461074266464e-07,,
1328,1329,2122,4.797249719468155e-06,,
1329,1330,2123,1.0615836054661543e-07,,
1330,1331,2124,1.5176786720694224e-06,,
1331,1332,2125,1.9593458182587398e-06,,
1332,1333,2126,5.805080773857441e-07,,
1333,1833,2127,0.0020719255862370334,,
1333,1334,2128,1.9527718571055175e-06,,
1334,1966,2129,0.0023398094164563954,,
1334,1335,2130,4.6912770162998996e-06,,
1335,1722,2131,0.0017883992392818682,,
1335,1336,2132,5.371376238794134e-06,,
1336,1337,2133,6.011316384668675e-07,,
1337,1574,2134,0.001419381217282023,,
1337,1338,2135,1.7327343422302022e-06,,
1338,1339,2136,1.3770038158611442e-06,,
1339,1838,2137,0.002064571318823538,,
1339,1340,2138,8.76479101519223e-08,,
1340,2036,2139,0.00245695093106002,,
1340,1341,2140,1.6979842772935072e-06,,
1341,1468,2141,0.000836210043951735,,
1341,1342,2142,8.735431318296349e-07,,
1342,1343,2143,3.6893541953686437e-06,,
1343,1344,2144,2.884951649129164e-06,,
1344,1345,2145,3.5954280175332087e-07,,
1345,1346,2146,6.574530975189674e-08,,
1346,1347,2147,1.059265309688584e-06,,
1347,1440,2148,0.0005236485383065537,,
1347,1348,2149,6.526897817771271e-07,,
1348,1349,2150,2.5790627707911185e-06,,
1349,1350,2151,1.2810187099976389e-06,,
1350,1351,2152,7.63062920516866e-07,,
1350,1658,2153,0.0016327870173391545,,
1351,1352,2154,8.64262942656957e-06,,
1351,1388,2155,0.00013039237933698544,,
1352,1353,2156,7.436109634717525e-07,,
1352,1997,2157,0.0023553473633574074,,
1353,1354,2158,1.975946463783629e-06,,
1354,1355,2159,3.2949364090484323e-06,,
1355,1356,2160,2.703176960050513e-08,,
1355,1495,2161,0.001099437859644281,,
1356,1357,2162,2.3401527554645085e-06,,
1357,1358,2163,1.2955254493629553e-06,,
1358,1541,2164,0.0012693607096683213,,
1358,1359,2165,6.988278301589546e-07,,
1359,1360,2166,2.0209050989317134e-06,,
1359,1525,2167,0.0012232183778168038,,
1360,1361,2168,6.718001746008895e-07,,
1361,1362,2169,3.3899527787095707e-06,,
1361,1537,2170,0.0012551401884699498,,
1362,1363,2171,1.4049644685432128e-06,,
1363,1364,2172,5.670649998568145e-06,,
1364,1365,2173,7.153920785096801e-06,,
1365,1366,2174,5.396403062185584e-06,,
1365,1482,2175,0.0009814199447427674,,
1365,1779,2176,0.0018925021701019507,,
1366,1367,2177,7.38941928091208e-07,,
1366,1842,2178,0.0020098971822405387,,
1367,1368,2179,1.4623511744860096e-06,,
1367,1612,2180,0.001462500177659698,,
1368,1369,2181,1.7843041244525182e-06,,
1368,1650,2182,0.0015589550363688254,,
1369,1370,2183,5.408058900702173e-08,,
1370,1371,2184,8.772413180202498e-06,,
1370,1898,2185,0.00212702515094898,,
1371,1372,2186,5.772989668084705e-06,,
1371,1589,2187,0.001379611182463547,,
1372,1373,2188,4.0219450325729156e-08,,
1372,1961,2189,0.0022407285431172985,,
1373,1374,2190,8.883802594783496e-06,,
1374,1452,2191,0.0006129287922334026,,
1374,1375,2192,1.6274303877850116e-06,,
1375,1376,2193,7.196033153133996e-06,,
1376,1377,2194,8.09482358365976e-07,,
1377,1378,2195,3.0059305409224635e-06,,
1377,2327,2196,0.0030743886422540667,,
1377,2288,2197,0.0029252662424681386,,
1377,2306,2198,0.002990627620058306,,
1378,1379,2199,9.185225600893965e-06,,
1379,1380,2200,2.221819515035861e-06,,
1379,1983,2201,0.0022426100584349573,,
1380,1381,2202,1.8904366252403548e-06,,
1381,1382,2203,4.459171976778364e-06,,
1381,1865,2204,0.002000508238076848,,
1382,1383,2205,1.2649422880262051e-06,,
1382,1912,2206,0.002100668763174496,,
1383,1384,2207,8.134304896323385e-08,,
1383,1417,2208,0.0001784824236903404,,
1384,1385,2209,5.24144365132706e-06,,
1384,1432,2210,0.0002906311327413036,,
1385,1386,2211,1.1540282905064814e-05,,
1386,1387,2212,3.884955201316487e-06,,
1387,1388,2213,5.74752194060224e-06,,
1388,1389,2214,3.210218086024952e-06,,
1389,1746,2215,0.0017086213893633406,,
1389,1390,2216,8.519498599590669e-06,,
1389,1560,2217,0.001216837613981836,,
1390,1391,2218,4.013977646932787e-07,,
1390,1510,2219,0.0010463199330581485,,
1391,1392,2220,1.844361308334097e-05,,
1391,1915,2221,0.0020724421972686535,,
1392,1393,2222,2.9730872169730915e-06,,
1392,1535,2223,0.0011147157079498538,,
1393,1394,2224,2.444894498854211e-06,,
1393,1817,2225,0.00185204323551591,,
1394,1395,2226,3.4668278131588792e-06,,
1395,1396,2227,1.630716882083938e-06,,
1395,1919,2228,0.002057759395684866,,
1396,1397,2229,6.919761156520821e-06,,
1397,1398,2230,1.068582103358473e-06,,
1397,2349,2231,0.0030655749721584247,,
1397,1463,2232,0.0005711770908856106,,
1398,1399,2233,3.984874377693792e-06,,
1399,1400,2234,1.3802517129235525e-08,,
1399,1741,2235,0.0016352038522656764,,
1400,1401,2236,7.878874496158872e-07,,
1400,1520,2237,0.0010489906982278363,,
1401,1402,2238,2.2324100668047464e-06,,
1402,1403,2239,3.719795947820792e-06,,
1403,2106,2240,0.0023919954345129613,,
1403,1404,2241,2.0450387270276593e-06,,
1404,1405,2242,4.136650745056869e-06,,
1405,1406,2243,9.347253225100438e-06,,
1405,1416,2244,7.598636676697801e-05,,
1406,1504,2245,0.000966678787354458,,
1406,1407,2246,1.152476621435472e-05,,
1406,1463,2247,0.0005438407957260027,,
1407,1408,2248,5.1710594473064475e-08,,
1407,2300,2249,0.002841008318970828,,
1408,1409,2250,2.774311806508223e-06,,
1409,1410,2251,5.38968555940933e-06,,
1410,1411,2252,1.5300474133672637e-05,,
1410,2077,2253,0.002282463371811483,,
1410,1747,2254,0.0016185034425985068,,
1411,1412,2255,4.810434176549805e-06,,
1411,1988,2256,0.002103395742487413,,
1411,1629,2257,0.0013058177181737296,,
1411,1859,2258,0.0018428310441388485,,
1412,1413,2259,1.2257881762955947e-06,,
1413,1414,2260,1.4305995642560632e-05,,
1414,1415,2261,8.643586049683627e-06,,
1415,1416,2262,2.6123611883699382e-06,,
1416,1417,2263,1.0001453140340288e-05,,
1417,1418,2264,9.002825086978916e-06,,
1418,1419,2265,2.530050314808463e-06,,
1418,1518,2266,0.0009316690835037278,,
1419,1420,2267,1.8423528333699757e-05,,
1419,1439,2268,0.00018951793495869396,,
1419,2258,2269,0.002604813492256497,,
1419,1596,2270,0.0011621788227369478,,
1420,1421,2271,1.028133239522333e-05,,
1421,1429,2272,4.6433596650241604e-05,,
1421,1422,2273,3.658239124515461e-06,,
1422,1423,2274,4.942743255686999e-06,,
1422,2374,2275,0.0030337357188868763,,
1422,2373,2276,0.0030222408248264943,,
1423,1424,2277,1.299909485785733e-05,,
1424,1425,2278,3.335900391476798e-07,,
1424,2250,2279,0.0025404027068591795,,
1424,1714,2280,0.0013960801855600335,,
1425,1426,2281,6.516702700132271e-06,,
1426,1427,2282,1.1930022977946209e-05,,
1427,1428,2283,4.1899520670796164e-06,,
1427,1829,2284,0.0016718845233248958,,
1427,2223,2285,0.0024811223229034285,,
1428,2005,2286,0.0020105119250453107,,
1428,1429,2287,1.8632516278760392e-06,,
1429,1430,2288,4.013151074566679e-06,,
1430,2054,2289,0.00209061658166132,,
1430,1431,2290,3.8199105167890934e-06,,
1430,1676,2291,0.0012891275366919697,,
1431,1432,2292,1.7725657727618582e-05,,
1432,1433,2293,2.026318229764179e-06,,
1433,1493,2294,0.0006953883973742636,,
1433,1434,2295,8.95054531946382e-06,,
1434,1435,2296,6.685016608609651e-06,,
1435,1436,2297,1.434262311694745e-06,,
1435,1685,2298,0.0012705454672742311,,
1436,1437,2299,2.5419832579309798e-05,,
1437,1438,2300,4.422114844881975e-05,,
1438,1850,2301,0.0015877768860029784,,
1438,1440,2302,3.502627224583055e-05,,
1438,2213,2303,0.0023341900505906565,,
1438,2226,2304,0.0023631076311636523,,
1438,1439,2305,8.363476289297012e-08,,
1439,1444,2306,0.00013258838121343874,,
1440,1441,2307,4.9332253524325687e-05,,
1441,1442,2308,2.3621158131814646e-05,,
1441,1503,2309,0.0006042290402921147,,
1442,1443,2310,2.468918176390389e-05,,
1443,1444,2311,3.150310456945249e-09,,
1443,1772,2312,0.0013006696440854837,,
1443,1902,2313,0.0015727662635970363,,
1444,1445,2314,2.8867802165377654e-06,,
1445,1446,2315,6.388863999617911e-06,,
1445,1508,2316,0.0005620884887456157,,
1446,1447,2317,9.647918256305843e-06,,
1446,1873,2318,0.0014978740580224859,,
1447,1524,2319,0.0006059805713560795,,
1447,1448,2320,2.2406506693384287e-06,,
1448,1449,2321,1.0978481168932852e-05,,
1449,1450,2322,1.8191605264838984e-05,,
1449,1455,2323,6.802021787910562e-05,,
1450,1451,2324,7.698036097458782e-06,,
1451,1452,2325,1.1114368849929335e-05,,
1452,1453,2326,6.934485878518082e-06,,
1453,1454,2327,1.0738676409549619e-05,,
1453,1481,2328,0.00032552598826807166,,
1454,1455,2329,1.3343045378810814e-05,,
1455,1456,2330,2.8245932101045312e-06,,
1456,1457,2331,3.057646530524316e-06,,
1457,1458,2332,5.869648768808133e-06,,
1458,1459,2333,2.8091432036081443e-06,,
1458,1935,2334,0.001533583564943708,,
1459,1460,2335,9.461226211815443e-06,,
1460,1461,2336,2.1587355532037833e-06,,
1460,1705,2337,0.0009847917097938197,,
1461,1462,2338,1.5311814882679187e-06,,
1461,1682,2339,0.0009312878419209802,,
1462,1463,2340,5.685950313694121e-06,,
1463,1464,2341,4.4517446179392905e-06,,
1464,1465,2342,2.7427394389989423e-05,,
1465,1466,2343,1.2794825113737751e-05,,
1466,1467,2344,2.600969155797106e-05,,
1467,1468,2345,1.7386663676566272e-06,,
1468,1469,2346,7.463102925320264e-06,,
1469,1470,2347,3.083582271989904e-05,,
1469,1476,2348,0.0001399366141037195,,
1470,1471,2349,9.866401207370146e-06,,
1471,1472,2350,6.763441146140359e-06,,
1471,1762,2351,0.0010153386085622884,,
1472,1473,2352,3.343923189191855e-05,,
1473,1474,2353,1.498906428110125e-05,,
1474,1475,2354,6.946934501095292e-06,,
1474,1804,2355,0.0010598392727977357,,
1475,1476,2356,3.709571835619485e-05,,
1476,1477,2357,2.5219077370852716e-06,,
1477,1478,2358,9.963711475657888e-06,,
1477,1693,2359,0.0007236082797057453,,
1478,1479,2360,2.0814644313804642e-05,,
1478,1529,2361,0.00027071238989295754,,
1479,1480,2362,4.582196970970287e-06,,
1480,1703,2363,0.000714456619319237,,
1480,1481,2364,1.0341641625832843e-05,,
1481,1482,2365,3.1251725911563e-06,,
1482,1483,2366,8.000859130552485e-06,,
1483,1484,2367,9.894989693837175e-06,,
1483,1621,2368,0.0004957689945483956,,
1484,1485,2369,2.1735679415213482e-06,,
1485,1486,2370,1.5050648024206303e-05,,
1486,1613,2371,0.0004558570975635723,,
1486,1487,2372,1.152322989472765e-06,,
1487,1488,2373,4.5891268862785495e-06,,
1487,1718,2374,0.000695431971586391,,
1488,1489,2375,1.3773284373019834e-06,,
1488,1492,2376,2.9920581996245588e-05,,
1489,1490,2377,9.576395638033475e-06,,
1490,1491,2378,1.7933382770563e-05,,
1491,1492,2379,1.0334751503471296e-06,,
1491,1509,2380,9.700962934844348e-05,,
1492,1493,2381,4.911282072139755e-07,,
1493,1494,2382,2.609032457412397e-06,,
1494,1495,2383,1.9461926465735857e-05,,
1495,1496,2384,9.923912020370906e-06,,
1496,1497,2385,4.6768413405340326e-06,,
1496,1611,2386,0.0003784536778477232,,
1497,1498,2387,1.3449176060942314e-05,,
1497,1707,2388,0.0005986743054701149,,
1498,1499,2389,1.0946002926282006e-06,,
1498,1579,2390,0.00026752596201529144,,
1499,1500,2391,9.669155786040662e-06,,
1499,1657,2392,0.0004836398726719704,,
1500,1501,2393,5.850014738628673e-06,,
1500,1704,2394,0.000569116022547167,,
1501,1502,2395,2.9692545251425173e-06,,
1501,2021,2396,0.001252560349810583,,
1501,2212,2397,0.0016575084965658737,,
1501,2386,2398,0.0022640562810900544,,
1502,1503,2399,1.0206060268469486e-05,,
1502,1584,2400,0.00027125646213699284,,
1503,1504,2401,4.83479012380883e-07,,
1504,1505,2402,4.732658238637555e-06,,
1505,1506,2403,2.2372186558872187e-07,,
1505,1660,2404,0.00045848543981530376,,
1506,1532,2405,8.74594945993179e-05,,
1506,1507,2406,5.878171284168232e-07,,
1507,1508,2407,3.0320426311902793e-06,,
1508,1509,2408,6.51533315876307e-06,,
1509,1510,2409,9.329791058609871e-07,,
1510,1511,2410,2.768703114552906e-07,,
1511,1512,2411,2.9316829612824336e-06,,
1511,1517,2412,2.9886518456145872e-05,,
1512,1513,2413,9.666505641936496e-06,,
1512,1583,2414,0.0002335076280313153,,
1513,1514,2415,5.126448211267842e-06,,
1514,1515,2416,4.90901318173087e-06,,
1514,1758,2417,0.0006690061224360333,,
1515,1516,2418,6.642082683194772e-06,,
1515,1655,2419,0.00041018280669002927,,
1516,1517,2420,6.107857767334579e-07,,
1516,1784,2421,0.0007232806869448272,,
1517,1518,2422,4.445747022407964e-06,,
1518,1519,2423,4.392407180198177e-07,,
1519,1520,2424,8.969946075465529e-06,,
1519,1940,2425,0.00104692263867312,,
1520,1521,2426,3.9021960807072986e-07,,
1521,1522,2427,1.156884740338704e-06,,
1521,1866,2428,0.000867003245021758,,
1522,1523,2429,3.0843455867124447e-06,,
1523,1524,2430,3.8307800831471894e-06,,
1523,1730,2431,0.000549044880590932,,
1524,1525,2432,1.3144572017509404e-06,,
1525,1526,2433,8.636027049035988e-07,,
1526,1557,2434,0.00010101038950605101,,
1526,1527,2435,2.71337082047296e-06,,
1527,1528,2436,1.9209583737023195e-06,,
1527,1540,2437,3.9292650210187574e-05,,
1528,1529,2438,4.864562722528554e-06,,
1528,1710,2439,0.000486772238620814,,
1529,1530,2440,1.5708357222754543e-06,,
1530,1688,2441,0.00043543443295335216,,
1530,1531,2442,1.6778892909519172e-06,,
1531,1532,2443,8.985093136737454e-06,,
1531,1787,2444,0.0006901740576841231,,
1532,1533,2445,2.938408902863898e-07,,
1533,1534,2446,1.0503468944045302e-05,,
1533,1570,2447,0.00012327021159808105,,
1534,1535,2448,5.215333032104752e-08,,
1534,1937,2449,0.0009920231555964332,,
1535,1536,2450,2.0822050006419346e-07,,
1536,1700,2451,0.00043877062272312806,,
1536,1537,2452,9.605194903894443e-07,,
1536,1781,2453,0.0006634140491212914,,
1537,1538,2454,3.8035360145904917e-06,,
1538,1539,2455,3.5364044483898738e-06,,
1538,1788,2456,0.0006676044747440102,,
1539,1540,2457,9.151673459051324e-07,,
1539,1554,2458,5.131467995367345e-05,,
1540,1541,2459,2.5738802857944165e-06,,
1541,1542,2460,3.228947775935076e-06,,
1542,1543,2461,6.4046500140024776e-06,,
1542,1834,2462,0.0007527523882843168,,
1543,1550,2463,2.6585722843419646e-05,,
1543,1544,2464,1.4932541736456528e-07,,
1544,1545,2465,5.023461548847585e-06,,
1544,1874,2466,0.0008271111364308581,,
1545,1837,2467,0.0007441067249328581,,
1545,1546,2468,9.648865037514831e-06,,
1546,1795,2469,0.0006490667332582634,,
1546,1547,2470,2.7945837827170195e-06,,
1547,1548,2471,5.735178731702817e-06,,
1548,1549,2472,3.1849121692184568e-06,,
1549,1550,2473,4.9396156054370977e-08,,
1549,1653,2474,0.0002933661190644976,,
1550,1551,2475,2.852252773410946e-06,,
1551,1552,2476,3.1267281004332403e-06,,
1551,1713,2477,0.0004115442825128879,,
1552,1553,2478,3.2565192021882794e-06,,
1552,1881,2479,0.000818830298696005,,
1553,1554,2480,2.3708116125842338e-06,,
1553,1575,2481,6.911159987166293e-05,,
1553,2043,2482,0.0011167214649665524,,
1554,1555,2483,2.4685395916268504e-06,,
1555,1556,2484,1.0412265624148986e-06,,
1555,1725,2485,0.00042844739456981973,,
1556,1557,2486,5.095089713580414e-06,,
1557,1558,2487,4.4709847668578107e-07,,
1558,1559,2488,2.4793504630471475e-06,,
1558,1770,2489,0.0005718671839181066,,
1559,1560,2490,3.4027313698947736e-06,,
1559,1990,2491,0.000999578504620513,,
1560,1561,2492,1.4062387552193911e-06,,
1561,1562,2493,7.045682665518527e-06,,
1561,1643,2494,0.00023389959723529863,,
1562,1835,2495,0.0006849820591603439,,
1562,1563,2496,6.448325451602344e-06,,
1563,1564,2497,5.273330059063497e-06,,
1563,1566,2498,1.3749476526769833e-05,,
1564,1565,2499,5.447544700443174e-06,,
1564,1858,2500,0.0007109282914756765,,
1565,1566,2501,3.0286017672631615e-06,,
1565,1592,2502,7.163221912076523e-05,,
1566,1567,2503,4.882357949598237e-06,,
1567,1568,2504,2.733546375921492e-07,,
1567,1700,2505,0.0003306893652901266,,
1568,1766,2506,0.0005158989976229433,,
1568,1569,2507,3.999068701743269e-06,,
1569,1570,2508,1.5268805131363195e-07,,
1570,1571,2509,2.5654950130959975e-06,,
1571,1572,2510,5.945425916031866e-06,,
1571,1698,2511,0.0003174952112418028,,
1572,1573,2512,1.6626562360233521e-06,,
1572,1696,2513,0.0003047126303730163,,
1573,1574,2514,1.706629046527297e-06,,
1574,1575,2515,1.969353130792939e-06,,
1575,1576,2516,3.0614572658071992e-06,,
1576,1577,2517,8.90196732550308e-07,,
1576,1731,2518,0.0003828761918853729,,
1577,1578,2519,9.274568556483231e-07,,
1577,1869,2520,0.0006986359415449561,,
1578,1579,2521,2.5448000036121243e-06,,
1578,1637,2522,0.0001534515495005273,,
1579,1580,2523,1.3816362842700158e-06,,
1580,1581,2524,3.7897149730570234e-06,,
1580,1872,2525,0.0007063562285005709,,
1581,1879,2526,0.000729616504575259,,
1581,1582,2527,8.548772148841977e-06,,
1582,1583,2528,1.7672126343404315e-06,,
1582,1720,2529,0.000335178094462818,,
1583,1584,2530,7.826189423632002e-06,,
1584,1585,2531,2.4820025279481683e-07,,
1585,1586,2532,3.632690093180457e-08,,
1586,1587,2533,1.6682843340110054e-06,,
1586,1809,2534,0.0005667032336981181,,
1587,1588,2535,4.857386551870846e-07,,
1588,2011,2536,0.0009593726159334848,,
1588,1589,2537,1.7275809425232325e-06,,
1589,1590,2538,3.469844752412854e-06,,
1590,1591,2539,6.487563496637705e-06,,
1590,2067,2540,0.0010480434767023983,,
1591,1592,2541,5.856130145254212e-07,,
1591,1813,2542,0.0005645599581930449,,
1592,1593,2543,5.047274690417325e-07,,
1593,1594,2544,2.310841735519986e-06,,
1594,1595,2545,2.880243514247205e-06,,
1595,1596,2546,2.7015895425197556e-06,,
1595,1614,2547,5.93954377587913e-05,,
1596,1597,2548,1.6733045787864498e-06,,
1597,1598,2549,3.337802524261413e-06,,
1597,1914,2550,0.0007525795516082345,,
1597,1671,2551,0.00019726030972722075,,
1598,1603,2552,4.8183001997159636e-06,,
1598,1599,2553,1.1043798026078022e-06,,
1598,2033,2554,0.0009710004061458388,,
1598,1652,2555,0.00015211162040351667,,
1599,1702,2556,0.00025866933719120855,,
1599,1600,2557,1.0671974276510454e-06,,
1600,1601,2558,2.194695095880661e-06,,
1600,2070,2559,0.0010334905408988515,,
1601,1602,2560,1.4181214891273441e-07,,
1602,1603,2561,3.102157246637205e-07,,
1602,1900,2562,0.0007214784655438233,,
1603,1604,2563,8.502163501233895e-06,,
1604,1605,2564,1.6864607612632199e-06,,
1604,1639,2565,0.00010039094428093698,,
1605,1606,2566,4.85442857611762e-06,,
1605,1794,2567,0.0004838998428986496,,
1606,1607,2568,3.070947321881512e-06,,
1607,1608,2569,8.388158791228228e-06,,
1607,1844,2570,0.0005725169580524936,,
1608,1972,2571,0.000829075729600004,,
1608,1609,2572,7.3434831685537105e-06,,
1609,1610,2573,1.23017739817044e-06,,
1609,1814,2574,0.0005120204537185646,,
1610,1611,2575,1.476391535248922e-06,,
1610,1689,2576,0.00018996600187404233,,
1611,1612,2577,5.493804246636813e-06,,
1612,1613,2578,3.7615844464822246e-06,,
1613,1614,2579,1.056841166691136e-06,,
1614,1615,2580,9.834853091916784e-07,,
1615,1616,2581,1.4092181344071975e-06,,
1615,2071,2582,0.0009840825106122164,,
1616,1617,2583,2.264994859446645e-06,,
1616,1673,2584,0.00014073844922690704,,
1617,1618,2585,1.0829006109602801e-06,,
1617,1841,2586,0.0005370719468988927,,
1617,1691,2587,0.0001771938834114195,,
1617,1921,2588,0.0007118668392098737,,
1617,1886,2589,0.0006404103064763245,,
1618,1619,2590,3.5317221371844454e-06,,
1618,1851,2591,0.0005549046068318297,,
1619,1620,2592,1.1723538736463368e-06,,
1619,1934,2593,0.0007341023189315621,,
1620,1621,2594,1.2911752337307902e-06,,
1620,1971,2595,0.0007929746845712904,,
1621,1622,2596,6.830893023335172e-06,,
1622,1623,2597,4.741795530893711e-06,,
1623,1624,2598,3.233151003589896e-07,,
1623,1876,2599,0.0005989945626968529,,
1624,1625,2600,9.213311891187459e-08,,
1624,1679,2601,0.00012885633039527722,,
1625,1626,2602,2.3348383879628898e-06,,
1625,2024,2603,0.0008775646035763529,,
1625,1979,2604,0.0007967001651398853,,
1625,1950,2605,0.000746866507508992,,
1625,1910,2606,0.0006640614495824204,,
1626,1627,2607,6.549503966502002e-06,,
1626,1786,2608,0.0004050592660845842,,
1627,1628,2609,6.767037564747724e-07,,
1627,1664,2610,0.00010120555675918741,,
1628,1629,2611,5.275204019161706e-07,,
1628,1679,2612,0.00011920315116542568,,
1629,1630,2613,4.761514595830185e-06,,
1630,1631,2614,2.111123382442237e-06,,
1631,1632,2615,3.4573953078265163e-07,,
1631,1635,2616,2.7658666991170477e-06,,
1632,1633,2617,1.4565227351992505e-06,,
1632,2143,2618,0.0010924423621500035,,
1633,1634,2619,7.266382734405497e-07,,
1633,1674,2620,0.00010087961960725256,,
1634,1635,2621,2.36966159694596e-07,,
1634,2079,2622,0.0009587363009249117,,
1635,1636,2623,4.089146718455616e-06,,
1636,1637,2624,2.5261636538154164e-07,,
1636,2132,2625,0.0010673986325289153,,
1637,1638,2626,9.42740315079682e-06,,
1638,1639,2627,4.808442511716748e-06,,
1638,2063,2628,0.0009076089324601133,,
1639,1640,2629,6.295162063629789e-06,,
1640,1641,2630,1.3912355760758999e-06,,
1640,1827,2631,0.0004522431069950983,,
1641,1642,2632,2.9446935672083896e-06,,
1641,1922,2633,0.0006483691776003608,,
1642,1643,2634,3.0148668472840257e-07,,
1642,1954,2635,0.0007037186406348983,,
1643,1644,2636,9.511105742987525e-07,,
1644,1645,2637,7.1803743912912665e-06,,
1644,1918,2638,0.0006382821375483516,,
1645,1646,2639,3.1954220450769455e-06,,
1645,1870,2640,0.0005182286072689113,,
1646,1647,2641,6.175785858486549e-06,,
1647,1648,2642,2.587258876030063e-07,,
1647,1736,2643,0.0002090931381725225,,
1647,2035,2644,0.0008333577918770985,,
1648,1649,2645,1.2047378862289904e-06,,
1649,1650,2646,1.1713828671489068e-06,,
1649,1665,2647,4.438090761960112e-05,,
1650,1651,2648,4.114595671733667e-06,,
1651,1652,2649,3.215499348119266e-06,,
1651,1708,2650,0.00012091343834552681,,
1651,2044,2651,0.0008399163911121388,,
1652,1653,2652,4.0029045220713044e-06,,
1653,1654,2653,4.676441363038464e-07,,
1654,1655,2654,3.851125494724883e-06,,
1654,1752,2655,0.0002356154770015717,,
1655,1656,2656,2.3719767929808455e-06,,
1656,1657,2657,2.9720524221676925e-06,,
1656,1889,2658,0.0005349859605248142,,
1657,1658,2659,5.144569125037357e-06,,
1658,1659,2660,2.6792937157793517e-06,,
1659,1660,2661,9.323268718164357e-07,,
1659,1762,2662,0.0002508024946515919,,
1660,1661,2663,1.7327538499589679e-06,,
1661,1662,2664,2.9073296725634634e-07,,
1662,1663,2665,6.517111488246741e-06,,
1662,1931,2666,0.0006112480072280047,,
1663,1664,2667,2.4225153690826673e-06,,
1664,1665,2668,2.4944229771728388e-06,,
1665,1666,2669,2.486953645242096e-07,,
1666,1936,2670,0.0006132265092846367,,
1666,1667,2671,2.3788184710937799e-07,,
1667,1668,2672,1.576039865280876e-07,,
1667,1669,2673,2.523616247085414e-07,,
1668,1958,2674,0.0006482879943713327,,
1668,2006,2675,0.0007351063075556885,,
1668,1669,2676,9.47576381804538e-08,,
1668,2223,2677,0.0011943824154133642,,
1669,1670,2678,8.141240126491311e-09,,
1670,1671,2679,5.184376990374773e-06,,
1670,1948,2680,0.0006331948554174627,,
1671,1672,2681,4.351316664763516e-07,,
1672,1673,2682,4.5625491429390763e-07,,
1672,1679,2683,9.81328645222046e-06,,
1673,1674,2684,2.3592062592392438e-07,,
1674,1675,2685,2.0851659564558034e-06,,
1675,1676,2686,3.954234939596013e-06,,
1675,1882,2687,0.0004911287383512208,,
1676,1677,2688,1.961207862999359e-06,,
1677,2015,2689,0.0007404245208415539,,
1677,1678,2690,8.131447187809115e-07,,
1678,1679,2691,3.0735743417054096e-07,,
1678,2037,2692,0.0007804202416350492,,
1678,2001,2693,0.0007038159424112012,,
1679,1680,2694,9.039527258947189e-07,,
1680,1681,2695,2.3253016718793873e-06,,
1680,1800,2696,0.0003043339845900661,,
1681,1863,2697,0.0004268723603879643,,
1681,1682,2698,5.147954201589755e-06,,
1682,1683,2699,3.9622277518969184e-06,,
1683,1684,2700,2.3287154838902424e-06,,
1683,1854,2701,0.00039690170582873385,,
1684,1685,2702,2.875517133404948e-06,,
1684,1692,2703,1.5525942382965674e-05,,
1685,1686,2704,4.352221462444739e-06,,
1686,1687,2705,9.345560614271164e-08,,
1686,1822,2706,0.00033800499633596104,,
1687,1688,2707,2.342469300864458e-06,,
1687,1800,2708,0.0002832485912788174,,
1688,1689,2709,1.3573809325428954e-06,,
1689,1690,2710,3.074919930012854e-06,,
1690,1691,2711,5.99281305468935e-07,,
1690,2157,2712,0.0009955844796747382,,
1691,1692,2713,8.306967120841335e-07,,
1692,1693,2714,6.463078139340439e-08,,
1693,1694,2715,1.291274586479041e-06,,
1694,1695,2716,4.719487588400462e-06,,
1694,1871,2717,0.00041686318726996685,,
1695,1696,2718,7.848142846711426e-08,,
1695,1930,2719,0.0005458954343233735,,
1696,1697,2720,2.891193322529517e-07,,
1697,1698,2721,6.548035620501658e-06,,
1697,1888,2722,0.00045666209016137493,,
1698,1699,2723,6.158085187890627e-06,,
1699,1700,2724,4.546245668812787e-08,,
1699,1980,2725,0.000618782014981667,,
1700,1701,2726,1.6488085081700632e-06,,
1701,1702,2727,4.565311963800056e-06,,
1701,2027,2728,0.000701738689368514,,
1702,1703,2729,8.648257012744409e-07,,
1703,1704,2730,2.840867379116929e-07,,
1704,1705,2731,2.970636807653193e-06,,
1705,1706,2732,6.291361649424232e-07,,
1706,1707,2733,1.745577810741139e-06,,
1707,1708,2734,3.5415791845849753e-06,,
1708,1709,2735,3.0915093069960875e-06,,
1709,1710,2736,5.040791744015394e-07,,
1709,1924,2737,0.0005025598398811226,,
1710,1711,2738,2.5643000389763415e-08,,
1711,1880,2739,0.0004104174310477493,,
1711,1712,2740,1.870798963299336e-06,,
1712,2187,2741,0.0010111559097167877,,
1712,1713,2742,1.8927474574326197e-06,,
1713,1714,2743,2.0008563835771653e-06,,
1714,1715,2744,1.5346421934347987e-06,,
1715,2220,2745,0.0010942308110073462,,
1715,1716,2746,4.305475418076021e-06,,
1716,1877,2747,0.0003898158192223722,,
1716,1717,2748,2.258294138912653e-06,,
1717,1718,2749,4.059491521379854e-06,,
1717,1911,2750,0.00045380888873669534,,
1718,1719,2751,4.745553933038771e-06,,
1719,1720,2752,1.3683797995822644e-06,,
1719,1743,2753,6.558676969981025e-05,,
1720,1721,2754,2.4039304997724997e-06,,
1721,1722,2755,2.3501017654137257e-06,,
1721,1775,2756,0.0001585237532335526,,
1722,1723,2757,1.6571069849646847e-06,,
1723,1724,2758,1.1217757323045419e-07,,
1723,1957,2759,0.0005300231611469197,,
1724,1725,2760,1.3297003523815576e-06,,
1724,1761,2761,0.00012007816247661118,,
1725,1726,2762,9.186094129809419e-06,,
1726,1727,2763,9.222074692782911e-07,,
1727,1728,2764,5.421442939357313e-06,,
1727,1965,2765,0.0005334200611234463,,
1728,1729,2766,1.9783417279928273e-06,,
1729,1730,2767,2.2064865348170315e-06,,
1729,1756,2768,8.589327970709437e-05,,
1730,1731,2769,2.0479304475573556e-06,,
1731,1732,2770,1.268994948566693e-06,,
1732,1733,2771,3.4577661723877995e-06,,
1732,1792,2772,0.00016601704478169665,,
1733,1734,2773,1.2610777543331508e-06,,
1733,1783,2774,0.00014806293739033638,,
1734,1735,2775,1.5892228731217983e-05,,
1735,1736,2776,2.2771981926794638e-06,,
1736,1737,2777,1.5764897570713643e-06,,
1737,1738,2778,1.690364479833839e-06,,
1737,1831,2779,0.00022443155635254453,,
1738,1739,2780,7.841333155012009e-07,,
1738,1868,2781,0.00028546022995956655,,
1739,1740,2782,1.234226428170615e-06,,
1739,2086,2783,0.0007154769864102795,,
1740,1741,2784,1.0326107673375162e-06,,
1741,1742,2785,1.3573164189262243e-06,,
1742,1743,2786,2.770462509626981e-06,,
1742,2182,2787,0.0009180783499979084,,
1743,1744,2788,1.711380148927688e-06,,
1744,1745,2789,1.5834848718476735e-05,,
1744,1807,2790,0.00017228815850023338,,
1745,1746,2791,1.890275805438435e-06,,
1745,2116,2792,0.0007647063504431229,,
1746,1747,2793,1.7586195847352215e-06,,
1747,1748,2794,1.0774343931485575e-06,,
1748,1749,2795,4.150567111671499e-06,,
1748,1845,2796,0.0002118209247216063,,
1749,1750,2797,6.314103059290588e-07,,
1749,2215,2798,0.0009723412100873796,,
1750,1751,2799,1.3476327169748004e-06,,
1750,1946,2800,0.00043226081374458936,,
1751,1752,2801,2.1100566864884485e-06,,
1751,2103,2802,0.0007227718727247368,,
1752,1753,2803,7.406515410979253e-06,,
1753,2265,2804,0.0010539441648396153,,
1753,1754,2805,9.862518386416497e-07,,
1754,2229,2806,0.0009886881947391846,,
1754,1755,2807,5.111014539038727e-06,,
1755,1756,2808,3.01998598861708e-06,,
1756,1757,2809,3.933848331194589e-06,,
1757,1758,2810,1.6923349489550432e-06,,
1757,1789,2811,7.659341555688037e-05,,
1758,1759,2812,1.977952221121626e-06,,
1759,1760,2813,2.3627402033765676e-06,,
1759,1803,2814,9.786965686420235e-05,,
1759,2191,2815,0.0008766073539643315,,
1760,1761,2816,5.380220446049577e-06,,
1760,1796,2817,8.672764400685651e-05,,
1761,1762,2818,3.3517127273618996e-07,,
1762,1763,2819,2.91990242884399e-06,,
1763,1906,2820,0.00030689855236742947,,
1763,2051,2821,0.000573716211855424,,
1763,1764,2822,3.0859301641816828e-06,,
1764,1765,2823,3.52758313448831e-07,,
1765,1766,2824,8.280311321606781e-06,,
1765,1896,2825,0.0002795964731761025,,
1766,1767,2826,9.992542201464616e-07,,
1767,2180,2827,0.0008360799687684439,,
1767,1768,2828,3.062934131214945e-06,,
1768,1769,2829,2.463027979349164e-06,,
1768,2111,2830,0.0006885573541322021,,
1769,1770,2831,9.755452145210342e-06,,
1769,2231,2832,0.0009474473676249762,,
1770,1771,2833,8.791225369897404e-08,,
1771,1772,2834,1.7171588528874793e-07,,
1771,2179,2835,0.0008147947274915746,,
1772,1773,2836,2.705097994493144e-07,,
1773,1774,2837,1.7242213928847505e-06,,
1774,1775,2838,8.171031252723893e-07,,
1774,2144,2839,0.0007306520722351051,,
1775,1776,2840,5.23844166933074e-06,,
1776,1777,2841,1.6495092654000842e-06,,
1776,1791,2842,2.994707165360211e-05,,
1777,1778,2843,9.17920506382508e-07,,
1777,1923,2844,0.0003072394608207851,,
1778,1779,2845,4.530377086142678e-06,,
1778,2125,2846,0.0006868873688734567,,
1779,1780,2847,6.837374079582403e-06,,
1780,1781,2848,6.346858884009876e-07,,
1780,1808,2849,6.027172003608694e-05,,
1781,1782,2850,8.283091658123354e-07,,
1782,1783,2851,8.409175414891834e-07,,
1782,2062,2852,0.0005368268864875958,,
1783,1784,2853,3.01007867298253e-07,,
1784,1785,2854,6.043865932170434e-07,,
1785,1786,2855,2.02318843001148e-06,,
1785,2195,2856,0.0008217354591814052,,
1786,1787,2857,2.1194221635489896e-06,,
1787,1788,2858,2.2372493663214144e-06,,
1788,1789,2859,2.091173681106895e-06,,
1789,1790,2860,3.640633803758675e-06,,
1790,1791,2861,6.909162151291781e-07,,
1791,1792,2862,7.883630985805468e-07,,
1792,1793,2863,3.7293128909432482e-06,,
1793,1794,2864,8.088636236358582e-07,,
1793,2091,2865,0.0005831107817946268,,
1794,1795,2866,1.1936970748527287e-06,,
1795,1796,2867,5.315469116529137e-06,,
1796,1797,2868,2.1662454301463185e-06,,
1797,1798,2869,7.438595849285079e-07,,
1797,2199,2870,0.0007990288539077017,,
1798,1799,2871,1.05979624487329e-06,,
1798,2074,2872,0.000530528668695518,,
1799,1894,2873,0.00019293218322558037,,
1799,1800,2874,2.302782542429327e-08,,
1800,1801,2875,2.0988039296510053e-06,,
1801,1802,2876,1.970574096898936e-06,,
1801,1820,2877,4.851602610334016e-05,,
1802,1803,2878,7.169655420469212e-07,,
1802,2217,2879,0.0008496067420027398,,
1803,1804,2880,9.900876612567444e-06,,
1804,1805,2881,3.2714355447938104e-06,,
1805,1806,2882,4.72849783206275e-06,,
1805,1860,2883,9.741998579337885e-05,,
1806,1807,2884,3.5889430451963023e-06,,
1806,1875,2885,0.00013144023431910234,,
1807,1808,2886,2.1550978268614074e-06,,
1808,1809,2887,1.030042070748749e-06,,
1809,1810,2888,3.923578522857518e-06,,
1810,1811,2889,5.880266742086526e-06,,
1810,2031,2890,0.0004266352880155644,,
1811,1812,2891,7.820091765253778e-07,,
1811,1843,2892,4.610218382228304e-05,,
1812,2115,2893,0.0005943115593575188,,
1812,1813,2894,1.1098822342292536e-06,,
1813,1814,2895,1.1856022441580905e-07,,
1814,1815,2896,7.703850801732415e-07,,
1815,1816,2897,1.3748603766572387e-06,,
1815,1823,2898,1.4017497681484414e-05,,
1816,1817,2899,2.051726586294045e-06,,
1816,1846,2900,4.877797620950197e-05,,
1817,1818,2901,1.2598640319883003e-07,,
1818,1942,2902,0.00025591767296651025,,
1818,1819,2903,2.4774366840230044e-06,,
1818,1986,2904,0.0003238718177542843,,
1819,1820,2905,2.5389015017029948e-06,,
1819,1904,2906,0.00017239909140043252,,
1820,1821,2907,4.1733081102002245e-07,,
1821,1822,2908,3.630788606989732e-06,,
1821,2277,2909,0.0009278182208665164,,
1822,1823,2910,1.400466711598547e-06,,
1823,1824,2911,8.744768540402958e-07,,
1824,1878,2912,0.00011001347412586959,,
1824,1825,2913,2.9738338442886203e-06,,
1825,1826,2914,5.723813321090176e-07,,
1825,1968,2915,0.00028227751025644565,,
1826,1827,2916,2.356706209960535e-06,,
1827,1828,2917,1.5192620338444485e-06,,
1828,1829,2918,1.0908094649764166e-08,,
1828,2200,2919,0.0007328593778584969,,
1829,1830,2920,6.158587676496907e-07,,
1830,1831,2921,2.8521570880624125e-06,,
1830,2092,2922,0.0005111711830230181,,
1831,1832,2923,1.2781747960044498e-06,,
1832,1833,2924,5.773232175654286e-07,,
1832,1909,2925,0.0001597375649643462,,
1833,1834,2926,3.4564564056482894e-06,,
1834,1835,2927,2.1231302005375596e-07,,
1835,1836,2928,2.6384745914764807e-06,,
1836,1837,2929,8.098601722572596e-08,,
1837,1838,2930,1.9837974608583053e-06,,
1838,1839,2931,1.583163786622599e-06,,
1839,1840,2932,4.3275808156995055e-06,,
1839,2049,2933,0.00041171333919409747,,
1840,1841,2934,2.6253179186142006e-08,,
1840,1855,2935,2.073569291671795e-05,,
1841,1842,2936,1.0999183763793496e-07,,
1842,1843,2937,1.25375007287154e-06,,
1843,1844,2938,6.731301870344097e-07,,
1844,1845,2939,3.296455513002172e-07,,
1845,1846,2940,5.828713740885227e-06,,
1846,1847,2941,1.7938951397677982e-06,,
1847,1848,2942,1.3708799135869754e-06,,
1847,2097,2943,0.0005022815207581521,,
1848,2066,2944,0.00042001670513380773,,
1848,1849,2945,3.274134574793308e-06,,
1849,1850,2946,1.9747290257443595e-06,,
1850,1851,2947,2.3066905002755433e-06,,
1851,1852,2948,1.6959497584068117e-08,,
1852,1853,2949,1.0625726905022503e-06,,
1853,1854,2950,4.588454505238815e-09,,
1853,1956,2951,0.00021681041037391324,,
1854,1855,2952,7.097585510429383e-07,,
1855,1856,2953,2.662936743003108e-06,,
1856,1857,2954,1.8645766365343874e-06,,
1856,1927,2955,0.00016228970832987688,,
1857,1858,2956,1.7906788578603283e-06,,
1858,1859,2957,2.068602233173955e-06,,
1859,1860,2958,2.2788836336884444e-06,,
1860,1861,2959,1.6837003609104784e-06,,
1861,1862,2960,8.101439785690445e-08,,
1861,2234,2961,0.0007733578241935213,,
1862,1863,2962,7.720321191673207e-06,,
1862,1998,2963,0.0002779395697467546,,
1863,1864,2964,2.379617468628581e-06,,
1864,1865,2965,9.267373038968074e-07,,
1864,1905,2966,9.648301491460565e-05,,
1865,1866,2967,1.1728598923177458e-06,,
1866,1867,2968,2.766442673829417e-07,,
1867,1868,2969,9.385020720564796e-07,,
1868,1869,2970,3.765596396476667e-06,,
1869,1870,2971,7.27158059987687e-06,,
1870,1871,2972,1.5800340695815152e-06,,
1871,1872,2973,3.7225654296868527e-06,,
1872,1873,2974,5.759410963479539e-06,,
1873,1874,2975,1.4064524511692156e-06,,
1874,1875,2976,6.370949279244087e-08,,
1875,1876,2977,1.0449592008132669e-05,,
1876,1877,2978,8.652879980308725e-07,,
1877,1878,2979,1.5090992592226016e-06,,
1878,1879,2980,6.996438874917743e-06,,
1879,1880,2981,4.915532754168339e-07,,
1880,1881,2982,3.758859656532998e-06,,
1881,1882,2983,6.566371303362573e-07,,
1882,1883,2984,1.1396097860938426e-06,,
1883,1884,2985,3.548941864939259e-06,,
1883,1941,2986,0.0001209332205767133,,
1884,1885,2987,9.130534156520653e-07,,
1884,2137,2988,0.0004818743556446181,,
1885,1886,2989,2.8854221085783394e-06,,
1886,1887,2990,6.855405689787375e-07,,
1887,2078,2991,0.0003522742189950856,,
1887,1917,2992,6.611658243627083e-05,,
1887,1888,2993,3.381695656834438e-08,,
1888,1889,2994,3.211284562709693e-07,,
1888,1974,2995,0.00016350720756330706,,
1889,1890,2996,4.122172785336886e-07,,
1890,1891,2997,3.237639661923808e-07,,
1890,1963,2998,0.00014884697636896593,,
1891,1892,2999,1.7664328960664832e-06,,
1891,2228,3000,0.000689633149904223,,
1892,1893,3001,1.3509450316195881e-06,,
1892,2169,3002,0.0005504883278458772,,
1893,2167,3003,0.0005427917697020668,,
1893,1894,3004,6.734269909491886e-07,,
1894,1895,3005,4.318782378831543e-06,,
1895,1896,3006,3.721944930146215e-06,,
1896,1897,3007,1.0061503932234928e-06,,
1897,1898,3008,3.325128937303745e-06,,
1897,1928,3009,7.017067358394691e-05,,
1898,1899,3010,6.886450424903323e-06,,
1899,1900,3011,4.410074916694207e-06,,
1899,1982,3012,0.0001533251050113149,,
1900,1901,3013,1.5023314887674388e-06,,
1901,2016,3014,0.00021624541188791646,,
1901,1902,3015,1.9061811107334847e-07,,
1902,1903,3016,1.5319215755926763e-06,,
1903,1991,3017,0.00015711362141013208,,
1903,1904,3018,6.724613750286323e-07,,
1904,1905,3019,3.2512899212910895e-06,,
1905,1906,3020,1.086963569818522e-06,,
1906,1907,3021,1.2463831444708973e-06,,
1907,2096,3022,0.0003686889771979951,,
1907,1908,3023,2.7610365829211503e-06,,
1907,2196,3024,0.0005689958077659263,,
1908,1909,3025,3.404699733255967e-08,,
1908,2069,3026,0.0002972799275413607,,
1909,1910,3027,1.2045748425393299e-06,,
1910,1911,3028,1.634316546428316e-06,,
1911,1912,3029,1.096097780206584e-06,,
1912,1913,3030,6.2166637172511585e-06,,
1913,1914,3031,8.264934123758394e-07,,
1913,2147,3032,0.0004478610876190725,,
1914,1915,3033,4.62188045013967e-06,,
1915,1916,3034,7.220835347432342e-06,,
1916,1917,3035,2.468404016298109e-06,,
1916,2003,3036,0.00014891313836717934,,
1917,1918,3037,3.243650983364432e-07,,
1918,1919,3038,2.632016566472828e-06,,
1919,1920,3039,9.300322467709066e-07,,
1920,1921,3040,7.679958167194911e-07,,
1921,1922,3041,1.5597045958104516e-06,,
1922,1923,3042,2.7551429583327902e-06,,
1923,1924,3043,2.9387824087567793e-06,,
1924,1925,3044,5.359899432066939e-07,,
1925,1959,3045,6.237029714395437e-05,,
1925,1926,3046,4.524935958150067e-07,,
1926,1927,3047,2.6250789975090782e-06,,
1926,2081,3048,0.00027927117776083143,,
1927,1928,3049,2.4610981983475e-06,,
1928,1929,3050,3.302040589403532e-06,,
1929,1930,3051,1.4982369060945189e-06,,
1930,1931,3052,1.4691607101990911e-06,,
1931,1932,3053,3.328466262386698e-06,,
1932,1933,3054,2.4168013674774613e-06,,
1932,1992,3055,9.554447721282777e-05,,
1933,1934,3056,1.5071059364935024e-06,,
1933,2075,3057,0.00024833873848029153,,
1934,1935,3058,5.357370879144341e-06,,
1935,1936,3059,1.051502810156535e-06,,
1936,1937,3060,5.085500779489216e-06,,
1937,1938,3061,7.862773255817856e-07,,
1938,1939,3062,1.5763883763897368e-06,,
1939,1975,3063,5.2124444060219766e-05,,
1939,1940,3064,3.96561473325896e-07,,
1940,1941,3065,1.0255663400737802e-06,,
1941,1942,3066,5.884783712550856e-07,,
1942,1943,3067,3.7653649652691357e-06,,
1943,1944,3068,4.073373695678839e-06,,
1943,2042,3069,0.00017308846752728257,,
1944,1945,3070,1.6614501048284325e-06,,
1944,2008,3071,0.00010845619221544478,,
1945,1946,3072,5.755541874208348e-07,,
1945,2177,3073,0.00043728169809975626,,
1946,1947,3074,8.491159979584495e-07,,
1947,1970,3075,3.1893904440249976e-05,,
1947,1948,3076,8.309922749916154e-08,,
1948,1949,3077,3.077828888420342e-07,,
1949,1950,3078,3.246703539350193e-08,,
1949,2032,3079,0.00014739756218251632,,
1950,1951,3080,2.3103214585873388e-07,,
1951,2041,3081,0.00016471847800136885,,
1951,1952,3082,8.001805100743553e-07,,
1952,1953,3083,2.5770603574448714e-06,,
1952,2127,3084,0.00033517085687950754,,
1952,2264,3085,0.0006280760458348134,,
1953,1994,3086,6.316197190769923e-05,,
1953,1954,3087,2.1796312560384834e-06,,
1954,1955,3088,5.647923095875029e-07,,
1955,1956,3089,1.5919572877720611e-06,,
1955,2205,3090,0.0004973680340656372,,
1955,2083,3091,0.00023343905014172606,,
1956,1957,3092,3.6834416674569326e-06,,
1957,1958,3093,3.021894617094567e-06,,
1958,1959,3094,1.443969970593706e-06,,
1959,1960,3095,4.056370723426461e-06,,
1960,2089,3096,0.00023283958855346842,,
1960,1961,3097,5.152532942531707e-07,,
1961,1962,3098,1.865782153998019e-06,,
1962,1963,3099,2.245823674029701e-06,,
1963,1964,3100,1.3475525295625346e-06,,
1964,1965,3101,4.504325382681529e-07,,
1964,2039,3102,0.00013756876149928488,,
1965,1966,3103,9.15525251166116e-08,,
1966,1967,3104,1.842432198140287e-06,,
1966,2098,3105,0.0002574007035028858,,
1967,1981,3106,2.395930472209873e-05,,
1967,1968,3107,8.157044419920823e-07,,
1968,1969,3108,1.1910319503982691e-06,,
1969,2022,3109,9.910087732811768e-05,,
1969,1970,3110,9.546591374087754e-07,,
1970,1971,3111,1.3583097665526012e-06,,
1971,1972,3112,5.294088142093756e-06,,
1972,1973,3113,5.2590862498203e-07,,
1973,1974,3114,5.521360502136474e-08,,
1973,2090,3115,0.00021810582362868924,,
1974,1975,3116,6.155434550958461e-08,,
1975,1976,3117,2.170435923876113e-06,,
1976,1977,3118,2.4410998964441433e-06,,
1976,2084,3119,0.00020104860728120677,,
1977,2081,3120,0.00019007016874161842,,
1977,1978,3121,3.6121954600787376e-06,,
1978,1979,3122,2.844296577819705e-06,,
1978,2064,3123,0.00014942068153955823,,
1979,1980,3124,1.8925586164897368e-07,,
1980,1981,3125,2.4455509882725934e-06,,
1981,1982,3126,1.5988007839862206e-07,,
1982,1983,3127,6.668789842567691e-07,,
1983,1984,3128,2.7746994510913225e-06,,
1984,1985,3129,2.881221931039235e-07,,
1984,2087,3130,0.00019287310992344153,,
1985,1986,3131,2.478914972181556e-07,,
1985,2055,3132,0.00012601189500272003,,
1986,1987,3133,3.529531505286343e-06,,
1987,1988,3134,6.646151273770329e-07,,
1987,2018,3135,6.344220153375879e-05,,
1988,1989,3136,1.0242104429014631e-06,,
1989,1990,3137,1.4163938188982428e-06,,
1990,1991,3138,8.111194708115832e-07,,
1991,1992,3139,3.529084003917049e-07,,
1992,1993,3140,1.1673452138261098e-07,,
1993,1994,3141,2.248794949144539e-06,,
1993,2268,3142,0.0005700711756592147,,
1994,1995,3143,4.836956288167826e-06,,
1995,1996,3144,5.899631487782386e-06,,
1995,2056,3145,0.0001113675181667606,,
1996,1997,3146,3.1078630108316574e-06,,
1996,2014,3147,3.7799369059121624e-05,,
1997,1998,3148,1.6038574003340855e-06,,
1998,1999,3149,1.4648413386719739e-06,,
1999,2000,3150,8.981930210705258e-07,,
1999,2121,3151,0.0002422684506383499,,
1999,2095,3152,0.00019746093753947314,,
2000,2001,3153,8.246872764683388e-07,,
2000,2019,3154,4.012909359651928e-05,,
2001,2002,3155,2.2201685525580217e-06,,
2002,2003,3156,9.792439747968729e-08,,
2002,2152,3157,0.0002975001575098446,,
2003,2004,3158,1.2984464037302246e-07,,
2004,2005,3159,6.46975306750619e-06,,
2004,2040,3160,7.640111455686771e-05,,
2005,2006,3161,7.1443379333624435e-06,,
2006,2007,3162,2.038860320019431e-06,,
2007,2008,3163,1.4395591177995826e-06,,
2007,2149,3164,0.0002760278475248956,,
2008,2009,3165,5.010979752251288e-07,,
2009,2010,3166,7.439433709066634e-07,,
2009,2175,3167,0.00032804139669107,,
2010,2011,3168,5.228504689092084e-06,,
2010,2028,3169,3.124545524857414e-05,,
2011,2012,3170,2.524304287820911e-08,,
2012,2172,3171,0.0003207068771493571,,
2012,2013,3172,1.1365539160923532e-06,,
2013,2073,3173,0.00010395433410337329,,
2013,2014,3174,2.7241359884522254e-06,,
2014,2015,3175,5.895506699826747e-06,,
2015,2016,3176,2.593493853009221e-07,,
2016,2017,3177,8.077786948224031e-07,,
2017,2018,3178,1.3088331878297055e-06,,
2017,2104,3179,0.0001729813219606413,,
2018,2019,3180,1.1330113405261244e-06,,
2019,2020,3181,6.380925304805274e-07,,
2020,2174,3182,0.000307468120463672,,
2020,2021,3183,2.5949622858290056e-06,,
2021,2022,3184,1.6730375984597146e-06,,
2022,2023,3185,1.2368846391552779e-08,,
2023,2024,3186,1.0689537417452044e-06,,
2023,2030,3187,1.3389358816562336e-05,,
2024,2025,3188,1.9210592829832507e-06,,
2025,2029,3189,8.844405378072295e-06,,
2025,2026,3190,4.6186383895197025e-07,,
2026,2259,3191,0.0004839456919742968,,
2026,2027,3192,1.5928396549513835e-06,,
2027,2028,3193,2.763360523960756e-06,,
2028,2029,3194,4.0263413602081854e-06,,
2029,2030,3195,1.5549404137615852e-06,,
2030,2031,3196,4.137228980405361e-06,,
2031,2032,3197,2.0936502453938743e-07,,
2032,2033,3198,1.3620754444332306e-06,,
2033,2034,3199,2.741334491185299e-06,,
2034,2075,3200,6.814727300274992e-05,,
2034,2035,3201,1.7627299827571719e-06,,
2035,2036,3202,4.4381780605062815e-06,,
2036,2037,3203,4.341160842247227e-06,,
2037,2038,3204,4.6065743386503044e-07,,
2038,2039,3205,1.2222725943589197e-06,,
2038,2052,3206,1.7817596207225783e-05,,
2039,2040,3207,5.618228952064541e-07,,
2040,2041,3208,6.941832555451555e-07,,
2041,2042,3209,5.561142424337362e-07,,
2042,2043,3210,9.75907115785546e-07,,
2043,2044,3211,5.774510780653941e-08,,
2044,2045,3212,1.2265165962865865e-06,,
2045,2080,3213,6.520343468230383e-05,,
2045,2046,3214,4.8905919971531375e-06,,
2046,2047,3215,3.792606098285134e-06,,
2046,2204,3216,0.00032663561314627554,,
2047,2048,3217,4.6138791076622e-07,,
2048,2108,3218,0.00012787960826554645,,
2048,2049,3219,1.588276744346473e-06,,
2048,2065,3220,2.356489173316323e-05,,
2049,2050,3221,2.1973536101782543e-08,,
2050,2051,3222,2.4593049796628463e-07,,
2050,2085,3223,6.399043362703694e-05,,
2051,2052,3224,1.5222676151838144e-06,,
2052,2053,3225,1.2590472775464434e-08,,
2053,2054,3226,3.606638654396477e-09,,
2053,2059,3227,1.0356460916183252e-05,,
2054,2055,3228,2.064915469612849e-06,,
2055,2056,3229,6.047791856200746e-07,,
2056,2057,3230,4.550584905893551e-06,,
2057,2058,3231,2.372529709027127e-06,,
2058,2059,3232,7.60045007375254e-07,,
2058,2310,3233,0.0006166207539619606,,
2059,2060,3234,3.9526907169573633e-07,,
2060,2061,3235,1.8597361595151796e-06,,
2060,2135,3236,0.0001589766401139947,,
2061,2062,3237,6.720987896224884e-07,,
2061,2155,3238,0.0002065746030328608,,
2062,2063,3239,6.536793568656663e-07,,
2063,2064,3240,2.1713802166312135e-06,,
2064,2065,3241,4.065228356275874e-06,,
2065,2066,3242,2.0405913888632554e-06,,
2066,2067,3243,2.7726929348048657e-06,,
2067,2068,3244,2.0975050691873776e-06,,
2068,2069,3245,5.850187433154019e-06,,
2068,2134,3246,0.0001387961471301935,,
2069,2070,3247,1.52634799910345e-07,,
2070,2071,3248,1.0866189055214193e-06,,
2071,2072,3249,9.5195101101897e-07,,
2072,2073,3250,1.1089473797021299e-06,,
2072,2100,3251,7.090835675727103e-05,,
2073,2074,3252,4.5071837484478294e-08,,
2074,2075,3253,3.0343063769366907e-06,,
2075,2076,3254,2.0051258009523565e-07,,
2076,2077,3255,4.7509478423579665e-06,,
2076,2225,3256,0.0003423735399402661,,
2077,2078,3257,2.870031394430761e-06,,
2078,2079,3258,3.922628544095197e-06,,
2079,2080,3259,1.6093294453733975e-06,,
2080,2081,3260,4.781064427694659e-07,,
2081,2082,3261,1.017002074998885e-06,,
2082,2083,3262,5.327410311117831e-06,,
2082,2101,3263,5.3821175516999276e-05,,
2083,2084,3264,2.1929262570274943e-06,,
2084,2085,3265,5.263901454721776e-07,,
2085,2086,3266,5.983492200378748e-06,,
2086,2087,3267,4.484775943947028e-07,,
2087,2088,3268,1.06643944397522e-06,,
2088,2089,3269,2.9804470368377523e-06,,
2088,2222,3270,0.000310399348654955,,
2089,2090,3271,3.7647660520168102e-06,,
2090,2091,3272,2.1807645267379883e-06,,
2091,2092,3273,4.358203427923257e-06,,
2092,2093,3274,7.760649599286573e-06,,
2093,2094,3275,7.823084620217635e-06,,
2094,2095,3276,2.2669443613398954e-06,,
2094,2120,3277,4.6716968602034115e-05,,
2095,2096,3278,7.399288622922384e-07,,
2096,2097,3279,1.5255371998978973e-06,,
2097,2098,3280,6.576330149332676e-07,,
2098,2099,3281,1.5026978922305645e-06,,
2099,2100,3282,7.656802929467688e-07,,
2099,2219,3283,0.00026386846707959766,,
2100,2101,3284,1.9497026779724536e-06,,
2101,2102,3285,1.9854271187114136e-06,,
2102,2103,3286,3.152875021061874e-07,,
2102,2131,3287,5.375606800495092e-05,,
2103,2104,3288,4.663931949311362e-06,,
2104,2105,3289,2.035611538442339e-06,,
2105,2190,3290,0.00017213134762894544,,
2105,2106,3291,1.5441143023098292e-06,,
2106,2107,3292,9.107768931260196e-07,,
2107,2108,3293,5.049326250672337e-06,,
2107,2178,3294,0.00014471434482199452,,
2108,2109,3295,1.1182276841159577e-06,,
2109,2113,3296,9.1808928511794e-06,,
2109,2110,3297,4.2177737002990767e-07,,
2110,2111,3298,3.0588978860990323e-06,,
2110,2255,3299,0.0003019879147390103,,
2111,2112,3300,3.892642279623715e-07,,
2112,2113,3301,5.310953367088089e-06,,
2112,2318,3302,0.0005351127579916737,,
2113,2114,3303,6.361951230271501e-06,,
2114,2115,3304,4.321813629193372e-08,,
2114,2242,3305,0.00026375029150549345,,
2115,2116,3306,1.7048696476784642e-07,,
2116,2117,3307,1.648338540327643e-06,,
2117,2118,3308,1.588829930843083e-06,,
2118,2136,3309,2.6550431058813828e-05,,
2118,2119,3310,3.444453005041481e-07,,
2119,2120,3311,3.479781074400279e-07,,
2119,2156,3312,7.757997520108084e-05,,
2120,2121,3313,3.5748885818254195e-07,,
2121,2122,3314,1.1881681957204293e-06,,
2122,2123,3315,2.1758093731172323e-06,,
2122,2194,3316,0.00015201107717854878,,
2123,2124,3317,8.34165954533006e-07,,
2123,2154,3318,5.922842283723195e-05,,
2124,2125,3319,6.647305764717615e-07,,
2124,2179,3320,0.00011778266755058109,,
2125,2126,3321,4.730768698890664e-06,,
2126,2127,3322,6.56581651492516e-07,,
2126,2166,3323,8.630207508186771e-05,,
2127,2128,3324,1.6096633990159148e-06,,
2128,2163,3325,7.914061249092441e-05,,
2128,2129,3326,1.7306977098119347e-06,,
2129,2227,3327,0.0002242358716351145,,
2129,2130,3328,4.600861388537325e-07,,
2130,2131,3329,4.02449026715157e-06,,
2131,2132,3330,3.213358783504816e-07,,
2132,2133,3331,2.771373570631397e-07,,
2133,2134,3332,1.5567271862693133e-06,,
2133,2145,3333,2.2159783201858296e-05,,
2134,2135,3334,3.847580712035281e-06,,
2135,2136,3335,1.422575693910133e-06,,
2136,2137,3336,1.1010265807964714e-06,,
2137,2138,3337,8.536494122690641e-07,,
2138,2139,3338,1.4710383120508652e-06,,
2138,2139,3339,1.4710383120508652e-06,,
2139,2140,3340,9.121417177127e-09,,
2140,2141,3341,7.248454481079136e-08,,
2140,2207,3342,0.0001506441938504688,,
2141,2142,3343,5.359808501692598e-06,,
2141,2210,3344,0.00017062198191319933,,
2142,2143,3345,2.5633060162233434e-06,,
2142,2160,3346,4.6561078871021344e-05,,
2143,2144,3347,3.073649317397731e-06,,
2144,2145,3348,8.288155072255776e-07,,
2145,2146,3349,3.7824230495475675e-06,,
2146,2147,3350,3.4354211992937422e-06,,
2146,2151,3351,1.3983529266625716e-05,,
2147,2148,3352,1.5033901434868824e-07,,
2148,2149,3353,5.381564429862706e-06,,
2149,2150,3354,1.2303537832991651e-06,,
2150,2151,3355,3.785850839821414e-06,,
2150,2206,3356,0.00012453737561479716,,
2151,2152,3357,5.753850030876251e-07,,
2152,2153,3358,1.053785180449296e-06,,
2153,2154,3359,2.3638595040287314e-06,,
2153,2162,3360,2.3990299747200794e-05,,
2154,2155,3361,1.094324177108863e-05,,
2155,2156,3362,3.3388660583000274e-06,,
2156,2157,3363,3.419932322001884e-06,,
2157,2158,3364,2.42323549448642e-07,,
2158,2170,3365,2.2137258154808492e-05,,
2158,2159,3366,3.7482033676816684e-07,,
2159,2252,3367,0.0001973891702442554,,
2159,2160,3368,1.714198882840634e-08,,
2160,2161,3369,1.3796619839911983e-06,,
2161,2162,3370,1.910452232745108e-06,,
2161,2224,3371,0.00015307767590611032,,
2162,2163,3372,6.781659690924258e-06,,
2163,2164,3373,6.735986655126425e-07,,
2164,2165,3374,2.642243580153192e-06,,
2164,2216,3375,0.00012210065318818408,,
2165,2166,3376,1.5793752947690365e-06,,
2165,2294,3377,0.0003314793465082344,,
2166,2167,3378,3.1556222879203233e-07,,
2167,2168,3379,2.3397552804116373e-06,,
2168,2241,3380,0.0001602411944631177,,
2168,2169,3381,4.005857831779203e-06,,
2169,2170,3382,1.1712904013361225e-07,,
2170,2171,3383,2.298364415009857e-06,,
2171,2172,3384,1.2281572390193674e-06,,
2171,2202,3385,5.955907145671624e-05,,
2172,2173,3386,2.6068319325389666e-07,,
2173,2174,3387,4.0382186439202883e-07,,
2173,2185,3388,2.4702264620035663e-05,,
2174,2175,3389,6.723233811900542e-07,,
2175,2176,3390,1.8116618673014173e-06,,
2176,2244,3391,0.0001512821234196382,,
2176,2177,3392,1.3279945554334205e-07,,
2177,2178,3393,9.021327289970849e-06,,
2178,2179,3394,3.4776501065536536e-06,,
2179,2180,3395,5.915914767395947e-06,,
2180,2181,3396,5.031335034155759e-07,,
2181,2184,3397,2.3166777172178854e-06,,
2181,2182,3398,3.6836809569340545e-07,,
2182,2183,3399,1.2644483396995199e-06,,
2183,2184,3400,6.838612818249601e-07,,
2183,2263,3401,0.00017261321286143883,,
2184,2185,3402,4.469546670549107e-07,,
2185,2186,3403,2.7760879046656584e-06,,
2186,2275,3404,0.00019671310408431175,,
2186,2187,3405,4.292839289599115e-06,,
2187,2188,3406,1.9880672981198444e-06,,
2188,2189,3407,2.634413716062767e-07,,
2189,2198,3408,1.759164121484247e-05,,
2189,2190,3409,2.981344985886203e-06,,
2190,2191,3410,1.2425500879320595e-06,,
2191,2192,3411,1.476895265972722e-06,,
2192,2208,3412,4.371887089993365e-05,,
2192,2193,3413,2.0735596935050893e-06,,
2193,2221,3414,8.242006864200846e-05,,
2193,2194,3415,4.940967747946168e-06,,
2194,2195,3416,1.0887772554646347e-06,,
2195,2196,3417,1.9512237016128253e-06,,
2196,2197,3418,4.855390691727024e-07,,
2197,2198,3419,1.3507834073500646e-06,,
2198,2199,3420,3.1038344272538154e-07,,
2199,2200,3421,1.728404286360785e-08,,
2200,2201,3422,1.2062895557996e-06,,
2201,2203,3423,1.3087862116734073e-05,,
2201,2202,3424,4.92193228418536e-06,,
2202,2203,3425,8.165929832548713e-06,,
2203,2204,3426,6.427653017615498e-07,,
2204,2205,3427,4.42873229167251e-06,,
2205,2206,3428,1.582009934053552e-06,,
2206,2207,3429,2.286528719697145e-07,,
2207,2208,3430,1.0324040467302176e-05,,
2208,2209,3431,8.548095868921024e-06,,
2209,2210,3432,1.178136271318131e-06,,
2209,2260,3433,9.917495540512355e-05,,
2210,2211,3434,2.4499891422280484e-06,,
2211,2301,3435,0.0002526171031494995,,
2211,2212,3436,4.8602274356213115e-06,,
2212,2213,3437,1.2693027561239134e-06,,
2213,2214,3438,4.2549117651446977e-07,,
2214,2215,3439,3.5898443184745332e-06,,
2214,2218,3440,1.4370995196077985e-05,,
2215,2216,3441,1.5500763919096272e-06,,
2216,2217,3442,1.0851498335462395e-06,,
2217,2218,3443,8.145924652147585e-06,,
2218,2219,3444,4.809242705183792e-07,,
2219,2220,3445,3.2488152982290686e-06,,
2220,2221,3446,3.94278002002757e-06,,
2221,2222,3447,3.7786296633868233e-06,,
2222,2223,3448,3.355901764257041e-07,,
2223,2224,3449,5.93498214462862e-07,,
2224,2225,3450,8.519211980306807e-07,,
2225,2226,3451,8.889353593222182e-07,,
2226,2227,3452,6.995363142081601e-07,,
2227,2228,3453,2.1088251896950183e-06,,
2228,2229,3454,1.1182450289082269e-06,,
2229,2230,3455,1.768746553110212e-06,,
2230,2231,3456,1.967812842562644e-06,,
2230,2257,3457,4.592504296052624e-05,,
2231,2232,3458,2.900729585419981e-06,,
2232,2272,3459,6.924053938339725e-05,,
2232,2233,3460,2.4117409991308847e-07,,
2233,2274,3461,7.855037628601291e-05,,
2233,2234,3462,3.671957578110785e-06,,
2234,2235,3463,2.6387211637945995e-07,,
2235,2240,3464,6.267639284573967e-06,,
2235,2236,3465,2.235597110322729e-06,,
2236,2247,3466,1.0181959591015755e-05,,
2236,2237,3467,2.402262000433808e-06,,
2237,2238,3468,8.743145967216037e-07,,
2237,2283,3469,0.00012137471646167519,,
2238,2262,3470,4.502834364006336e-05,,
2238,2239,3471,7.369476082708104e-07,,
2239,2240,3472,1.8517968825015885e-08,,
2240,2241,3473,6.567703800808289e-07,,
2241,2242,3474,4.5727581421406427e-07,,
2242,2243,3475,1.1560281429900954e-06,,
2243,2244,3476,2.2562383139579367e-07,,
2244,2245,3477,1.4086478139496705e-06,,
2245,2282,3478,0.00010535845995618409,,
2245,2246,3479,5.582867479425602e-08,,
2246,2256,3480,2.4088121810761365e-05,,
2246,2247,3481,2.1897427593398078e-06,,
2247,2248,3482,8.597962674494752e-06,,
2248,2249,3483,1.1863371330855799e-06,,
2249,2278,3484,6.703708551569765e-05,,
2249,2250,3485,1.2229576494826588e-06,,
2250,2251,3486,7.33924006235398e-07,,
2251,2261,3487,2.3935189343626817e-05,,
2251,2252,3488,2.2741963350281225e-06,,
2252,2253,3489,2.2309674426734816e-06,,
2253,2269,3490,3.089435949232833e-05,,
2253,2298,3491,0.00016332353024350876,,
2253,2254,3492,5.184295072124812e-07,,
2254,2255,3493,1.3159105514137792e-06,,
2254,2324,3494,0.0002599831713329115,,
2255,2256,3495,3.8176937517953036e-06,,
2256,2257,3496,2.563560985380242e-06,,
2257,2258,3497,6.511648505957979e-07,,
2258,2259,3498,1.6763843013745117e-06,,
2259,2260,3499,6.5517740284182224e-06,,
2260,2261,3500,2.335107589734875e-06,,
2261,2262,3501,2.446589839277813e-06,,
2262,2263,3502,2.3755110578616012e-07,,
2263,2264,3503,5.095247639363976e-07,,
2264,2265,3504,2.1678322690288354e-06,,
2265,2266,3505,2.6232758540967183e-06,,
2266,2273,3506,1.5061198985755198e-05,,
2266,2267,3507,2.910035203917971e-07,,
2267,2268,3508,4.032554968835811e-07,,
2268,2269,3509,2.7853010770018116e-06,,
2269,2270,3510,2.7622663651971635e-06,,
2270,2271,3511,1.2749909698017703e-06,,
2270,2276,3512,1.9140795179950487e-05,,
2271,2279,3513,3.688747440067086e-05,,
2271,2272,3514,1.4680168193281773e-06,,
2272,2273,3515,6.076364737150897e-06,,
2273,2274,3516,3.4746462653778565e-06,,
2274,2275,3517,4.170316938223451e-06,,
2275,2276,3518,2.676459450068336e-06,,
2276,2277,3519,6.705020540564988e-06,,
2277,2278,3520,1.0725985042370212e-06,,
2278,2279,3521,1.1244051145720135e-05,,
2279,2280,3522,4.073286809402887e-06,,
2280,2281,3523,6.5044301634786805e-06,,
2280,2281,3524,6.5044301634786805e-06,,
2281,2282,3525,4.469735080170345e-06,,
2282,2283,3526,1.0482130349043217e-05,,
2283,2284,3527,5.128779351215584e-06,,
2284,2299,3528,6.383260429210225e-05,,
2284,2285,3529,7.906959524683899e-06,,
2285,2296,3530,4.759957847610963e-05,,
2285,2286,3531,6.060322429668474e-06,,
2286,2287,3532,8.251348451171481e-07,,
2287,2293,3533,2.165270861254065e-05,,
2287,2288,3534,6.814438235913656e-09,,
2288,2289,3535,1.1186845395583234e-06,,
2289,2307,3536,6.77122165987365e-05,,
2289,2290,3537,3.5401790914324494e-06,,
2290,2303,3538,5.3625555516800816e-05,,
2290,2291,3539,1.149097198549498e-05,,
2291,2297,3540,2.500525511672791e-05,,
2291,2292,3541,3.639368705510293e-06,,
2292,2322,3542,0.00011935224392800592,,
2292,2293,3543,1.8566898523086905e-06,,
2293,2294,3544,6.341388570141326e-06,,
2294,2295,3545,1.1674799593408558e-05,,
2295,2296,3546,1.0452244252334708e-06,,
2295,2309,3547,3.717347432519169e-05,,
2296,2297,3548,4.4778397012557036e-07,,
2297,2298,3549,4.89175529128083e-06,,
2298,2299,3550,2.9865270299023194e-06,,
2299,2300,3551,2.102853217667011e-06,,
2300,2301,3552,5.7522806430343465e-06,,
2301,2302,3553,7.605301258761799e-07,,
2302,2304,3554,3.3705023931851485e-06,,
2302,2303,3555,6.353821068172394e-07,,
2303,2304,3556,2.735120286367909e-06,,
2304,2305,3557,2.7452330032540218e-06,,
2305,2306,3558,1.5966051527538383e-06,,
2305,2344,3559,0.00014677744687574545,,
2306,2307,3560,3.4695235481274622e-06,,
2307,2308,3561,5.319590950625397e-06,,
2308,2309,3562,2.6850645741260948e-06,,
2308,2316,3563,2.6690228144610195e-05,,
2309,2310,3564,5.9227798550054445e-06,,
2310,2311,3565,2.2429036765636567e-06,,
2311,2312,3566,3.015245659154786e-06,,
2312,2313,3567,1.7059360286619807e-06,,
2312,2338,3568,8.596028133467382e-05,,
2313,2314,3569,7.471969600270079e-06,,
2314,2315,3570,3.3220432559266655e-06,,
2314,2342,3571,9.080194872290726e-05,,
2315,2316,3572,3.242854949014884e-07,,
2316,2317,3573,9.510546868041203e-06,,
2317,2375,3574,0.00024488483244389236,,
2317,2318,3575,1.0779394104765139e-05,,
2318,2319,3576,4.863238943220161e-06,,
2319,2323,3577,1.6780068512467494e-05,,
2319,2320,3578,1.167807293966927e-05,,
2320,2321,3579,1.0418935100231508e-06,,
2320,2335,3580,3.1565835333702275e-05,,
2321,2322,3581,4.2758165075262866e-07,,
2321,2355,3582,0.0001179927543739634,,
2322,2323,3583,3.632520412022444e-06,,
2323,2324,3584,4.509479590852905e-07,,
2324,2325,3585,3.897961689980356e-06,,
2325,2360,3586,0.0001275684203272398,,
2325,2326,3587,8.127689024028939e-07,,
2326,2327,3588,1.186752572435168e-06,,
2326,2362,3589,0.00013257880765960017,,
2327,2328,3590,3.126302716927043e-06,,
2328,2332,3591,1.2600819749630787e-05,,
2328,2329,3592,4.9925902048109094e-06,,
2329,2334,3593,1.0891989216554876e-05,,
2329,2330,3594,3.515591033065313e-06,,
2330,2350,3595,7.617192595699152e-05,,
2330,2331,3596,4.93689120362184e-07,,
2331,2332,3597,3.598949391392381e-06,,
2331,2345,3598,4.942616094405494e-05,,
2332,2333,3599,2.57530541891704e-06,,
2333,2341,3600,1.99996259733215e-05,,
2333,2334,3601,7.084542528179583e-07,,
2334,2335,3602,1.1045264987075143e-06,,
2335,2336,3603,4.300372424825838e-06,,
2336,2337,3604,3.486682094155924e-07,,
2337,2351,3605,6.996884426202499e-05,,
2337,2338,3606,8.991813127412485e-08,,
2338,2339,3607,6.611764024055944e-07,,
2339,2340,3608,5.134295529396482e-06,,
2339,2341,3609,1.2786510053874878e-05,,
2341,2342,3610,5.718865608850265e-07,,
2342,2343,3611,2.1959359896350783e-05,,
2343,2344,3612,5.865192111986772e-07,,
2343,2364,3613,8.298507286474965e-05,,
2344,2345,3614,1.345144919895347e-07,,
2345,2346,3615,3.851498636908701e-06,,
2346,2348,3616,1.5177408186684005e-05,,
2346,2347,3617,3.208552999289793e-06,,
2347,2352,3618,2.7559985925074137e-05,,
2347,2348,3619,1.1968855187394212e-05,,
2348,2349,3620,7.136177456956716e-06,,
2349,2350,3621,8.699161202496697e-08,,
2350,2351,3622,6.92688362147198e-06,,
2351,2352,3623,1.441078047226263e-06,,
2352,2353,3624,2.83238118947704e-06,,
2353,2356,3625,1.587402423530726e-05,,
2353,2354,3626,1.1257299844524837e-06,,
2354,2355,3627,7.451738432862065e-06,,
2354,2359,3628,1.959371493409634e-05,,
2355,2356,3629,7.2965558179927115e-06,,
2356,2357,3630,4.008211901385117e-06,,
2357,2358,3631,2.6211944970100376e-07,,
2357,2388,3632,0.0001823367501901929,,
2358,2359,3633,5.750893321554429e-07,,
2358,2366,3634,3.663602423797929e-05,,
2359,2360,3635,5.8427011638828574e-06,,
2360,2361,3636,1.0156979565190127e-06,,
2361,2362,3637,4.807458278244248e-06,,
2361,2377,3638,8.350356297615047e-05,,
2362,2363,3639,1.1856720944614096e-05,,
2363,2364,3640,5.695971490027318e-07,,
2363,2387,3641,0.0001421990979266763,,
2364,2365,3642,7.00828853950064e-06,,
2365,2366,3643,4.960470874060263e-06,,
2365,2369,3644,1.6558557556223263e-05,,
2366,2367,3645,2.6266014498954604e-06,,
2367,2368,3646,3.738286762144938e-06,,
2367,2380,3647,6.116692495083953e-05,,
2368,2369,3648,5.233198470122602e-06,,
2368,2370,3649,1.8661990680568508e-05,,
2369,2370,3650,1.3428792210445906e-05,,
2370,2371,3651,2.7528003633259246e-06,,
2371,2372,3652,7.2594886301180495e-06,,
2371,2381,3653,4.412665584430098e-05,,
2372,2373,3654,1.4318075844954592e-06,,
2372,2389,3655,0.00013893369989237403,,
2373,2374,3656,1.1494894060382066e-05,,
2374,2375,3657,2.3606976342627206e-06,,
2375,2376,3658,3.691950618667228e-06,,
2376,2383,3659,2.0033870480551386e-05,,
2376,2377,3660,2.8250940686813664e-07,,
2377,2378,3661,1.2495145248481165e-06,,
2378,2379,3662,1.6808267980783498e-06,,
2378,2394,3663,0.00023585527352221192,,
2379,2380,3664,6.5621578870800334e-06,,
2379,2390,3665,0.0001445840594582748,,
2380,2381,3666,8.112808699500818e-06,,
2381,2382,3667,2.110089322160391e-06,,
2382,2393,3668,0.00017817133531949914,,
2382,2383,3669,3.596384201554059e-08,,
2383,2384,3670,6.31873283951645e-06,,
2384,2385,3671,6.5311170964754695e-06,,
2384,2395,3672,0.00021988332965094948,,
2385,2386,3673,2.386764514472617e-05,,
2385,2392,3674,0.000165216832326065,,
2386,2387,3675,1.8890858018982826e-05,,
2387,2388,3676,1.577786513839996e-05,,
2388,2389,3677,2.8534261275914297e-05,,
2389,2390,3678,2.784256019350284e-05,,
2390,2391,3679,2.0296379368955897e-05,,
2391,2392,3680,3.0007263185583e-05,,
2392,2393,3681,6.868921542668716e-08,,
2393,2394,3682,3.921805549589319e-05,,
2394,2395,3683,8.848635517089143e-06,,
2395,2396,3684,6.75486857963925e-05,,
