birth,death,raw_death,edge_id
0.0,0.00021757516927204,3.150310456945249e-09,2311
0.0,0.0002490913281271675,3.606638654396477e-09,3226
0.0,0.0003169001212161295,4.588454505238815e-09,2950
0.0,0.00033278886241420606,4.818510479509541e-09,587
0.0,0.0004706369651296063,6.814438235913656e-09,3534
0.0,0.0005415308344028791,7.840923466062577e-09,2021
0.0,0.0005622721070872718,8.141240126491311e-09,2678
0.0,0.0005931452893415748,8.588258548769545e-09,901
0.0,0.0006299677169718361,9.121417177127e-09,3340
0.0,0.0007533640167512925,1.0908094649764166e-08,2918
0.0,0.0008542503617092644,1.2368846391552779e-08,3185
0.0,0.000869556915985025,1.2590472775464434e-08,3225
0.0,0.0009532663659078357,1.3802517129235525e-08,2234
0.0,0.0011184610367457966,1.619440082034629e-08,893
0.0,0.0011713021964192096,1.6959497584068117e-08,2948
0.0,0.0011839058949816856,1.714198882840634e-08,3368
0.0,0.0011937168108190775,1.728404286360785e-08,3421
0.0,0.0012789375068716327,1.8517968825015885e-08,3472
0.0,0.001517595139333186,2.1973536101782543e-08,3221
0.0,0.001590409289221577,2.302782542429327e-08,2874
0.0,0.0016283455067523328,2.3577110819239522e-08,1711
0.0,0.0017434025637249008,2.524304287820911e-08,3170
0.0,0.0017710254994537282,2.5643000389763415e-08,2738
0.0,0.0018131672999913853,2.6253179186142006e-08,2934
0.0,0.0018286730846173841,2.6477690262538545e-08,204
0.0,0.0018336327418098611,2.6549502041284256e-08,1254
0.0,0.0018669403942669595,2.703176960050513e-08,2160
0.0,0.0019097773579029094,2.7652013789847274e-08,302
0.0,0.001972416766341452,2.8558981179926946e-08,351
0.0,0.00218263824776974,3.160281625280703e-08,1776
0.0,0.0022423252622385164,3.246703539350193e-08,3078
0.0,0.00233555713006054,3.381695656834438e-08,2993
0.0,0.002351444820781074,3.404699733255967e-08,3025
0.0,0.0024366044051109107,3.528003844621708e-08,1623
0.0,0.002483831076697004,3.596384201554059e-08,3669
0.0,0.002499641829522211,3.619276878197297e-08,213
0.0,0.002508905622917587,3.632690093180457e-08,2532
0.0,0.002650384375380018,3.8375397526380084e-08,2035
0.0,0.0027777432834776034,4.0219450325729156e-08,2188
0.0,0.002875073830964226,4.162871702906301e-08,650
0.0,0.0029848465565065407,4.321813629193372e-08,3304
0.0,0.003112871827748777,4.5071837484478294e-08,3252
0.0,0.003139849816272923,4.546245668812787e-08,2724
0.0,0.003411529486315848,4.9396156054370977e-08,2473
0.0,0.0035713754245492624,5.1710594473064475e-08,2248
0.0,0.003585920413277703,5.192119401087325e-08,1935
0.0,0.0036019528321997825,5.215333032104752e-08,2448
0.0,0.003611841905099868,5.229651600657803e-08,2073
0.0,0.003735058327852567,5.408058900702173e-08,2183
0.0,0.0037996495772388136,5.501581745726014e-08,1335
0.0,0.0038133097111615164,5.521360502136474e-08,3114
0.0,0.0038557893054046496,5.582867479425602e-08,3479
0.0,0.003988147129417463,5.774510780653941e-08,3211
0.0,0.0042512308950858,6.155434550958461e-08,3116
0.0,0.0044000754427207375,6.370949279244087e-08,2976
0.0,0.004463703940941008,6.463078139340439e-08,2714
0.0,0.004476959955386399,6.482271763808001e-08,2075
0.0,0.00454067848029882,6.574530975189674e-08,2146
0.0,0.004605750526355249,6.668749974458876e-08,2058
0.0,0.004693831488730335,6.796284002241748e-08,1660
0.0,0.004743998370280246,6.868921542668716e-08,3681
0.0,0.004747685423770353,6.874260094491547e-08,1850
0.0,0.004808211493757566,6.961896892310193e-08,1598
0.0,0.004940089801609318,7.152845893365622e-08,1645
0.0,0.005006121562414884,7.248454481079136e-08,3341
0.0,0.005286578915453537,7.654533784595685e-08,1906
0.0,0.005420294385843335,7.848142846711426e-08,2718
0.0,0.005593272995589689,8.098601722572596e-08,2929
0.0,0.005595233094671064,8.101439785690445e-08,2960
0.0,0.00561793127666561,8.134304896323385e-08,2207
0.0,0.005739221177279691,8.309922749916154e-08,3076
0.0,0.005776207755444452,8.363476289297012e-08,2305
0.0,0.005901956450159454,8.545550111982436e-08,1933
0.0,0.006008047451276566,8.699161202496697e-08,3621
0.0,0.0060533744684124246,8.76479101519223e-08,2138
0.0,0.00607163126969655,8.791225369897404e-08,2833
0.0,0.006210166553414466,8.991813127412485e-08,3606
0.0,0.006323045433701412,9.15525251166116e-08,3103
0.0,0.006363143955738866,9.213311891187459e-08,2600
0.0,0.006371857597943107,9.225928532252681e-08,1907
0.0,0.006454481107121874,9.345560614271164e-08,2705
0.0,0.006476239433760234,9.377064891236131e-08,336
0.0,0.006544405527232539,9.47576381804538e-08,2676
0.0,0.006629706220600418,9.599272243754342e-08,592
0.0,0.006763116730458726,9.792439747968729e-08,3156
0.0,0.007115108145989374,1.030209452190789e-07,1571
0.0,0.007331792717333931,1.0615836054661543e-07,2123
0.0,0.007356587637167549,1.065173707015532e-07,1802
0.0,0.007596550568486514,1.0999183763793496e-07,2936
0.0,0.007629598200914865,1.1047034031985703e-07,455
0.0,0.0077475076878008526,1.1217757323045419e-07,2758
0.0,0.0079136559698834,1.145832644322553e-07,1797
0.0,0.008055785358998223,1.1664118171328397e-07,1650
0.0,0.008062231832966796,1.1673452138261098e-07,3140
0.0,0.008089479142463184,1.1712904013361225e-07,3382
0.0,0.0081883234204206,1.1856022441580905e-07,2895
0.0,0.008701210047895076,1.2598640319883003e-07,2901
0.0,0.008967677946135361,1.2984464037302246e-07,3158
0.0,0.008987312682581704,1.3012893529396052e-07,1962
0.0,0.00917175129688482,1.3279945554334205e-07,3392
0.0,0.009206447941355347,1.333018345706094e-07,1910
0.0,0.009290199732424063,1.345144919895347e-07,3614
0.0,0.009326852964160533,1.35045200799766e-07,513
0.0,0.009712609457610075,1.406306392448542e-07,1955
0.0,0.0097942100393619,1.4181214891273441e-07,2560
0.0,0.009900154840075365,1.4334614295563597e-07,1969
0.0,0.009987392192306759,1.4460926844872546e-07,1945
0.0,0.010313111486547679,1.4932541736456528e-07,2464
0.0,0.010383115233292063,1.5033901434868824e-07,3352
0.0,0.010451199458525538,1.5132481823165733e-07,342
0.0,0.010541672918008041,1.52634799910345e-07,3247
0.0,0.01054535070889325,1.5268805131363195e-07,2508
0.0,0.0108848681790072,1.576039865280876e-07,2672
0.0,0.011042065725337426,1.5988007839862206e-07,3126
0.0,0.011684060344356081,1.6917563527840684e-07,1853
0.0,0.011774626889950731,1.7048696476784642e-07,3306
0.0,0.011814221221106458,1.7106025829161098e-07,2092
0.0,0.011859501886879224,1.7171588528874793e-07,2834
0.0,0.012388114078817626,1.7936975738042094e-07,1540
0.0,0.01273445234562031,1.8438445215096522e-07,2103
0.0,0.013070894661578706,1.8925586164897368e-07,3124
0.0,0.013164841475214784,1.9061613465432004e-07,1989
0.0,0.013164977975953535,1.9061811107334847e-07,3015
0.0,0.013713330994902337,1.9855781419053642e-07,909
0.0,0.0137628261075655,1.9927446293088735e-07,2015
0.0,0.0138414258890357,2.0041252346558736e-07,253
0.0,0.013848336267688865,2.0051258009523565e-07,3254
0.0,0.014380681258730642,2.0822050006419346e-07,2450
0.0,0.014459727470153179,2.0936502453938743e-07,3197
0.0,0.014485956015794199,2.0974479242319433e-07,1481
0.0,0.014663329823577705,2.1231302005375596e-07,2927
0.0,0.014811936426547724,2.144647220925222e-07,1748
0.0,0.015329542389556777,2.2195923299328513e-07,1418
0.0,0.01545127803769618,2.2372186558872187e-07,2403
0.0,0.015582636688876403,2.2562383139579367e-07,3476
0.0,0.015722238529344002,2.276451518401501e-07,1296
0.0,0.01572749497327921,2.2772126084813493e-07,1473
0.0,0.015791836393035642,2.286528719697145e-07,3429
0.0,0.015956160171984687,2.3103214585873388e-07,3080
0.0,0.01629378146112524,2.3592062592392438e-07,2684
0.0,0.016365990911667485,2.36966159694596e-07,2621
0.0,0.016394087459413523,2.373729747207065e-07,1993
0.0,0.016406390023636433,2.3755110578616012e-07,3502
0.0,0.016429232565782,2.3788184710937799e-07,2671
0.0,0.016656610937165826,2.4117409991308847e-07,3460
0.0,0.016735997296283663,2.42323549448642e-07,3364
0.0,0.01698511002501536,2.4593049796628463e-07,3222
0.0,0.017120545801901265,2.478914972181556e-07,3131
0.0,0.017141869905596394,2.4820025279481683e-07,2531
0.0,0.017176064636497825,2.486953645242096e-07,2669
0.0,0.01744686728814412,2.5261636538154164e-07,2624
0.0,0.017450990903231843,2.5267607195456065e-07,888
0.0,0.017868819457517112,2.587258876030063e-07,2642
0.0,0.017911881123666772,2.593493853009221e-07,3176
0.0,0.01795357385655666,2.599530619651347e-07,475
0.0,0.018004000137050055,2.6068319325389666e-07,3386
0.0,0.018070047655018757,2.6163950728186336e-07,1558
0.0,0.018103194722430823,2.6211944970100376e-07,3631
0.0,0.01819449282978722,2.634413716062767e-07,3407
0.0,0.018224242077748413,2.6387211637945995e-07,3463
0.0,0.018682671504700234,2.705097994493144e-07,2836
0.0,0.018843661305629186,2.7284080006406697e-07,1896
0.0,0.018879149327739625,2.733546375921492e-07,2504
0.0,0.019106346541587573,2.766442673829417e-07,2968
0.0,0.019121958202081492,2.768703114552906e-07,2410
0.0,0.01914040162031763,2.771373570631397e-07,3331
0.0,0.019334951794063665,2.7995428442118e-07,1269
0.0,0.019511420496594795,2.8250940686813664e-07,3660
0.0,0.019620358353193406,2.840867379116929e-07,2730
0.0,0.019743583578487846,2.8587093836573985e-07,1729
0.0,0.019899065756333184,2.881221931039235e-07,3129
0.0,0.01996793284803816,2.891193322529517e-07,2720
0.0,0.020079378025840512,2.9073296725634634e-07,2664
0.0,0.02009806369033209,2.910035203917971e-07,3507
0.0,0.02023612852880086,2.9300258630460263e-07,274
0.0,0.02029402572123047,2.938408902863898e-07,2445
0.0,0.020323840206147355,2.9427257963732245e-07,218
0.0,0.020789010662504166,3.01007867298253e-07,2853
0.0,0.020822080032916697,3.0148668472840257e-07,2634
0.0,0.020919891898478413,3.029029205237066e-07,1313
0.0,0.02108437258963495,3.0528446637312356e-07,603
0.0,0.0212275414377795,3.0735743417054096e-07,2691
0.0,0.021256925326584377,3.077828888420342e-07,3077
0.0,0.021333973008316468,3.0889847624226974e-07,1861
0.0,0.021424948343029476,3.102157246637205e-07,2561
0.0,0.021436531736525006,3.1038344272538154e-07,3420
0.0,0.021545939877350654,3.1196758309981476e-07,372
0.0,0.021775229006042247,3.152875021061874e-07,3286
0.0,0.021794202915437266,3.1556222879203233e-07,3378
0.0,0.022178632609744516,3.211284562709693e-07,2994
0.0,0.02219295814834696,3.213358783504816e-07,3330
0.0,0.02232965247400578,3.233151003589896e-07,2598
0.0,0.022360653247109022,3.237639661923808e-07,2997
0.0,0.022396672458140796,3.242854949014884e-07,3572
0.0,0.022402170243540565,3.243650983364432e-07,3037
0.0,0.02249571399584459,3.2571953534343834e-07,1671
0.0,0.022662574279336985,3.281355357431792e-07,2022
0.0,0.022765233209301166,3.296219530657396e-07,1641
0.0,0.02276686301370653,3.296455513002172e-07,2939
0.0,0.023039287786703465,3.335900391476798e-07,2278
0.0,0.023148495171302737,3.3517127273618996e-07,2818
0.0,0.023157013470690418,3.3529461074266464e-07,2121
0.0,0.023177426618663358,3.355901764257041e-07,3448
0.0,0.023247524440655674,3.3660513554245597e-07,638
0.0,0.023563732182155614,3.41183564955827e-07,2009
0.0,0.023697004949104646,3.4311324559332945e-07,1855
0.0,0.023789002889200384,3.444453005041481e-07,3310
0.0,0.0238783884833413,3.4573953078265163e-07,2615
0.0,0.024032995053650363,3.479781074400279e-07,3311
0.0,0.024080656722619338,3.486682094155924e-07,3604
0.0,0.024363138430226992,3.52758313448831e-07,2823
0.0,0.024373504136225688,3.529084003917049e-07,3139
0.0,0.024689851966957003,3.5748885818254195e-07,3313
0.0,0.024703577728889082,3.576875959865333e-07,1972
0.0,0.0248317069130631,3.5954280175332087e-07,2145
0.0,0.024835134099878843,3.5959242461469643e-07,954
0.0,0.02540232037924778,3.6780481793563524e-07,1756
0.0,0.02544122297477574,3.6836809569340545e-07,3398
0.0,0.025442332578101502,3.683841618418171e-07,1859
0.0,0.02588684491052187,3.7482033676816684e-07,3366
0.0,0.026189743032550877,3.7920605377994576e-07,1289
0.0,0.026234570198734125,3.7985511447402587e-07,1330
0.0,0.026294900611528286,3.807286494961204e-07,1493
0.0,0.026424642071701372,3.8260719970040213e-07,1774
0.0,0.026486252096493336,3.834992624573985e-07,1537
0.0,0.026884407568068105,3.892642279623715e-07,3300
0.0,0.026950390585182164,3.9021960807072986e-07,2426
0.0,0.02706707155775168,3.919090530990488e-07,1891
0.0,0.027299130151634005,3.9526907169573633e-07,3234
0.0,0.027346274709614253,3.959516863272228e-07,1871
0.0,0.027388389450770545,3.96561473325896e-07,3064
0.0,0.02770595049871835,4.0115949750951785e-07,1503
0.0,0.027722406344434906,4.013977646932787e-07,2218
0.0,0.027788373197996704,4.023529107666235e-07,1997
0.0,0.02785071001522902,4.032554968835811e-07,3508
0.0,0.027889826003384736,4.0382186439202883e-07,3387
0.0,0.028002525021980362,4.054536539843667e-07,1800
0.0,0.028170200775086664,4.078814617169968e-07,2063
0.0,0.028469652556337148,4.122172785336886e-07,2996
0.0,0.028822817017902944,4.1733081102002245e-07,2907
0.0,0.029129917172784823,4.2177737002990767e-07,3297
0.0,0.029386410012320938,4.2549117651446977e-07,3438
0.0,0.02944164999497018,4.262910062724501e-07,2095
0.0,0.02953078793711356,4.2758165075262866e-07,3581
0.0,0.030052227322706196,4.351316664763516e-07,2681
0.0,0.030336017633958275,4.392407180198177e-07,2423
0.0,0.030415584069463566,4.403927749141445e-07,595
0.0,0.03086877902049594,4.469546670549107e-07,3402
0.0,0.03087871118597842,4.4709847668578107e-07,2487
0.0,0.030926054567919782,4.4778397012557036e-07,3548
0.0,0.03097395950295086,4.484775943947028e-07,3267
0.0,0.031108977067091405,4.504325382681529e-07,3101
0.0,0.031144574438546596,4.509479590852905e-07,3584
0.0,0.03125132333764627,4.524935958150067e-07,3046
0.0,0.031460952227057165,4.5552885064026327e-07,258
0.0,0.03151109757765132,4.5625491429390763e-07,2682
0.0,0.03158160569930269,4.5727581421406427e-07,3474
0.0,0.03177569985844728,4.600861388537325e-07,3328
0.0,0.03181515616298812,4.6065743386503044e-07,3204
0.0,0.03184544238899872,4.6109595364107747e-07,206
0.0,0.03186560631309166,4.6138791076622e-07,3217
0.0,0.031898476138777464,4.6186383895197025e-07,3190
0.0,0.03194221569265386,4.6249715190960217e-07,1938
0.0,0.03229769049938263,4.676441363038464e-07,2653
0.0,0.03265350109854214,4.7279598269778234e-07,1766
0.0,0.03301766506444747,4.78068779008467e-07,1932
0.0,0.03302026629987704,4.781064427694659e-07,3260
0.0,0.03316634046219493,4.802214771393309e-07,1533
0.0,0.0332148786588265,4.809242705183792e-07,3444
0.0,0.03339132107641591,4.83479012380883e-07,2401
0.0,0.03340176416503765,4.836302197608333e-07,1778
0.0,0.033422275045760626,4.8392720053414e-07,1307
0.0,0.03353359823014912,4.855390691727024e-07,3418
0.0,0.033547382573456554,4.857386551870846e-07,2535
0.0,0.033578729697439996,4.86192535897878e-07,616
0.0,0.03391961023500847,4.911282072139755e-07,2381
0.0,0.033948967432482505,4.915532754168339e-07,2981
0.0,0.034096478870442176,4.93689120362184e-07,3596
0.0,0.034608169026999085,5.010979752251288e-07,3165
0.0,0.03474666370247566,5.031032648261657e-07,1829
0.0,0.034748752120839305,5.031335034155759e-07,3396
0.0,0.03481406458056626,5.040791744015394e-07,2736
0.0,0.03484346121312059,5.045048135920993e-07,933
0.0,0.03485883883948643,5.047274690417325e-07,2543
0.0,0.03519016245441889,5.095247639363976e-07,3503
0.0,0.03558580154154572,5.152532942531707e-07,3097
0.0,0.03572159368335322,5.172194533775709e-07,2084
0.0,0.035805165658736926,5.184295072124812e-07,3492
0.0,0.0359036300548777,5.19855191116747e-07,926
0.0,0.03632170850013454,5.2590862498203e-07,3113
0.0,0.03635496455650855,5.263901454721776e-07,3265
0.0,0.0364330253509869,5.275204019161706e-07,2611
0.0,0.036470970417065714,5.280698154308539e-07,786
0.0,0.036583029917201915,5.296923453190772e-07,878
0.0,0.036856479726248594,5.336516748499776e-07,1981
0.0,0.03701797147141753,5.359899432066939e-07,3044
0.0,0.03794226518364129,5.493729600125619e-07,907
0.0,0.03823382594628354,5.535945213352989e-07,1008
0.0,0.03840784966616873,5.561142424337362e-07,3209
0.0,0.03849480344313773,5.573732619890137e-07,867
0.0,0.03880211591716667,5.618228952064541e-07,3207
0.0,0.03900719755766695,5.647923095875029e-07,3088
0.0,0.03915387883466256,5.669161344812323e-07,1950
0.0,0.039339042232463574,5.695971490027318e-07,3640
0.0,0.039436396358187006,5.710067570996458e-07,492
0.0,0.03944838565773844,5.711803523489323e-07,1874
0.0,0.039497159721082996,5.718865608850265e-07,3610
0.0,0.03953133093508937,5.723813321090176e-07,2914
0.0,0.0397183580794112,5.750893321554429e-07,3633
0.0,0.03973877849638202,5.753850030876251e-07,3357
0.0,0.03975046315744618,5.755541874208348e-07,3072
0.0,0.039872640650241785,5.773232175654286e-07,2924
0.0,0.04009260196008195,5.805080773857441e-07,2126
0.0,0.04024562366648839,5.827237065103574e-07,940
0.0,0.04034694131298855,5.841907031456373e-07,1798
0.0,0.040445172786820534,5.856130145254212e-07,2541
0.0,0.04050775896595179,5.865192111986772e-07,3612
0.0,0.04059739919738251,5.878171284168232e-07,2406
0.0,0.04064306771939998,5.884783712550856e-07,3066
0.0,0.04098976156134917,5.93498214462862e-07,3449
0.0,0.04126848505903173,5.975339026909054e-07,1684
0.0,0.041389168864774756,5.99281305468935e-07,2711
0.0,0.04151696151274926,6.011316384668675e-07,2133
0.0,0.04174176390617085,6.043865932170434e-07,2854
0.0,0.04176887817306989,6.047791856200746e-07,3229
0.0,0.04197685492967686,6.077905189139088e-07,1894
0.0,0.04218372143886965,6.107857767334579e-07,2420
0.0,0.042534085910054226,6.158587676496907e-07,2920
0.0,0.04269799009606844,6.182319661762747e-07,1879
0.0,0.04333681387546256,6.274816118922999e-07,1427
0.0,0.04345108504488223,6.291361649424232e-07,2732
0.0,0.043498753139399965,6.298263599546772e-07,1873
0.0,0.04360814785404914,6.314103059290588e-07,2797
0.0,0.043834374894378844,6.346858884009876e-07,2848
0.0,0.043882458993338785,6.353821068172394e-07,3555
0.0,0.04401977668924022,6.37370354716893e-07,958
0.0,0.04406965352397265,6.380925304805274e-07,3181
0.0,0.044259286404675274,6.408382594580431e-07,1291
0.0,0.04439237695594317,6.427653017615498e-07,3426
0.0,0.04497248907009727,6.511648505957979e-07,3497
0.0,0.04507780794721761,6.526897817771271e-07,2149
0.0,0.04514615262953983,6.536793568656663e-07,3239
0.0,0.04517997024667128,6.541690082961793e-07,2078
0.0,0.045321574174651075,6.562193173298425e-07,1967
0.0,0.045346598666000146,6.56581651492516e-07,3322
0.0,0.04535043029433741,6.566371303362573e-07,2983
0.0,0.045359633144699894,6.567703800808289e-07,3473
0.0,0.045419210740814446,6.576330149332676e-07,3280
0.0,0.04566393364658021,6.611764024055944e-07,3607
0.0,0.04582873632060505,6.635626103035364e-07,1720
0.0,0.04590142807069046,6.646151273770329e-07,3134
0.0,0.04590940152494876,6.647305764717615e-07,3319
0.0,0.04605778061135209,6.668789842567691e-07,3127
0.0,0.04637862074411761,6.715244869059944e-07,1652
0.0,0.046397661025290776,6.718001746008895e-07,2168
0.0,0.04641828477484165,6.720987896224884e-07,3237
0.0,0.04643379611856414,6.723233811900542e-07,3389
0.0,0.04644332661823948,6.724613750286323e-07,3018
0.0,0.046443747330661325,6.724674666003239e-07,1211
0.0,0.04648951790235479,6.731301870344097e-07,2938
0.0,0.04651001656840093,6.734269909491886e-07,3004
0.0,0.0465218732164087,6.735986655126425e-07,3373
0.0,0.04673632531594736,6.767037564747724e-07,2609
0.0,0.04723065748127499,6.838612818249601e-07,3400
0.0,0.047277684968517156,6.845422013679325e-07,1746
0.0,0.04729807547371504,6.848374392021128e-07,858
0.0,0.04734663690353604,6.855405689787375e-07,2990
0.0,0.04771790416024408,6.909162151291781e-07,2861
0.0,0.04794354124625183,6.941832555451555e-07,3208
0.0,0.04826431728455183,6.988278301589546e-07,2165
0.0,0.04827003093925269,6.989105592047906e-07,551
0.0,0.0483132485054709,6.995363142081601e-07,3452
0.0,0.04853780894401038,7.027877656495818e-07,1918
0.0,0.04870363482916778,7.051887888076536e-07,1844
0.0,0.04892916304122937,7.084542528179583e-07,3601
0.0,0.04901924397482613,7.097585510429383e-07,2952
0.0,0.04946044919691479,7.16146841717169e-07,879
0.0,0.049516992469478986,7.169655420469212e-07,2878
0.0,0.04972772002038022,7.200167045917638e-07,1764
0.0,0.050105618872803584,7.254883708229798e-07,897
0.0,0.05018503652388383,7.266382734405497e-07,2619
0.0,0.05058550039302088,7.324366626537682e-07,1825
0.0,0.05068822329476707,7.33924006235398e-07,3486
0.0,0.05083574865730497,7.360600527972494e-07,2051
0.0,0.050897047388029304,7.369476082708104e-07,3471
0.0,0.05103478443916627,7.38941928091208e-07,2177
0.0,0.05110294672944981,7.399288622922384e-07,3278
0.0,0.051357249852382776,7.436109634717525e-07,2156
0.0,0.051374420812603204,7.438595849285079e-07,2869
0.0,0.05138020746399168,7.439433709066634e-07,3166
0.0,0.05194532041506853,7.521257441300833e-07,1811
0.0,0.052241861898128135,7.564194222098308e-07,581
0.0,0.05249226176089025,7.60045007375254e-07,3232
0.0,0.05252576631271092,7.605301258761799e-07,3553
0.0,0.05262584102191463,7.619791257962305e-07,905
0.0,0.0527006929525485,7.63062920516866e-07,2152
0.0,0.0528814609299485,7.656802929467688e-07,3282
0.0,0.05304138182780566,7.679958167194911e-07,3040
0.0,0.05314224592870998,7.694562463855803e-07,301
0.0,0.05320639553280073,7.703850801732415e-07,2896
0.0,0.05344195081370642,7.737957279374541e-07,1677
0.0,0.053934793210186016,7.80931682653474e-07,1724
0.0,0.05400920997474718,7.820091765253778e-07,2891
0.0,0.05415591294372065,7.841333155012009e-07,2780
0.0,0.0543039883040953,7.862773255817856e-07,3061
0.0,0.05440348609409984,7.87717972183799e-07,2067
0.0,0.05441519099794291,7.878874496158872e-07,2236
0.0,0.05444804153931471,7.883630985805468e-07,2862
0.0,0.0552642072287801,8.001805100743553e-07,3082
0.0,0.0555460273809031,8.042610353253821e-07,1672
0.0,0.05578897339240441,8.077786948224031e-07,3177
0.0,0.0558639036487908,8.088636236358582e-07,2864
0.0,0.05590663636211532,8.09482358365976e-07,2194
0.0,0.056019703001844445,8.111194708115832e-07,3138
0.0,0.0561336204593734,8.127689024028939e-07,3587
0.0,0.05615957609554955,8.131447187809115e-07,2690
0.0,0.05633636254836794,8.157044419920823e-07,3107
0.0,0.05637759229669955,8.163014150186498e-07,621
0.0,0.05643296215517808,8.171031252723893e-07,2838
0.0,0.05651460143590915,8.1828519526983e-07,899
0.0,0.05695675909608134,8.246872764683388e-07,3153
0.0,0.05698767027955243,8.251348451171481e-07,3532
0.0,0.057081499286349376,8.264934123758394e-07,3031
0.0,0.05720690370813611,8.283091658123354e-07,2850
0.0,0.05724187401350799,8.288155072255776e-07,3348
0.0,0.05737179881651696,8.306967120841335e-07,2713
0.0,0.05753308916137109,8.330320643290534e-07,2064
0.0,0.0576114009203017,8.34165954533006e-07,3317
0.0,0.057980385259278656,8.395085459023122e-07,1545
0.0,0.05807769708219478,8.409175414891834e-07,2851
0.0,0.05825589113658131,8.434976456195287e-07,611
0.0,0.058643920817426164,8.491159979584495e-07,3074
0.0,0.05869143443807114,8.498039563153981e-07,1689
0.0,0.05877671823945343,8.510387959903554e-07,1842
0.0,0.0588376610499839,8.519211980306807e-07,3450
0.0,0.05895701960546393,8.536494122690641e-07,3337
0.0,0.05964444053091549,8.636027049035988e-07,2433
0.0,0.05972890637834283,8.648257012744409e-07,2729
0.0,0.05976083475378683,8.652879980308725e-07,2978
0.0,0.05985114818796781,8.665956626741078e-07,1995
0.0,0.059851747167195365,8.666043354033093e-07,1736
0.0,0.06018830143185536,8.714773658269337e-07,1806
0.0,0.06022522674494301,8.720120141525456e-07,322
0.0,0.060254366570242975,8.724339349841514e-07,627
0.0,0.060330972890385186,8.735431318296349e-07,2142
0.0,0.06038425386276919,8.743145967216037e-07,3468
0.0,0.06039546011182386,8.744768540402958e-07,2911
0.0,0.06061031790272228,8.775878190814268e-07,1751
0.0,0.061262063169304735,8.870245573611157e-07,2012
0.0,0.06136464856584095,8.885099099797955e-07,1947
0.0,0.0613940320865953,8.889353593222182e-07,3451
0.0,0.06143173081185658,8.894812060233903e-07,589
0.0,0.06148114841921319,8.90196732550308e-07,2517
0.0,0.061523852869324415,8.908150580522189e-07,624
0.0,0.0617916126632488,8.946920008190418e-07,1529
0.0,0.062033409490657394,8.981930210705258e-07,3150
0.0,0.06243120163502146,9.039527258947189e-07,2694
0.0,0.06274610271280995,9.08512235886505e-07,309
0.0,0.06290251053005992,9.107768931260196e-07,3292
0.0,0.06305973781947326,9.130534156520653e-07,2987
0.0,0.06320573572632285,9.151673459051324e-07,2457
0.0,0.06322915372313319,9.155064193411278e-07,256
0.0,0.06339186144589755,9.178622940586578e-07,2029
0.0,0.06339588186115139,9.17920506382508e-07,2843
0.0,0.06364848564880049,9.215780025773057e-07,2037
0.0,0.06369195956220991,9.222074692782911e-07,2763
0.0,0.06390794361072039,9.253347416082747e-07,1787
0.0,0.0640048111199747,9.267373038968074e-07,2965
0.0,0.06405450672816178,9.274568556483231e-07,2519
0.0,0.06415322264849833,9.288861814171767e-07,1860
0.0,0.06423237528019686,9.300322467709066e-07,3039
0.0,0.06439085281424313,9.323268718164357e-07,2661
0.0,0.06443589914684676,9.329791058609871e-07,2409
0.0,0.06481734101465342,9.385020720564796e-07,2969
0.0,0.06508970530468061,9.424456841600204e-07,582
0.0,0.06523196338112823,9.445054647283513e-07,2069
0.0,0.06525657990380491,9.448618918384e-07,2050
0.0,0.06568814312991209,9.511105742987525e-07,2636
0.0,0.0657461876192292,9.5195101101897e-07,3249
0.0,0.06593322348941558,9.546591374087754e-07,3110
0.0,0.06618224925854284,9.582648268224858e-07,1283
0.0,0.06633796686604117,9.605194903894443e-07,2452
0.0,0.06731280335441746,9.746343252459155e-07,1591
0.0,0.0674007082199514,9.75907115785546e-07,3210
0.0,0.06792409368803455,9.834853091916784e-07,2580
0.0,0.0681151631466165,9.862518386416497e-07,2805
0.0,0.06818750851515083,9.872993403936547e-07,221
0.0,0.06856053225465457,9.92700418978032e-07,1762
0.0,0.06860096313398453,9.932858250349952e-07,2082
0.0,0.06901316840530845,9.992542201464616e-07,2826
0.0,0.06922845202299749,1.0023713508111598e-06,608
0.0,0.06948686498212663,1.0061129590566154e-06,1841
0.0,0.0694894503607127,1.0061503932234928e-06,3007
0.0,0.06955118451054448,1.0070442532095214e-06,1249
0.0,0.06955289349948693,1.0070689979713165e-06,1943
0.0,0.06967754763494141,1.0088738878755166e-06,585
0.0,0.07014884972104514,1.0156979565190127e-06,3636
0.0,0.07023891824060437,1.017002074998885e-06,3261
0.0,0.07049590162248189,1.0207229841352472e-06,1834
0.0,0.07073676183031183,1.0242104429014631e-06,3136
0.0,0.07083040642845992,1.0255663400737802e-06,3065
0.0,0.0711395213149231,1.030042070748749e-06,2887
0.0,0.07131692751115287,1.0326107673375162e-06,2784
0.0,0.07137662584317532,1.0334751503471296e-06,2379
0.0,0.07191197460190608,1.0412265624148986e-06,2484
0.0,0.0719580371220114,1.0418935100231508e-06,3579
0.0,0.0721880856999598,1.0452244252334708e-06,3546
0.0,0.07262170031701416,1.051502810156535e-06,3059
0.0,0.07277933148053779,1.053785180449296e-06,3358
0.0,0.07299039217850663,1.056841166691136e-06,2579
0.0,0.07315781482786698,1.059265309688584e-06,2147
0.0,0.07319448369408307,1.05979624487329e-06,2871
0.0,0.07338623801034859,1.0625726905022503e-06,2949
0.0,0.07350527697528873,1.0642962773310671e-06,675
0.0,0.07365329408399997,1.06643944397522e-06,3268
0.0,0.07370564398056637,1.0671974276510454e-06,2557
0.0,0.07372162875994852,1.0674288741796545e-06,1411
0.0,0.07380127615890177,1.068582103358473e-06,2230
0.0,0.0738269432434657,1.0689537417452044e-06,3186
0.0,0.07407866758205116,1.0725985042370212e-06,3520
0.0,0.07432873464279306,1.0762192707014506e-06,1681
0.0,0.0744126566802331,1.0774343931485575e-06,2794
0.0,0.07464802939274257,1.0808423974717485e-06,1758
0.0,0.07479017923933245,1.0829006109602801e-06,2585
0.0,0.07494552106724396,1.0851498335462395e-06,3442
0.0,0.07504698204642074,1.0866189055214193e-06,3248
0.0,0.07507078617423896,1.086963569818522e-06,3020
0.0,0.07518781483953955,1.0886580491531461e-06,314
0.0,0.07519604778475396,1.0887772554646347e-06,3416
0.0,0.07559821395658223,1.0946002926282006e-06,2389
0.0,0.07565196627900625,1.0953785822831463e-06,1958
0.0,0.07570163745017197,1.096097780206584e-06,3029
0.0,0.07604204346326464,1.1010265807964714e-06,3336
0.0,0.0762736326393722,1.1043798026078022e-06,2553
0.0,0.07628376415788843,1.1045264987075143e-06,3602
0.0,0.07658909086897954,1.1089473797021299e-06,3250
0.0,0.07665365629348722,1.1098822342292536e-06,2894
0.0,0.07669980845689874,1.1105504797992438e-06,1940
0.0,0.07723003208138708,1.1182276841159577e-06,3295
0.0,0.07723122999383587,1.1182450289082269e-06,3454
0.0,0.0772615846542411,1.1186845395583234e-06,3535
0.0,0.07774817601924905,1.1257299844524837e-06,3626
0.0,0.0779346208769682,1.12842955346526e-06,1698
0.0,0.07825106051330255,1.1330113405261244e-06,3180
0.0,0.07830057948790813,1.1337283347678806e-06,918
0.0,0.07849572734503717,1.1365539160923532e-06,3172
0.0,0.0787067800149039,1.1396097860938426e-06,2984
0.0,0.07936125724386205,1.149086080953765e-06,1759
0.0,0.07958481328018438,1.152322989472765e-06,2372
0.0,0.07968000347584463,1.153701265632634e-06,852
0.0,0.07984070850534698,1.1560281429900954e-06,3475
0.0,0.07989986912321898,1.156884740338704e-06,2427
0.0,0.08090117754598189,1.1713828671489068e-06,2646
0.0,0.08096823979458562,1.1723538736463368e-06,2592
0.0,0.08100318780989754,1.1728598923177458e-06,2967
0.0,0.08101190537030634,1.1729861154607946e-06,1760
0.0,0.08136759921310427,1.178136271318131e-06,3432
0.0,0.08162887266091978,1.181919297099654e-06,1431
0.0,0.0817438468451823,1.1835840292295785e-06,1887
0.0,0.08192006560306782,1.1861355326825418e-06,1851
0.0,0.08193398906947401,1.1863371330855799e-06,3483
0.0,0.08196268125332198,1.186752572435168e-06,3588
0.0,0.0820604508160764,1.1881681957204293e-06,3314
0.0,0.08225823510346653,1.1910319503982691e-06,3108
0.0,0.08244230105894457,1.1936970748527287e-06,2866
0.0,0.08259276545828523,1.195875676263114e-06,1606
0.0,0.08288791304199106,1.2001491718205415e-06,377
0.0,0.08301281836426166,1.2019576987043479e-06,1633
0.0,0.08319357055382766,1.2045748425393299e-06,3027
0.0,0.08320483111333804,1.2047378862289904e-06,2645
0.0,0.08331199666863606,1.2062895557996e-06,3422
0.0,0.08334389814572081,1.2067514630897946e-06,580
0.0,0.08440953761381596,1.2221810508084019e-06,1004
0.0,0.0844158600394219,1.2222725943589197e-06,3205
0.0,0.08446317314920752,1.2229576494826588e-06,3485
0.0,0.08465866256489221,1.2257881762955947e-06,2259
0.0,0.08470897065516052,1.2265165962865865e-06,3212
0.0,0.08482228111302753,1.2281572390193674e-06,3384
0.0,0.0849618027491514,1.23017739817044e-06,2573
0.0,0.0849739847308208,1.2303537832991651e-06,3354
0.0,0.08524144769199614,1.234226428170615e-06,2782
0.0,0.08564548777774099,1.2400765980746797e-06,1816
0.0,0.08581631855196695,1.2425500879320595e-06,3410
0.0,0.08608104735779887,1.2463831444708973e-06,3021
0.0,0.08617981617006305,1.2478132360715932e-06,1236
0.0,0.08629731512725841,1.2495145248481165e-06,3661
0.0,0.08658984187684417,1.25375007287154e-06,2937
0.0,0.08696758470651547,1.2592194800209455e-06,890
0.0,0.0870499963796135,1.2604127336279802e-06,788
0.0,0.08709592581878287,1.2610777543331508e-06,2773
0.0,0.08726015352887696,1.2634556372237427e-06,1783
0.0,0.08732871420318379,1.2644483396995199e-06,3399
0.0,0.08736282858405481,1.2649422880262051e-06,2205
0.0,0.08764272426898795,1.268994948566693e-06,2770
0.0,0.08766398289802808,1.2693027561239134e-06,3437
0.0,0.08805683752957298,1.2749909698017703e-06,3511
0.0,0.08827672745294658,1.2781747960044498e-06,2923
0.0,0.08847314144989063,1.2810187099976389e-06,2151
0.0,0.08917459846520927,1.2911752337307902e-06,2594
0.0,0.08918146023052215,1.291274586479041e-06,2715
0.0,0.08938594211735523,1.2942353169176357e-06,1717
0.0,0.08947504469597725,1.2955254493629553e-06,2163
0.0,0.08950699440301632,1.2959880549834324e-06,339
0.0,0.08956439544033401,1.2968191750450941e-06,1904
0.0,0.09039413933414152,1.3088331878297055e-06,3178
0.0,0.09078256003033143,1.3144572017509404e-06,2432
0.0,0.09088293515310908,1.3159105514137792e-06,3493
0.0,0.09124992524098295,1.3212242676585717e-06,1727
0.0,0.09183532328145293,1.3297003523815576e-06,2760
0.0,0.09269491038345377,1.3421464704066466e-06,883
0.0,0.0930091349920436,1.3466961856778425e-06,593
0.0,0.09306827810451246,1.3475525295625346e-06,3100
0.0,0.09307381622211568,1.3476327169748004e-06,2799
0.0,0.09329141763032311,1.3507834073500646e-06,3419
0.0,0.09330258015804241,1.3509450316195881e-06,3001
0.0,0.09331152824513686,1.3510745926004555e-06,6
0.0,0.09339223526484855,1.3522431642210009e-06,2023
0.0,0.0934428229278298,1.3529756321961628e-06,1942
0.0,0.09353429139657331,1.3543000207949518e-06,1813
0.0,0.09374261795453416,1.3573164189262243e-06,2785
0.0,0.09374707356653157,1.3573809325428954e-06,2709
0.0,0.09381122318595776,1.3583097665526012e-06,3111
0.0,0.09407129850662835,1.3620754444332306e-06,3198
0.0,0.09450670674891065,1.3683797995822644e-06,2752
0.0,0.09451126106745844,1.368445742389035e-06,1902
0.0,0.09467937631123113,1.3708799135869754e-06,2942
0.0,0.09488980505877948,1.3739267497037133e-06,1725
0.0,0.094954285701315,1.3748603766572387e-06,2897
0.0,0.09510232163427706,1.3770038158611442e-06,2136
0.0,0.09512474150873237,1.3773284373019834e-06,2375
0.0,0.09528590715346774,1.3796619839911983e-06,3369
0.0,0.09533431061293599,1.3803628264863477e-06,1960
0.0,0.09542226156146284,1.3816362842700158e-06,2523
0.0,0.0958974973102444,1.3885173091310321e-06,1814
0.0,0.09608523353457502,1.3912355760758999e-06,2630
0.0,0.096166462024913,1.3924116981645085e-06,908
0.0,0.09647508643037653,1.3968803270758556e-06,1692
0.0,0.09672277891347099,1.400466711598547e-06,2910
0.0,0.0969482189927671,1.4037308995185072e-06,941
0.0,0.09697395622929479,1.4041035536482838e-06,2001
0.0,0.0970247825807097,1.404839477636699e-06,1414
0.0,0.09703341503710214,1.4049644685432128e-06,2171
0.0,0.09712142323282119,1.4062387552193911e-06,2492
0.0,0.09713618207424055,1.4064524511692156e-06,2975
0.0,0.09728780409216516,1.4086478139496705e-06,3477
0.0,0.0973271930894661,1.4092181344071975e-06,2581
0.0,0.0977222218031345,1.4149378270156276e-06,382
0.0,0.09782277940996348,1.4163938188982428e-06,3137
0.0,0.09824972860132503,1.422575693910133e-06,3335
0.0,0.09854250062591535,1.4268147933149677e-06,1710
0.0,0.09873197221614277,1.4295581869383511e-06,1823
0.0,0.09888732612837987,1.4318075844954592e-06,3654
0.0,0.09905686106571401,1.434262311694745e-06,2297
0.0,0.0994226832602601,1.4395591177995826e-06,3163
0.0,0.09952758762814348,1.441078047226263e-06,3623
0.0,0.09972731737693888,1.443969970593706e-06,3094
0.0,0.10059426999040662,1.4565227351992505e-06,2617
0.0,0.10099136444899275,1.4622723381041425e-06,191
0.0,0.10099680925811996,1.4623511744860096e-06,2179
0.0,0.10104680056423364,1.4630750077015975e-06,1578
0.0,0.10116879163943793,1.4648413386719739e-06,3149
0.0,0.10138810518035271,1.4680168193281773e-06,3514
0.0,0.10146710763210129,1.4691607101990911e-06,3052
0.0,0.10159678359461621,1.4710383120508652e-06,3338
0.0,0.10196650221739527,1.476391535248922e-06,2575
0.0,0.10200129221634811,1.476895265972722e-06,3411
0.0,0.10230713219690059,1.481323578689242e-06,1655
0.0,0.10283191182503998,1.4889219583924529e-06,1986
0.0,0.1029696946217902,1.490916940571907e-06,1301
0.0,0.10326777634262618,1.495232920034617e-06,326
0.0,0.10329565979678551,1.4956366496399198e-06,1631
0.0,0.10347524566490617,1.4982369060945189e-06,3051
0.0,0.10374063064348381,1.5020794634779122e-06,2097
0.0,0.103741650450149,1.5020942294441397e-06,1665
0.0,0.10375803668830987,1.5023314887674388e-06,3013
0.0,0.10378334222457397,1.5026978922305645e-06,3281
0.0,0.10387856588982891,1.5040766530027838e-06,938
0.0,0.10408778237095795,1.5071059364935024e-06,3056
0.0,0.104225450558308,1.5090992592226016e-06,2979
0.0,0.10457524077099199,1.514163935345536e-06,1695
0.0,0.10481798492211536,1.5176786720694224e-06,2124
0.0,0.10492733928922565,1.5192620338444485e-06,2917
0.0,0.10501292039875558,1.5205011782981614e-06,1459
0.0,0.10513491878896407,1.5222676151838144e-06,3224
0.0,0.10528781064254439,1.5244813641457355e-06,267
0.0,0.10536073159609473,1.5255371998978973e-06,3279
0.0,0.10545300690826796,1.5268732709294852e-06,597
0.0,0.10567304498731363,1.530059242305093e-06,881
0.0,0.10575055254050997,1.5311814882679187e-06,2338
0.0,0.10580166643139817,1.5319215755926763e-06,3016
0.0,0.10598956501968469,1.5346421934347987e-06,2744
0.0,0.10608552464797225,1.536031610349653e-06,1923
0.0,0.10643360947554188,1.5410715938912745e-06,1694
0.0,0.10661755350661553,1.5437349529801025e-06,1712
0.0,0.10664375314495485,1.5441143023098292e-06,3291
0.0,0.10705552292816185,1.5500763919096272e-06,3441
0.0,0.10725967184428489,1.5530323012047376e-06,1278
0.0,0.10739145501874345,1.5549404137615852e-06,3195
0.0,0.10751485788209061,1.5567271862693133e-06,3332
0.0,0.10772049170572764,1.5597045958104516e-06,3041
0.0,0.10783736700130706,1.5613968544769818e-06,1900
0.0,0.10810203609860888,1.5652290464851504e-06,325
0.0,0.10848925934241314,1.5708357222754543e-06,2440
0.0,0.10865328723941034,1.5732107120358663e-06,1500
0.0,0.1088727515966958,1.5763883763897368e-06,3062
0.0,0.10887975342056917,1.5764897570713643e-06,2777
0.0,0.10907904214515432,1.5793752947690365e-06,3376
0.0,0.10912454021377203,1.5800340695815152e-06,2972
0.0,0.10926100265226418,1.582009934053552e-06,3428
0.0,0.10934069310546123,1.583163786622599e-06,2931
0.0,0.1093889436322683,1.5838624147779257e-06,2098
0.0,0.10950993483687754,1.585614268440061e-06,1219
0.0,0.10969381787124427,1.588276744346473e-06,3219
0.0,0.10973202351709534,1.588829930843083e-06,3308
0.0,0.10994801340840792,1.5919572877720611e-06,3089
0.0,0.11000895381127453,1.5928396549513835e-06,3192
0.0,0.11026901669490442,1.5966051527538383e-06,3558
0.0,0.11028684612818636,1.59686330836184e-06,618
0.0,0.11028687469810843,1.596863722030939e-06,2115
0.0,0.11052953142956419,1.600377192989555e-06,1948
0.0,0.1107698908203089,1.6038574003340855e-06,3148
0.0,0.1109531515885846,1.6065108663365635e-06,2041
0.0,0.11114781583499048,1.6093294453733975e-06,3259
0.0,0.11117088023492588,1.6096633990159148e-06,3324
0.0,0.1123979515479669,1.6274303877850116e-06,2192
0.0,0.11262493221008675,1.630716882083938e-06,2227
0.0,0.11287354185975602,1.634316546428316e-06,3028
0.0,0.11384196631755877,1.648338540327643e-06,3307
0.0,0.11387442449406693,1.6488085081700632e-06,2726
0.0,0.11392282206472677,1.6495092654000842e-06,2841
0.0,0.11427852199569381,1.6546595094091288e-06,913
0.0,0.11444755610060726,1.6571069849646847e-06,2757
0.0,0.11445349271724957,1.6571929423170317e-06,2027
0.0,0.11474751226443246,1.6614501048284325e-06,3070
0.0,0.11483081332395832,1.6626562360233521e-06,2512
0.0,0.11503103542467685,1.6655552882438585e-06,873
0.0,0.11521951608486991,1.6682843340110054e-06,2533
0.0,0.11554779875134256,1.6730375984597146e-06,3184
0.0,0.11556623766095976,1.6733045787864498e-06,2548
0.0,0.11577893770197675,1.6763843013745117e-06,3498
0.0,0.11588287931869416,1.6778892909519172e-06,2442
0.0,0.11608575729500992,1.6808267980783498e-06,3662
0.0,0.11628421897939276,1.6837003609104784e-06,2959
0.0,0.11628539270785491,1.6837173555384055e-06,1819
0.0,0.11647486513386374,1.6864607612632199e-06,2564
0.0,0.1167444741899872,1.690364479833839e-06,2778
0.0,0.1168290316206537,1.6915888022550618e-06,1971
0.0,0.11688056400032514,1.6923349489550432e-06,2810
0.0,0.11727073302852514,1.6979842772935072e-06,2140
0.0,0.1178199181560387,1.7059360286619807e-06,3567
0.0,0.11786778120998703,1.706629046527297e-06,2514
0.0,0.11804166786172225,1.7091467829910556e-06,605
0.0,0.11819591455529428,1.711380148927688e-06,2788
0.0,0.1190827909015483,1.7242213928847505e-06,2837
0.0,0.11915601388656137,1.7252816018054062e-06,1984
0.0,0.11931481710698436,1.7275809425232325e-06,2537
0.0,0.11953007562822816,1.7306977098119347e-06,3326
0.0,0.11967073498520442,1.7327343422302022e-06,2135
0.0,0.11967208228016037,1.7327538499589679e-06,2663
0.0,0.11968792283741043,1.73298320826909e-06,1674
0.0,0.12008042839603478,1.7386663676566272e-06,2345
0.0,0.12038386368013845,1.7430598623358051e-06,259
0.0,0.12039934780345747,1.7432840597741972e-06,924
0.0,0.12042820699789925,1.7437019173005552e-06,1634
0.0,0.12055776496954979,1.745577810741139e-06,2733
0.0,0.12090081067935197,1.7505448319798944e-06,641
0.0,0.12145849085772834,1.7586195847352215e-06,2793
0.0,0.12158192209930459,1.760406768136491e-06,316
0.0,0.12170122999416329,1.762134248850522e-06,1884
0.0,0.12174237416307992,1.7627299827571719e-06,3201
0.0,0.12199811466900275,1.7664328960664832e-06,2999
0.0,0.12205196703982803,1.7672126343404315e-06,2528
0.0,0.12215790664182782,1.768746553110212e-06,3455
0.0,0.12244203958511625,1.7728605656852636e-06,911
0.0,0.12323238525735651,1.7843041244525182e-06,2181
0.0,0.12336943897668605,1.7862885501873649e-06,861
0.0,0.12367265415123986,1.7906788578603283e-06,2956
0.0,0.12389478561733128,1.7938951397677982e-06,2941
0.0,0.12391249646166672,1.79415157830487e-06,656
0.0,0.12439342307668741,1.8011150022534395e-06,1857
0.0,0.12509197896440744,1.8112295200323203e-06,2017
0.0,0.1251218388882288,1.8116618673014173e-06,3390
0.0,0.12693852120876037,1.8379659411094096e-06,1462
0.0,0.12724698180106905,1.842432198140287e-06,3104
0.0,0.127390614231854,1.8445118782350889e-06,238
0.0,0.12810330701694655,1.8548310867227968e-06,1628
0.0,0.12823168205887178,1.8566898523086905e-06,3543
0.0,0.12824592582891575,1.8568960904463694e-06,632
0.0,0.12844207427740545,1.8597361595151796e-06,3235
0.0,0.12852906212971896,1.8609956724535692e-06,1965
0.0,0.128602797165026,1.8620632954435834e-06,1889
0.0,0.1286848689587989,1.8632516278760392e-06,2287
0.0,0.12877638025175467,1.8645766365343874e-06,2954
0.0,0.1288596389241283,1.865782153998019e-06,3098
0.0,0.12920612323031253,1.870798963299336e-06,2740
0.0,0.12945684602674012,1.8744292242800498e-06,1795
0.0,0.13013460903035723,1.884242678107384e-06,1535
0.0,0.13055128501141786,1.890275805438435e-06,2791
0.0,0.1305527523675224,1.8902970515544126e-06,187
0.0,0.1305623919788432,1.8904366252403548e-06,2202
0.0,0.13072198885421873,1.8927474574326197e-06,2742
0.0,0.13078634230462674,1.8936792427481919e-06,2109
0.0,0.13108750779046702,1.8980398726053949e-06,1554
0.0,0.13110786392127932,1.8983346127265932e-06,1708
0.0,0.131591339807596,1.9053349480380177e-06,1653
0.0,0.13194476341507053,1.910452232745108e-06,3370
0.0,0.13257107695006484,1.9195207403566172e-06,2042
0.0,0.13260900845194823,1.9200699574728475e-06,1956
0.0,0.13267036663050022,1.9209583737023195e-06,2436
0.0,0.1326773358972375,1.9210592829832507e-06,3188
0.0,0.13397159586890242,1.939799108563456e-06,795
0.0,0.13465558267591998,1.9497026779724536e-06,3284
0.0,0.1347606316799923,1.9512237016128253e-06,3417
0.0,0.13486755453663943,1.9527718571055175e-06,2128
0.0,0.13532158303010008,1.9593458182587398e-06,2125
0.0,0.13545018454578217,1.961207862999359e-06,2688
0.0,0.13590635531566675,1.967812842562644e-06,3456
0.0,0.13601273482238976,1.969353130792939e-06,2515
0.0,0.13609706045023448,1.970574096898936e-06,2876
0.0,0.13638401926245672,1.9747290257443595e-06,2946
0.0,0.13646810122551795,1.975946463783629e-06,2158
0.0,0.13660662820509586,1.977952221121626e-06,2812
0.0,0.13663352937074047,1.9783417279928273e-06,2766
0.0,0.13701032779043032,1.9837974608583053e-06,2930
0.0,0.13712287958114794,1.9854271187114136e-06,3285
0.0,0.13730522271511794,1.9880672981198444e-06,3406
0.0,0.13807140110101912,1.999160934351707e-06,388
0.0,0.1381884967515154,2.0008563835771653e-06,2743
0.0,0.1386303358102835,2.0072538516879845e-06,1999
0.0,0.13882174495649757,2.010025299536977e-06,2016
0.0,0.13957315477064364,2.0209050989317134e-06,2166
0.0,0.13964903527981354,2.0220037866280904e-06,1707
0.0,0.13973085229060997,2.02318843001148e-06,2855
0.0,0.13994701089475003,2.026318229764179e-06,2293
0.0,0.1404572303597445,2.0337057902164446e-06,1006
0.0,0.14058885024245313,2.035611538442339e-06,3289
0.0,0.14062836378651844,2.036183662235125e-06,375
0.0,0.14081322628767917,2.038860320019431e-06,3162
0.0,0.14093278199555753,2.0405913888632554e-06,3242
0.0,0.14103987774393914,2.0421420476868235e-06,1701
0.0,0.14123993596249337,2.0450387270276593e-06,2241
0.0,0.1414396517023656,2.0479304475573556e-06,2769
0.0,0.14170183079217386,2.051726586294045e-06,2899
0.0,0.14187425517150243,2.0542231502496122e-06,1931
0.0,0.14261271673811982,2.064915469612849e-06,3228
0.0,0.14286734186692424,2.068602233173955e-06,2957
0.0,0.14320972725574457,2.0735596935050893e-06,3413
0.0,0.14401131003960965,2.0851659564558034e-06,2685
0.0,0.14442623159282333,2.091173681106895e-06,2859
0.0,0.1448635068557426,2.0975050691873776e-06,3244
0.0,0.14495321223211638,2.0988039296510053e-06,2875
0.0,0.14510990972046559,2.1010727810910623e-06,1640
0.0,0.14523287499474075,2.102853217667011e-06,3551
0.0,0.14564532730464466,2.1088251896950183e-06,3453
0.0,0.1457303802309992,2.1100566864884485e-06,2801
0.0,0.14573263420309,2.110089322160391e-06,3667
0.0,0.14580405124085022,2.111123382442237e-06,2614
0.0,0.14637720386460912,2.1194221635489896e-06,2857
0.0,0.14675852908340228,2.1249434407621948e-06,900
0.0,0.14772341052582175,2.138914134697245e-06,1673
0.0,0.14787966370817685,2.141176552949986e-06,1817
0.0,0.14884113197270368,2.1550978268614074e-06,2886
0.0,0.1490923703619116,2.1587355532037833e-06,2336
0.0,0.14911648868219532,2.1590847667507518e-06,2070
0.0,0.1496110375756086,2.1662454301463185e-06,2868
0.0,0.14972063208801925,2.1678322690288354e-06,3504
0.0,0.1497677742996774,2.1685148496874973e-06,2060
0.0,0.14983343224383228,2.169465523005343e-06,2074
0.0,0.14990045266502727,2.170435923876113e-06,3117
0.0,0.149965669937687,2.1713802166312135e-06,3240
0.0,0.15011676444719554,2.1735679415213482e-06,2369
0.0,0.15027156819290607,2.1758093731172323e-06,3315
0.0,0.15053552529646577,2.1796312560384834e-06,3087
0.0,0.15061379426952276,2.1807645267379883e-06,3272
0.0,0.15118301406638526,2.1890063637286516e-06,1572
0.0,0.15123387299027172,2.1897427593398078e-06,3481
0.0,0.15126894401113644,2.190250559030993e-06,2116
0.0,0.15145374022486394,2.1929262570274943e-06,3264
0.0,0.15157590450617922,2.194695095880661e-06,2558
0.0,0.15239027640939456,2.2064865348170315e-06,2767
0.0,0.15333522052416146,2.2201685525580217e-06,3155
0.0,0.15344924371187166,2.221819515035861e-06,2200
0.0,0.1538314835898954,2.22735403576646e-06,1925
0.0,0.1540810423651935,2.2309674426734816e-06,3489
0.0,0.15411645033631455,2.231480121128726e-06,366
0.0,0.15418067673261396,2.2324100668047464e-06,2238
0.0,0.15429745883473317,2.2341009761062125e-06,2055
0.0,0.1544007888588248,2.235597110322729e-06,3465
0.0,0.15451490138313242,2.2372493663214144e-06,2858
0.0,0.15474981127210571,2.2406506693384287e-06,2320
0.0,0.1549054144849,2.2429036765636567e-06,3565
0.0,0.1551070831622038,2.245823674029701e-06,3099
0.0,0.15531229331367932,2.248794949144539e-06,3141
0.0,0.15577753598461638,2.2555312824135143e-06,600
0.0,0.15596835177204116,2.258294138912653e-06,2748
0.0,0.15640952274242775,2.264681933650259e-06,583
0.0,0.15643113486099475,2.264994859446645e-06,2583
0.0,0.156565776576539,2.2669443613398954e-06,3276
0.0,0.15706663178568,2.2741963350281225e-06,3488
0.0,0.15727395411011352,2.2771981926794638e-06,2776
0.0,0.15739035854638697,2.2788836336884444e-06,2958
0.0,0.15772761254410594,2.2837667956743246e-06,1987
0.0,0.15785968972959283,2.285679165270338e-06,1592
0.0,0.15873579238584032,2.298364415009857e-06,3383
0.0,0.1590047935528464,2.3022593318433593e-06,1345
0.0,0.1592674266636491,2.306062044432622e-06,1515
0.0,0.1593108307624744,2.3066905002755433e-06,2947
0.0,0.15959753447734368,2.310841735519986e-06,2544
0.0,0.16002138028967497,2.316978676142334e-06,1740
0.0,0.1600623538671729,2.3175719400247985e-06,1808
0.0,0.16023258763277518,2.3200367856857085e-06,361
0.0,0.16059620528901672,2.3253016718793873e-06,2695
0.0,0.16073389611914182,2.3272953224573456e-06,1952
0.0,0.1608319791075898,2.3287154838902424e-06,2700
0.0,0.16121109169096687,2.3342047239527375e-06,1868
0.0,0.16125485549017166,2.3348383879628898e-06,2602
0.0,0.16127344782318406,2.335107589734875e-06,3500
0.0,0.16159443907136128,2.3397552804116373e-06,3379
0.0,0.16162189055688686,2.3401527554645085e-06,2162
0.0,0.1617818820130969,2.342469300864458e-06,2707
0.0,0.16230901570006692,2.3501017654137257e-06,2755
0.0,0.16276514951921223,2.356706209960535e-06,2916
0.0,0.1630408159432213,2.3606976342627206e-06,3657
0.0,0.16318188531615102,2.3627402033765676e-06,2813
0.0,0.16325918945242238,2.3638595040287314e-06,3359
0.0,0.16373933457349332,2.3708116125842338e-06,2480
0.0,0.16381980737942467,2.3719767929808455e-06,2656
0.0,0.16385799434671156,2.372529709027127e-06,3231
0.0,0.16434750816324545,2.379617468628581e-06,2964
0.0,0.16467455512308093,2.384352841056092e-06,1914
0.0,0.16510411352430013,2.390572495292176e-06,1722
0.0,0.1659114454030646,2.402262000433808e-06,3467
0.0,0.1659496403677827,2.402815032276351e-06,1926
0.0,0.16602667976837798,2.4039304997724997e-06,2754
0.0,0.16690461856735683,2.4166423353566557e-06,578
0.0,0.16691560206916622,2.4168013674774613e-06,3054
0.0,0.167310237735544,2.4225153690826673e-06,2667
0.0,0.16818705021556904,2.4352108964897923e-06,1174
0.0,0.16820801842207345,2.4355144989662847e-06,855
0.0,0.16859377208613457,2.4410998964441433e-06,3118
0.0,0.16860071249157646,2.441200387837128e-06,2046
0.0,0.168648122490663,2.441886845838681e-06,930
0.0,0.16885584507004334,2.444894498854211e-06,2224
0.0,0.16890118529865952,2.4455509882725934e-06,3125
0.0,0.1689729332061747,2.446589839277813e-06,3501
0.0,0.1690003144937302,2.446986297921505e-06,1877
0.0,0.16914602053651284,2.4490960022216512e-06,1664
0.0,0.16920770496118503,2.4499891422280484e-06,3434
0.0,0.169338729008431,2.4518862632438854e-06,1954
0.0,0.16997494831661802,2.4610981983475e-06,3049
0.0,0.1701082280151853,2.463027979349164e-06,2829
0.0,0.1704795222622652,2.468404016298109e-06,3035
0.0,0.17048888572834361,2.4685395916268504e-06,2483
0.0,0.1709638069932863,2.4754160630191535e-06,928
0.0,0.1711033605271224,2.4774366840230044e-06,2903
0.0,0.17123553505430567,2.4793504630471475e-06,2488
0.0,0.17163130793546633,2.4850809305920762e-06,1489
0.0,0.17205826425780682,2.491262908854708e-06,651
0.0,0.17222554099046913,2.49368493909774e-06,202
0.0,0.17227651335059474,2.4944229771728388e-06,2668
0.0,0.17275844908347993,2.501401012322546e-06,2044
0.0,0.17297313643631404,2.504509509559938e-06,947
0.0,0.1731672570644256,2.5073202174485942e-06,1678
0.0,0.17323825948560082,2.508348274421479e-06,1069
0.0,0.17417473937373645,2.5219077370852716e-06,2357
0.0,0.17473710386150568,2.530050314808463e-06,2265
0.0,0.17503182022801425,2.5343175666936446e-06,1742
0.0,0.17523083118946822,2.53719908260841e-06,1714
0.0,0.17534840821171363,2.5389015017029948e-06,2905
0.0,0.17575578633170208,2.5448000036121243e-06,2521
0.0,0.17703389808654824,2.5633060162233434e-06,3345
0.0,0.17705150744861892,2.563560985380242e-06,3496
0.0,0.17718508044511666,2.5654950130959975e-06,2509
0.0,0.17776420658258305,2.5738802857944165e-06,2459
0.0,0.17786263293916846,2.57530541891704e-06,3599
0.0,0.1779838371990258,2.5770603574448714e-06,3083
0.0,0.1781221332268988,2.5790627707911185e-06,2150
0.0,0.17922022807278457,2.5949622858290056e-06,3183
0.0,0.1794458386668222,2.598228942662928e-06,2087
0.0,0.18019197990670113,2.609032457412397e-06,2382
0.0,0.18042187762994025,2.6123611883699382e-06,2262
0.0,0.1809910970127459,2.6206030193653973e-06,1916
0.0,0.181175695475993,2.6232758540967183e-06,3505
0.0,0.18130022899055537,2.6250789975090782e-06,3047
0.0,0.18140537667050718,2.6266014498954604e-06,3645
0.0,0.18177936993944074,2.632016566472828e-06,3038
0.0,0.1822253913403586,2.6384745914764807e-06,2928
0.0,0.18248569532008602,2.642243580153192e-06,3374
0.0,0.18371474856987297,2.6600392657449845e-06,1848
0.0,0.18374009007540823,2.660406190013731e-06,1769
0.0,0.1839148618963257,2.662936743003108e-06,2953
0.0,0.18401581018878777,2.6643983916940783e-06,1735
0.0,0.18422510117714513,2.66742875398851e-06,784
0.0,0.18422919505681745,2.66748803001704e-06,874
0.0,0.18473066622151652,2.6747489222378462e-06,731
0.0,0.1848488032709755,2.676459450068336e-06,3518
0.0,0.18504455091244262,2.6792937157793517e-06,2660
0.0,0.1854431133712217,2.6850645741260948e-06,3562
0.0,0.18562643847166221,2.6877189716056904e-06,1789
0.0,0.185635947954119,2.6878566611321375e-06,1805
0.0,0.18658440495013237,2.7015895425197556e-06,2546
0.0,0.1869079765238687,2.706274594199698e-06,2107
0.0,0.18725376770656796,2.711281367639984e-06,1658
0.0,0.18739807508834314,2.71337082047296e-06,2435
0.0,0.18814156792098344,2.7241359884522254e-06,3174
0.0,0.18824620355830898,2.7256510268802714e-06,1865
0.0,0.18875245509358812,2.732981134956347e-06,168
0.0,0.18890019489156362,2.735120286367909e-06,3556
0.0,0.1892446742731795,2.7401080660016675e-06,389
0.0,0.1893293769304493,2.741334491185299e-06,3199
0.0,0.1893431839625381,2.741534405714674e-06,1556
0.0,0.18959862640120909,2.7452330032540218e-06,3557
0.0,0.19012126366857962,2.7528003633259246e-06,3651
0.0,0.19027772460778883,2.7550657897279507e-06,209
0.0,0.1902796564053183,2.755093760575811e-06,1272
0.0,0.1902830542324369,2.7551429583327902e-06,3042
0.0,0.19038417062430893,2.7566070409656973e-06,1752
0.0,0.19069009550184934,2.7610365829211503e-06,3023
0.0,0.19077503001561494,2.7622663651971635e-06,3510
0.0,0.190850597735512,2.763360523960756e-06,3193
0.0,0.19134109407059216,2.770462509626981e-06,2786
0.0,0.19147969593311664,2.772469351208784e-06,920
0.0,0.19149513766161574,2.7726929348048657e-06,3243
0.0,0.19160694451040142,2.774311806508223e-06,2250
0.0,0.1916337170577227,2.7746994510913225e-06,3128
0.0,0.19172961015321,2.7760879046656584e-06,3403
0.0,0.19207124221928124,2.781034457499665e-06,613
0.0,0.19233335335009344,2.7848296122456873e-06,864
0.0,0.19236591491046073,2.7853010770018116e-06,3509
0.0,0.1929102258835196,2.793182254601234e-06,1620
0.0,0.19300702196796876,2.7945837827170195e-06,2470
0.0,0.1940125636465375,2.8091432036081443e-06,2333
0.0,0.19507961333089308,2.8245932101045312e-06,2330
0.0,0.1956174875986577,2.83238118947704e-06,3624
0.0,0.1957843206770821,2.834796795969652e-06,2076
0.0,0.19644042002739087,2.844296577819705e-06,3122
0.0,0.19698330361616584,2.8521570880624125e-06,2921
0.0,0.1969840044533764,2.85216723561188e-06,934
0.0,0.1969899120937075,2.852252773410946e-06,2475
0.0,0.19818854199565983,2.8696079538148567e-06,1920
0.0,0.1982177867843691,2.870031394430761e-06,3257
0.0,0.19859665756621844,2.875517133404948e-06,2702
0.0,0.19892308352513657,2.880243514247205e-06,2545
0.0,0.19924824933272847,2.884951649129164e-06,2144
0.0,0.19928074146189764,2.8854221085783394e-06,2989
0.0,0.1993745387473399,2.8867802165377654e-06,2314
0.0,0.1998796523394028,2.8940938481269995e-06,2005
0.0,0.20033794738190638,2.900729585419981e-06,3458
0.0,0.20085308504473515,2.908188357353403e-06,936
0.0,0.20108882455793217,2.9116016726504768e-06,1557
0.0,0.20110379256706595,2.91181839717769e-06,1517
0.0,0.2016621135904172,2.91990242884399e-06,2819
0.0,0.20215746895154194,2.927074769232263e-06,1979
0.0,0.20247573223989293,2.9316829612824336e-06,2411
0.0,0.20265912138879263,2.9343382861313216e-06,1699
0.0,0.2029046614740737,2.937893505694511e-06,2011
0.0,0.20296605327557476,2.9387824087567793e-06,3043
0.0,0.2031727119972426,2.941774657982954e-06,2053
0.0,0.20337430551556196,2.9446935672083896e-06,2632
0.0,0.2043565057518297,2.958915023110187e-06,1738
0.0,0.20457193030219925,2.9620341943648043e-06,1792
0.0,0.20458267621205878,2.962189786348546e-06,1657
0.0,0.20491466131346645,2.966996659026222e-06,182
0.0,0.20507060010399533,2.9692545251425173e-06,2395
0.0,0.2050778751210392,2.969359861437759e-06,647
0.0,0.20516606699697376,2.970636807653193e-06,2731
0.0,0.20516694294955742,2.970649490730004e-06,652
0.0,0.20526383595397835,2.9720524221676925e-06,2657
0.0,0.2053353037213694,2.9730872169730915e-06,2222
0.0,0.20538686929459762,2.9738338442886203e-06,2913
0.0,0.20551889145653093,2.975745417188591e-06,192
0.0,0.2058436072916842,2.9804470368377523e-06,3269
0.0,0.20590562385128502,2.981344985886203e-06,3409
0.0,0.20626352003941978,2.9865270299023194e-06,3550
0.0,0.2069858325074307,2.9969855235290055e-06,1781
0.0,0.20736327838166946,3.002450631006681e-06,635
0.0,0.2076036172305942,3.0059305409224635e-06,2195
0.0,0.2082469628480772,3.015245659154786e-06,3566
0.0,0.20857435216391115,3.01998598861708e-06,2808
0.0,0.20870617097026123,3.021894617094567e-06,3093
0.0,0.20916939811984192,3.0286017672631615e-06,2501
0.0,0.20940704027023194,3.0320426311902793e-06,2407
0.0,0.20956338513550657,3.0343063769366907e-06,3253
0.0,0.2111753652679622,3.057646530524316e-06,2331
0.0,0.2112617897346011,3.0588978860990323e-06,3298
0.0,0.21137497927253496,3.0605367780101034e-06,1207
0.0,0.21137900257851897,3.0605950321893616e-06,2062
0.0,0.21143855246349602,3.0614572658071992e-06,2516
0.0,0.21154055169356362,3.062934131214945e-06,2828
0.0,0.2120939801062598,3.070947321881512e-06,2568
0.0,0.2122805925496517,3.073649317397731e-06,3347
0.0,0.2123683469975364,3.074919930012854e-06,2710
0.0,0.2130193269183859,3.0843455867124447e-06,2429
0.0,0.21309635033178645,3.085460822727093e-06,835
0.0,0.2131264242846563,3.0858962689617186e-06,1880
0.0,0.2131287652470224,3.0859301641816828e-06,2822
0.0,0.21327900144736936,3.0881054614573245e-06,620
0.0,0.21351408693478202,3.0915093069960875e-06,2735
0.0,0.21433939487662437,3.1034590908252113e-06,1246
0.0,0.21464355018257228,3.1078630108316574e-06,3146
0.0,0.21519599682049095,3.115861986202617e-06,1563
0.0,0.2158390307298495,3.1251725911563e-06,2365
0.0,0.21591708249942224,3.126302716927043e-06,3590
0.0,0.21594646147321905,3.1267281004332403e-06,2476
0.0,0.21616782730987194,3.129933296652787e-06,1836
0.0,0.21717203327174084,3.144473377458823e-06,1300
0.0,0.2179404067109778,3.155598796267256e-06,2065
0.0,0.2185372749234003,3.164240959696585e-06,569
0.0,0.21996492530016357,3.1849121692184568e-06,2472
0.0,0.2200508704960084,3.1861565853441576e-06,1963
0.0,0.22059960818143068,3.194101858117193e-06,290
0.0,0.2206907864653378,3.1954220450769455e-06,2639
0.0,0.22159767155638183,3.208552999289793e-06,3617
0.0,0.22171267023133973,3.210218086024952e-06,2214
0.0,0.22207741888384386,3.215499348119266e-06,2649
0.0,0.22300623018624005,3.228947775935076e-06,2460
0.0,0.22437837416544743,3.2488152982290686e-06,3445
0.0,0.22454928320408413,3.2512899212910895e-06,3019
0.0,0.22488431245905827,3.256140870822044e-06,591
0.0,0.22491044179207942,3.2565192021882794e-06,2478
0.0,0.22568030454776897,3.2676661850805644e-06,1597
0.0,0.22594063415301427,3.2714355447938104e-06,2881
0.0,0.2261270417839563,3.274134574793308e-06,2945
0.0,0.22687862291028665,3.285016854648326e-06,778
0.0,0.22701285405013394,3.2869604117413687e-06,307
0.0,0.2275637137155272,3.2949364090484323e-06,2159
0.0,0.2280106757232377,3.3014080532689505e-06,1785
0.0,0.22805436162608225,3.302040589403532e-06,3050
0.0,0.2292186710005305,3.318898836646156e-06,1820
0.0,0.22943583929761402,3.3220432559266655e-06,3570
0.0,0.22964895088046058,3.325128937303745e-06,3008
0.0,0.22973095083537148,3.326316229568249e-06,598
0.0,0.22987944215418202,3.328466262386698e-06,3053
0.0,0.22999587489200735,3.330152113178997e-06,1666
0.0,0.23052424805046468,3.337802524261413e-06,2549
0.0,0.2305977006836704,3.3388660583000274e-06,3362
0.0,0.23150084964015316,3.3519429163408887e-06,1668
0.0,0.23292652080221085,3.372585468452982e-06,1621
0.0,0.233735134071884,3.3842935270866903e-06,1976
0.0,0.2341259884485016,3.3899527787095707e-06,2169
0.0,0.23489516036568653,3.4010897588254707e-06,1911
0.0,0.23500853770140118,3.4027313698947736e-06,2490
0.0,0.23505100813271976,3.4033463069960135e-06,2030
0.0,0.23557926740254254,3.410995069064171e-06,662
0.0,0.23611562045614237,3.4187610225000498e-06,2118
0.0,0.23616970786556696,3.4195441639406354e-06,1511
0.0,0.23619168962954537,3.419862441900179e-06,1183
0.0,0.23619651587608995,3.419932322001884e-06,3363
0.0,0.23714152402398062,3.433615266890122e-06,162
0.0,0.23719576903570744,3.4344006902831126e-06,1683
0.0,0.2372662501593192,3.4354211992937422e-06,3350
0.0,0.2375678627882097,3.4397883034165133e-06,1261
0.0,0.23871903985919557,3.4564564056482894e-06,2926
0.0,0.23880949847397354,3.4577661723877995e-06,2771
0.0,0.23943533775286222,3.4668278131588792e-06,2226
0.0,0.23962151781356353,3.4695235481274622e-06,3560
0.0,0.23964370168328689,3.469844752412854e-06,2538
0.0,0.23990975897515934,3.4736970443427495e-06,2047
0.0,0.23997531661787821,3.4746462653778565e-06,3516
0.0,0.24018277593378454,3.4776501065536536e-06,3394
0.0,0.2411642723807698,3.491861372162397e-06,2091
0.0,0.24132184106004895,3.4941428377344153e-06,1863
0.0,0.24132532600012638,3.494193296815773e-06,1600
0.0,0.24153203239967272,3.4971862363786244e-06,473
0.0,0.24165055143190345,3.4989022950071558e-06,1810
0.0,0.24172143044880445,3.499928565187105e-06,378
0.0,0.24280315370954092,3.515591033065313e-06,3594
0.0,0.24285175995718117,3.5162948117672954e-06,649
0.0,0.24376594789909006,3.529531505286343e-06,3133
0.0,0.24391724318016042,3.5317221371844454e-06,2590
0.0,0.24424062548391384,3.5364044483898738e-06,2455
0.0,0.24450131998058458,3.5401790914324494e-06,3537
0.0,0.24459801695976194,3.5415791845849753e-06,2734
0.0,0.24510651808886416,3.548941864939259e-06,2985
0.0,0.2453229308472277,3.5520753446371955e-06,1886
0.0,0.24786918662088778,3.5889430451963023e-06,2884
0.0,0.2479314327673395,3.5898443184745332e-06,3439
0.0,0.24856027167334876,3.598949391392381e-06,3597
0.0,0.24903464703501685,3.60581795855186e-06,279
0.0,0.2492086686002729,3.6083376484530305e-06,510
0.0,0.24947510710814516,3.6121954600787376e-06,3121
0.0,0.25054605823542214,3.6277019562769297e-06,2104
0.0,0.2507592367651258,3.630788606989732e-06,2908
0.0,0.2508788433176507,3.632520412022444e-06,3583
0.0,0.2513056411865721,3.6387000960091953e-06,332
0.0,0.25135181848476745,3.639368705510293e-06,3541
0.0,0.2514391920847029,3.640633803758675e-06,2860
0.0,0.2516336908080525,3.6434499861570657e-06,757
0.0,0.2523524861699036,3.6538575549638352e-06,1614
0.0,0.2526550978489432,3.658239124515461e-06,2273
0.0,0.25273408716588863,3.6593828252051708e-06,1731
0.0,0.25360255839416435,3.671957578110785e-06,3462
0.0,0.25409015209110525,3.6790175359513455e-06,1772
0.0,0.25439570329768163,3.6834416674569326e-06,3092
0.0,0.2548040501189862,3.6893541953686437e-06,2143
0.0,0.2549833712514308,3.691950618667228e-06,3658
0.0,0.25660158049334864,3.71538096466395e-06,2068
0.0,0.25690649987218805,3.719795947820792e-06,2239
0.0,0.2570549186390387,3.721944930146215e-06,3006
0.0,0.25709777323842903,3.7225654296868527e-06,2973
0.0,0.25753189634795565,3.728851177164927e-06,1318
0.0,0.25756378446020567,3.7293128909432482e-06,2863
0.0,0.2581835619622701,3.738286762144938e-06,3646
0.0,0.25960442223622493,3.758859656532998e-06,2982
0.0,0.25979260896973455,3.7615844464822246e-06,2578
0.0,0.260012345523387,3.7647660520168102e-06,3271
0.0,0.2600537092727809,3.7653649652691357e-06,3067
0.0,0.2600696929940177,3.765596396476667e-06,2970
0.0,0.2603224728861757,3.7692564425206854e-06,2080
0.0,0.2609698313432059,3.7786296633868233e-06,3447
0.0,0.2612318203272499,3.7824230495475675e-06,3349
0.0,0.2614685595500198,3.785850839821414e-06,3355
0.0,0.2617354346578283,3.7897149730570234e-06,2524
0.0,0.2619351092833897,3.792606098285134e-06,3215
0.0,0.2620516944094681,3.794294155534672e-06,572
0.0,0.26268998040570235,3.8035360145904917e-06,2454
0.0,0.2636677799308428,3.8176937517953036e-06,3495
0.0,0.2638208800856852,3.8199105167890934e-06,2290
0.0,0.26457158315847684,3.8307800831471894e-06,2430
0.0,0.26573191313996947,3.847580712035281e-06,3334
0.0,0.26597673240596353,3.851125494724883e-06,2654
0.0,0.2660025033497852,3.851498636908701e-06,3615
0.0,0.2683131701122424,3.884955201316487e-06,2212
0.0,0.2692114590305417,3.897961689980356e-06,3585
0.0,0.2709150673043273,3.922628544095197e-06,3258
0.0,0.27098067727923036,3.923578522857518e-06,2888
0.0,0.27168995825895204,3.933848331194589e-06,2809
0.0,0.27230682244941196,3.94278002002757e-06,3446
0.0,0.2729930698610975,3.952716321142802e-06,1593
0.0,0.2730979527516992,3.954234939596013e-06,2686
0.0,0.27326191658490173,3.956609001765088e-06,1744
0.0,0.2735371647424914,3.960594369911696e-06,230
0.0,0.27364997373918476,3.9622277518969184e-06,2699
0.0,0.273730403145825,3.963392303907298e-06,961
0.0,0.2752140555998574,3.984874377693792e-06,2233
0.0,0.2756681943321182,3.991449935014657e-06,1869
0.0,0.2761943819835503,3.999068701743269e-06,2507
0.0,0.27626360836157793,4.000071043064324e-06,2113
0.0,0.27645930166958615,4.0029045220713044e-06,2652
0.0,0.2766632710460621,4.005857831779203e-06,3381
0.0,0.27682585409937854,4.008211901385117e-06,3630
0.0,0.2771669764921488,4.013151074566679e-06,2288
0.0,0.2774821505330762,4.01771453684141e-06,1775
0.0,0.27795011414787635,4.02449026715157e-06,3329
0.0,0.27799170600425127,4.025092483206372e-06,1490
0.0,0.2780641011746224,4.026140706048231e-06,945
0.0,0.2780779592890571,4.0263413602081854e-06,3194
0.0,0.2783018116213881,4.029582558850997e-06,785
0.0,0.2796378132306565,4.04892676919566e-06,856
0.0,0.2798588086627938,4.0521266022608415e-06,2086
0.0,0.2801519275136629,4.056370723426461e-06,3095
0.0,0.28034454496975314,4.059159666613965e-06,498
0.0,0.28036746441145544,4.059491521379854e-06,2749
0.0,0.2804540702349909,4.0607455028540684e-06,199
0.0,0.28076367705165267,4.065228356275874e-06,3241
0.0,0.2809997735891951,4.068646840993395e-06,894
0.0,0.28106331942940144,4.069566932773938e-06,1643
0.0,0.28129334153071517,4.072897464624248e-06,948
0.0,0.28131999527439383,4.073283389027793e-06,367
0.0,0.2813202315014896,4.073286809402887e-06,3522
0.0,0.28132623227393916,4.073373695678839e-06,3068
0.0,0.28142198256582246,4.074760081573814e-06,645
0.0,0.28162128145013565,4.077645766376037e-06,1936
0.0,0.2824155909728646,4.089146718455616e-06,2623
0.0,0.28291689118576213,4.096405135434189e-06,380
0.0,0.2833113499425205,4.102116575532833e-06,368
0.0,0.2841732146715261,4.114595671733667e-06,2648
0.0,0.28426495054431206,4.1159239321242325e-06,371
0.0,0.28489855313594425,4.1250979793128195e-06,576
0.0,0.28511398136681904,4.128217203858142e-06,566
0.0,0.2856964411525936,4.136650745056869e-06,2242
0.0,0.2857363767892703,4.137228980405361e-06,3196
0.0,0.2858359779554662,4.138671123810056e-06,917
0.0,0.2866575704962603,4.150567111671499e-06,2795
0.0,0.2872227078996939,4.158749838945042e-06,601
0.0,0.28748905457896,4.1626063209676545e-06,1796
0.0,0.28802158585724186,4.170316938223451e-06,3517
0.0,0.2893776796590893,4.1899520670796164e-06,2283
0.0,0.2895929751540755,4.193069369717861e-06,189
0.0,0.28978109943401154,4.195793255390434e-06,153
0.0,0.29006012366731226,4.199833298024203e-06,1754
0.0,0.2902522245874927,4.202614762194301e-06,1225
0.0,0.29053279595951714,4.206677206131104e-06,1648
0.0,0.29101149758642597,4.213608414072034e-06,2019
0.0,0.29343672284308003,4.248723691757661e-06,1831
0.0,0.29446078170334444,4.2635512262911845e-06,1968
0.0,0.2947115845124228,4.2671826457896245e-06,208
0.0,0.2949453604837325,4.270567530606506e-06,1977
0.0,0.29504347237181444,4.271988110482461e-06,1546
0.0,0.29567335746911094,4.281108331394279e-06,568
0.0,0.296483552290232,4.292839289599115e-06,3405
0.0,0.2969595358256693,4.299731141799157e-06,1822
0.0,0.2970038258297779,4.300372424825838e-06,3603
0.0,0.29735626240241947,4.305475418076021e-06,2746
0.0,0.2982753033282102,4.318782378831543e-06,3005
0.0,0.2988829645149532,4.3275808156995055e-06,2932
0.0,0.29972353014469627,4.339751518367407e-06,657
0.0,0.29982086464105834,4.341160842247227e-06,3203
0.0,0.30058476278526247,4.352221462444739e-06,2704
0.0,0.3009979052895826,4.358203427923257e-06,3273
0.0,0.3022646493285413,4.376544845308139e-06,161
0.0,0.30252317583892535,4.380288097682872e-06,2081
0.0,0.3045803928265968,4.410074916694207e-06,3011
0.0,0.30586895837420086,4.42873229167251e-06,3427
0.0,0.30596003771385827,4.430051046000472e-06,790
0.0,0.30601621233781456,4.430864408599966e-06,1696
0.0,0.30652132733307014,4.4381780605062815e-06,3202
0.0,0.30704407523029453,4.445747022407964e-06,2422
0.0,0.30730976575981805,4.4495940039190884e-06,1585
0.0,0.3074582972191391,4.4517446179392905e-06,2341
0.0,0.307516571571345,4.452588382886091e-06,166
0.0,0.3077846547666657,4.456470008240565e-06,951
0.0,0.307958742182295,4.458990651601269e-06,2101
0.0,0.30797126534680186,4.459171976778364e-06,2203
0.0,0.30812998159228494,4.461470058170214e-06,1675
0.0,0.3087008026543016,4.469735080170345e-06,3525
0.0,0.3096732799618108,4.4838157560178615e-06,1804
0.0,0.31272800150105173,4.528045624896393e-06,2089
0.0,0.312889023115348,4.530377086142678e-06,2845
0.0,0.31345855082481394,4.538623381455942e-06,655
0.0,0.31428466962797086,4.550584905893551e-06,3230
0.0,0.3153017891026001,4.565311963800056e-06,2727
0.0,0.31646794664276356,4.582196970970287e-06,2362
0.0,0.3169465589944167,4.5891268862785495e-06,2373
0.0,0.31845642272638636,4.610988477926625e-06,1596
0.0,0.3192086732522782,4.62188045013967e-06,3033
0.0,0.32082866047727665,4.645336539876865e-06,575
0.0,0.3221129463947086,4.663931949311362e-06,3288
0.0,0.3230045293097446,4.6768413405340326e-06,2385
0.0,0.324001524571399,4.6912770162998996e-06,2130
0.0,0.3259498785777507,4.719487588400462e-06,2716
0.0,0.32657216813200174,4.72849783206275e-06,2882
0.0,0.3266809099786922,4.730072325043189e-06,1846
0.0,0.32672900481245915,4.730768698890664e-06,3321
0.0,0.3268595052618259,4.732658238637555e-06,2402
0.0,0.3274905693859786,4.741795530893711e-06,2597
0.0,0.3277501422103334,4.745553933038771e-06,2751
0.0,0.3281226708068642,4.7509478423579665e-06,3255
0.0,0.328852460205971,4.761514595830185e-06,2613
0.0,0.3294712472840705,4.77047412650311e-06,2108
0.0,0.33126684958741504,4.796472978907396e-06,1353
0.0,0.3313204949221519,4.797249719468155e-06,2122
0.0,0.331444179160126,4.799040566050294e-06,1839
0.0,0.3320255457208232,4.807458278244248e-06,3637
0.0,0.33209352148616733,4.808442511716748e-06,2627
0.0,0.3322310751714653,4.810434176549805e-06,2255
0.0,0.3340628162025821,4.836956288167826e-06,3143
0.0,0.33452023275448695,4.843579305635615e-06,2003
0.0,0.3352695340991834,4.85442857611762e-06,2566
0.0,0.3353275663278174,4.855268835313176e-06,1338
0.0,0.33567003044877936,4.8602274356213115e-06,3436
0.0,0.33587801924370564,4.863238943220161e-06,3576
0.0,0.3359694456320057,4.864562722528554e-06,2438
0.0,0.33719846721411195,4.882357949598237e-06,2503
0.0,0.33742865557458296,4.885690888745131e-06,1263
0.0,0.33747809487391744,4.8864067293541424e-06,944
0.0,0.33776714903612154,4.8905919971531375e-06,3214
0.0,0.3378474915675022,4.89175529128083e-06,3549
0.0,0.33847836905169976,4.900889881143122e-06,240
0.0,0.33848995497554263,4.901057635842143e-06,1705
0.0,0.339039402170366,4.90901318173087e-06,2416
0.0,0.33993165578847573,4.92193228418536e-06,3424
0.0,0.340303581717606,4.927317467373626e-06,869
0.0,0.3412463339151343,4.940967747946168e-06,3415
0.0,0.3413689587810117,4.942743255686999e-06,2274
0.0,0.34259331099044227,4.960470874060263e-06,3643
0.0,0.3431050042140869,4.967879773332129e-06,922
0.0,0.3433719072860676,4.971744311466075e-06,1448
0.0,0.3448116221443699,4.9925902048109094e-06,3592
0.0,0.34483023398406015,4.992859689023632e-06,1882
0.0,0.34540254791268343,5.001146326510941e-06,1616
0.0,0.34612466651774765,5.011602013160754e-06,304
0.0,0.34653324078660946,5.017517834327023e-06,1732
0.0,0.3467734875692287,5.02099641119802e-06,773
0.0,0.3469437415009327,5.023461548847585e-06,2465
0.0,0.34760147889844506,5.032985048281091e-06,1827
0.0,0.3487300787380404,5.049326250672337e-06,3293
0.0,0.3496559955530829,5.06273276867919e-06,429
0.0,0.3496682075998796,5.062909589126363e-06,1612
0.0,0.35122846083029324,5.085500779489216e-06,3060
0.0,0.3518907174512022,5.095089713580414e-06,2486
0.0,0.3529905603530602,5.111014539038727e-06,2807
0.0,0.3540564819165479,5.126448211267842e-06,2415
0.0,0.3542174813404646,5.128779351215584e-06,3527
0.0,0.3545984543962463,5.134295529396482e-06,3608
0.0,0.35513581412937595,5.1420760587284065e-06,1385
0.0,0.3553079969448761,5.144569125037357e-06,2659
0.0,0.3555417861583369,5.147954201589755e-06,2698
0.0,0.35754578353838185,5.176970444220608e-06,242
0.0,0.3580573142447162,5.184376990374773e-06,2679
0.0,0.36110497943493186,5.228504689092084e-06,3168
0.0,0.36122406765730075,5.230228989128172e-06,1929
0.0,0.3614291538984326,5.233198470122602e-06,3648
0.0,0.36175763344126566,5.237954585179949e-06,374
0.0,0.3617912737500563,5.23844166933074e-06,2840
0.0,0.36199860466233547,5.24144365132706e-06,2209
0.0,0.3626017184084749,5.250176244975258e-06,1512
0.0,0.3642008290638821,5.273330059063497e-06,2497
0.0,0.3654324980947621,5.291163619025596e-06,780
0.0,0.3656344793313072,5.294088142093756e-06,3112
0.0,0.3667992706219127,5.310953367088089e-06,3301
0.0,0.36711114939146694,5.315469116529137e-06,2867
0.0,0.3673958225255792,5.319590950625397e-06,3561
0.0,0.3679358641202067,5.327410311117831e-06,3262
0.0,0.3680272201725177,5.328733072018643e-06,1974
0.0,0.37000508102722074,5.357370879144341e-06,3058
0.0,0.37001470603920406,5.357510241443819e-06,438
0.0,0.37017343463738295,5.359808501692598e-06,3343
0.0,0.3702895766612992,5.361490143185321e-06,914
0.0,0.37097235664597816,5.371376238794134e-06,2132
0.0,0.3715831789496777,5.380220446049577e-06,2816
0.0,0.3716303322028516,5.380903186580355e-06,207
0.0,0.37167600075553997,5.381564429862706e-06,3353
0.0,0.37223688393195553,5.38968555940933e-06,2251
0.0,0.3727008260810243,5.396403062185584e-06,2174
0.0,0.37399731940628284,5.4151752248987606e-06,370
0.0,0.3743531251824469,5.420327001459668e-06,2093
0.0,0.3744301970711688,5.421442939357313e-06,2764
0.0,0.37464154115270704,5.424503028761407e-06,640
0.0,0.37578211145226753,5.441017553620142e-06,1577
0.0,0.37623290672920723,5.447544700443174e-06,2499
0.0,0.3766292848157835,5.453283930867414e-06,1495
0.0,0.37942780727348197,5.493804246636813e-06,2577
0.0,0.3799810351676511,5.5018145339591484e-06,876
0.0,0.3800057406052006,5.5021722484838165e-06,203
0.0,0.3804153376251318,5.508102878248877e-06,1015
0.0,0.3805683923180666,5.510318984991436e-06,1686
0.0,0.38056928120609274,5.510331855362871e-06,250
0.0,0.381173597150936,5.519081855864805e-06,772
0.0,0.3868161009989114,5.6007806955582495e-06,1719
0.0,0.38888679355083455,5.630762629715846e-06,358
0.0,0.38915609609754725,5.634661910280947e-06,950
0.0,0.3892471347522861,5.6359800755245715e-06,386
0.0,0.3916416017351271,5.670649998568145e-06,2172
0.0,0.3926983130335678,5.685950313694121e-06,2340
0.0,0.39405453316109046,5.70558727164272e-06,1991
0.0,0.394434482422993,5.711088626125793e-06,210
0.0,0.3960232912981772,5.734093278864094e-06,1688
0.0,0.39609825774619867,5.735178731702817e-06,2471
0.0,0.39695073746283466,5.74752194060224e-06,2213
0.0,0.3972793957018657,5.7522806430343465e-06,3552
0.0,0.3977718489692592,5.759410963479539e-06,2974
0.0,0.39870965779583084,5.772989668084705e-06,2186
0.0,0.3995907575354086,5.785747271502828e-06,1670
0.0,0.40107969726527554,5.807305900717985e-06,586
0.0,0.40125562307027796,5.8098531624528604e-06,265
0.0,0.40255822279848696,5.828713740885227e-06,2940
0.0,0.4032326502061952,5.838478898012589e-06,2007
0.0,0.40352425962818406,5.8427011638828574e-06,3635
0.0,0.4039299272946957,5.848574899824932e-06,1835
0.0,0.4040293692943747,5.850014738628673e-06,2393
0.0,0.40404129638571956,5.850187433154019e-06,3245
0.0,0.4040445545606668,5.850234608861804e-06,929
0.0,0.40538538721647205,5.869648768808133e-06,2332
0.0,0.4061187140948688,5.880266742086526e-06,2889
0.0,0.4064803906679728,5.885503522984337e-06,2111
0.0,0.4065689739503061,5.886786136444222e-06,884
0.0,0.4066938079781228,5.88859363104266e-06,1638
0.0,0.40717125683005134,5.895506699826747e-06,3175
0.0,0.4074561339715029,5.899631487782386e-06,3144
0.0,0.407641363196674,5.9023134554303525e-06,1232
0.0,0.4085807333932563,5.915914767395947e-06,3395
0.0,0.4090548684409342,5.9227798550054445e-06,3564
0.0,0.4106189112959188,5.945425916031866e-06,2510
0.0,0.41324794686987987,5.983492200378748e-06,3266
0.0,0.4139352188728874,5.9934433367381246e-06,488
0.0,0.4164951301951741,6.030508758469999e-06,1532
0.0,0.4185542017204355,6.060322429668474e-06,3531
0.0,0.41892859656316356,6.065743360705866e-06,1617
0.0,0.41966215848015964,6.076364737150897e-06,3515
0.0,0.42062314676079454,6.0902790612882285e-06,1898
0.0,0.42362323556241516,6.133717892820023e-06,963
0.0,0.4248186343564694,6.151026289424877e-06,943
0.0,0.4253061548880328,6.158085187890627e-06,2723
0.0,0.42652864595796713,6.175785858486549e-06,2641
0.0,0.42720318769136995,6.18555267095644e-06,1662
0.0,0.4280761783730739,6.198192861850416e-06,1734
0.0,0.42848223335908986,6.2040722058620545e-06,1646
0.0,0.42888776566735287,6.209943981927424e-06,430
0.0,0.4293518620065888,6.2166637172511585e-06,3030
0.0,0.4309187322180448,6.239350716086278e-06,1364
0.0,0.4335771908781917,6.277843022650664e-06,1618
0.0,0.43477332482250025,6.295162063629789e-06,2629
0.0,0.4352726791599357,6.302392305923554e-06,140
0.0,0.4364012328091901,6.31873283951645e-06,3670
0.0,0.43787248046529836,6.340035301977132e-06,1267
0.0,0.4379659434918537,6.341388570141326e-06,3544
0.0,0.4393860969401092,6.361951230271501e-06,3303
0.0,0.4412448186204488,6.388863999617911e-06,2315
0.0,0.442176749695459,6.402357599188946e-06,570
0.0,0.44227508487519435,6.403781412145371e-06,287
0.0,0.4423350745805497,6.4046500140024776e-06,2461
0.0,0.44273196026247513,6.410396593992118e-06,1119
0.0,0.4445331958551546,6.4364770118174874e-06,2025
0.0,0.44535150450347094,6.448325451602344e-06,2496
0.0,0.44674801249969115,6.4685457449309425e-06,1574
0.0,0.4468313958415127,6.46975306750619e-06,3159
0.0,0.4469400818442036,6.4713267519111994e-06,334
0.0,0.4470505096613432,6.472925656364481e-06,232
0.0,0.44806146734908553,6.487563496637705e-06,2539
0.0,0.4492263582203614,6.5044301634786805e-06,3523
0.0,0.4495617067821698,6.5092857363113765e-06,672
0.0,0.44997937005109806,6.51533315876307e-06,2408
0.0,0.45007395698127567,6.516702700132271e-06,2281
0.0,0.4501021897997289,6.517111488246741e-06,2665
0.0,0.4510694825865098,6.5311170964754695e-06,3671
0.0,0.4519999354939313,6.54458929338908e-06,1771
0.0,0.45204528190272925,6.545245872291439e-06,183
0.0,0.452237954957452,6.548035620501658e-06,2721
0.0,0.4523393657974124,6.549503966502002e-06,2607
0.0,0.452496146886905,6.5517740284182224e-06,3499
0.0,0.4532133047152897,6.5621578870800334e-06,3664
0.0,0.4544158252026729,6.579569399978169e-06,863
0.0,0.4557379750157073,6.598713047645255e-06,1386
0.0,0.45620090081625225,6.60541583452634e-06,1504
0.0,0.4568984539273116,6.615515832919527e-06,845
0.0,0.45796322722683297,6.6309328792257816e-06,454
0.0,0.458035641627844,6.631981380511576e-06,602
0.0,0.45809881285395687,6.6328960481865096e-06,1573
0.0,0.4581924871721849,6.634252375681271e-06,1610
0.0,0.45873328481926956,6.642082683194772e-06,2418
0.0,0.4605288012748289,6.668080292593359e-06,248
0.0,0.46091732529353624,6.67370580254012e-06,648
0.0,0.4616985024437933,6.685016608609651e-06,2296
0.0,0.4630800675119895,6.705020540564988e-06,3519
0.0,0.46483052706882805,6.7303657629302904e-06,633
0.0,0.46711486767557775,6.763441146140359e-06,2350
0.0,0.468373125558228,6.781659690924258e-06,3372
0.0,0.46931249925895807,6.795261053627044e-06,1457
0.0,0.4701403653129767,6.807247876827738e-06,360
0.0,0.4717734096824531,6.830893023335172e-06,2596
0.0,0.4722210217287339,6.837374079582403e-06,2847
0.0,0.4756104635905389,6.886450424903323e-06,3010
0.0,0.4775241387491965,6.914158875659382e-06,501
0.0,0.4779110584586651,6.919761156520821e-06,2229
0.0,0.4784029691889127,6.92688362147198e-06,3622
0.0,0.4784030066763923,6.9268841642600165e-06,1231
0.0,0.4789280166044805,6.934485878518082e-06,2326
0.0,0.47978777668256073,6.946934501095292e-06,2354
0.0,0.480151207974885,6.9521966888919096e-06,403
0.0,0.4832067801939068,6.996438874917743e-06,2980
0.0,0.4834900941864368,7.00054102975578e-06,219
0.0,0.4840251734325023,7.00828853950064e-06,3642
0.0,0.4846619538413836,7.017508598883282e-06,471
0.0,0.486607786609621,7.045682665518527e-06,2493
0.0,0.48719766527418873,7.054223626012934e-06,895
0.0,0.4893824225728607,7.08585712438925e-06,1265
0.0,0.48968729399778366,7.090271413212612e-06,625
0.0,0.4928577800101109,7.136177456956716e-06,3620
0.0,0.49333658371736655,7.143110142937559e-06,340
0.0,0.49342138066458047,7.1443379333624435e-06,3161
0.0,0.4940832172094883,7.153920785096801e-06,2173
0.0,0.4959102269357607,7.1803743912912665e-06,2637
0.0,0.49699169424035966,7.196033153133996e-06,2193
0.0,0.49715187462150523,7.198352434012456e-06,205
0.0,0.4975059844975237,7.203479655326639e-06,280
0.0,0.49870464973999423,7.220835347432342e-06,3034
0.0,0.4995670690598004,7.233322473654269e-06,150
0.0,0.49956855017179336,7.233343918944257e-06,1793
0.0,0.4996689649443475,7.234797842703422e-06,2048
0.0,0.5013742261637153,7.2594886301180495e-06,3652
0.0,0.5022093541306455,7.27158059987687e-06,2971
0.0,0.5023393809986659,7.273463282553294e-06,275
0.0,0.5026118030802934,7.2774077314319285e-06,1691
0.0,0.5039342594640803,7.2965558179927115e-06,3629
0.0,0.5054249759655282,7.3181401734068174e-06,1661
0.0,0.5071752817002501,7.3434831685537105e-06,2572
0.0,0.5075786111417714,7.349323048910783e-06,872
0.0,0.5115285830661833,7.406515410979253e-06,2803
0.0,0.5124570836112523,7.419959339283189e-06,1498
0.0,0.5125948683786063,7.421954349995374e-06,2061
0.0,0.514651896395336,7.451738432862065e-06,3627
0.0,0.5148111149071033,7.454043786658815e-06,903
0.0,0.5154367813786024,7.463102925320264e-06,2346
0.0,0.5160491554063218,7.471969600270079e-06,3569
0.0,0.5175548143680627,7.493770310285086e-06,262
0.0,0.5191883477156658,7.51742253679577e-06,1636
0.0,0.5200995815460359,7.530616457196437e-06,1333
0.0,0.522034968480608,7.5586392767057475e-06,1953
0.0,0.5238464377411601,7.584867869669942e-06,1588
0.0,0.5240564907474603,7.587909265360793e-06,485
0.0,0.5279801108983145,7.644720075306033e-06,1582
0.0,0.5316623646645179,7.698036097458782e-06,2324
0.0,0.5321834146066479,7.705580474359763e-06,896
0.0,0.5326647363162402,7.712549618954512e-06,1223
0.0,0.5332014774637841,7.720321191673207e-06,2962
0.0,0.5333760470179345,7.722848816005268e-06,676
0.0,0.5359867458469701,7.760649599286573e-06,3274
0.0,0.5367465752692889,7.771651307719729e-06,376
0.0,0.5368013294635827,7.772444103659737e-06,573
0.0,0.5374181394202642,7.781375007231972e-06,1782
0.0,0.5401727351167197,7.821259299434224e-06,135
0.0,0.5402988003042161,7.823084620217635e-06,3275
0.0,0.5405132325443618,7.826189423632002e-06,2530
0.0,0.5435804429120625,7.870600120529758e-06,1287
0.0,0.5455987166192875,7.899823072698986e-06,959
0.0,0.5460915933594818,7.906959524683899e-06,3529
0.0,0.5498469334412696,7.961333776895785e-06,1213
0.0,0.5516193236414021,7.98699653703494e-06,661
0.0,0.5525767391635705,8.000859130552485e-06,2366
0.0,0.559038837229678,8.094425024030016e-06,629
0.0,0.5603084998096257,8.112808699500818e-06,3666
0.0,0.561651195797895,8.132249838976868e-06,1241
0.0,0.5618424024396427,8.135018354726853e-06,356
0.0,0.5625956423313542,8.145924652147585e-06,3443
0.0,0.5629050421349306,8.150404508189268e-06,159
0.0,0.5630600433550838,8.15264879905353e-06,770
0.0,0.5631895959133244,8.154524614112368e-06,1703
0.0,0.5639772936230538,8.165929832548713e-06,3425
0.0,0.5669015982297265,8.208271370935272e-06,1248
0.0,0.5689404548789003,8.237792347265405e-06,243
0.0,0.5718770140422054,8.280311321606781e-06,2824
0.0,0.5761682752319625,8.342445273035182e-06,283
0.0,0.5793254645295903,8.388158791228228e-06,2569
0.0,0.5852661274120152,8.47417472982226e-06,251
0.0,0.5866813399046455,8.494665848957084e-06,1239
0.0,0.5871991628257718,8.502163501233895e-06,2563
0.0,0.5872211158358029,8.502481362859804e-06,614
0.0,0.5883964057676563,8.519498599590669e-06,2216
0.0,0.5893499970531689,8.533305821289972e-06,453
0.0,0.5903714668926806,8.548095868921024e-06,3431
0.0,0.5904181739459338,8.548772148841977e-06,2527
0.0,0.5907240864631107,8.553201511829478e-06,1550
0.0,0.5938155016353011,8.597962674494752e-06,3482
0.0,0.5951152568313475,8.616782066428463e-06,1528
0.0,0.5969003963707026,8.64262942656957e-06,2154
0.0,0.5969664652356017,8.643586049683627e-06,2261
0.0,0.5991092192894235,8.67461137543657e-06,1559
0.0,0.5997553543158352,8.683966882028216e-06,1460
0.0,0.6003696814573437,8.692861836467891e-06,171
0.0,0.6006814480481648,8.697375961652654e-06,1625
0.0,0.6058638691938942,8.772413180202498e-06,2184
0.0,0.6064534781080974,8.780950234932305e-06,1157
0.0,0.6066234982357048,8.783411987289824e-06,902
0.0,0.6091754973304717,8.820362846440055e-06,1567
0.0,0.6109403140092484,8.845915948185734e-06,955
0.0,0.6111281401529232,8.848635517089143e-06,3683
0.0,0.6135569429603681,8.883802594783496e-06,2190
0.0,0.6142447911848125,8.89376207435788e-06,1630
0.0,0.6147138893613646,8.900554232194047e-06,1602
0.0,0.6172686623992703,8.937545255771617e-06,2083
0.0,0.6181665075789866,8.95054531946382e-06,2295
0.0,0.6188418955372255,8.960324384577056e-06,200
0.0,0.6189642075064818,8.96209536183079e-06,1510
0.0,0.619506414495707,8.969946075465529e-06,2424
0.0,0.6205525413664563,8.985093136737454e-06,2443
0.0,0.6208850449820453,8.98990751707629e-06,215
0.0,0.621777192754958,9.002825086978916e-06,2264
0.0,0.6230550413996846,9.021327289970849e-06,3393
0.0,0.6249680966692441,9.049026765239887e-06,1830
0.0,0.6308125292298875,9.13364936749872e-06,1970
0.0,0.6343746250502041,9.185225600893965e-06,2199
0.0,0.6344346097178679,9.186094129809419e-06,2762
0.0,0.6350346486395638,9.194782202515128e-06,170
0.0,0.6378924135066958,9.236160299908036e-06,320
0.0,0.6455650103297724,9.347253225100438e-06,2243
0.0,0.6458377677207643,9.35120252898436e-06,791
0.0,0.6507318404258373,9.422064698005883e-06,1544
0.0,0.6511005389352424,9.42740315079682e-06,2626
0.0,0.6534365176671802,9.461226211815443e-06,2335
0.0,0.6535238257081157,9.46249036082314e-06,1605
0.0,0.6536863812649909,9.464844032303077e-06,268
0.0,0.6561981157089142,9.50121189224884e-06,237
0.0,0.6568428327823366,9.510546868041203e-06,3573
0.0,0.6602238515854951,9.559501254363667e-06,344
0.0,0.6613906567105587,9.576395638033475e-06,2377
0.0,0.6663303431287918,9.647918256305843e-06,2317
0.0,0.6663957322657117,9.648865037514831e-06,2468
0.0,0.6676140748848155,9.666505641936496e-06,2413
0.0,0.6677971062272624,9.669155786040662e-06,2391
0.0,0.6720445595667673,9.730655435635782e-06,1282
0.0,0.6737571362657336,9.755452145210342e-06,2831
0.0,0.67781306307391,9.81417864731604e-06,1125
0.0,0.6814197972351548,9.866401207370146e-06,2349
0.0,0.6833942517745739,9.894989693837175e-06,2367
0.0,0.6838008299060737,9.900876612567444e-06,2880
0.0,0.6853917628698517,9.923912020370906e-06,2384
0.0,0.6881404993322882,9.963711475657888e-06,2358
0.0,0.689846018187024,9.988405993421878e-06,305
0.0,0.6907471151544774,1.0001453140340288e-05,2263
0.0,0.7023013087327918,1.0168748411087947e-05,1603
0.0,0.7048782400532415,1.0206060268469486e-05,2399
0.0,0.7088885764887953,1.026412665927623e-05,383
0.0,0.7100768850578405,1.028133239522333e-05,2271
0.0,0.7103972615006175,1.0285971184020859e-05,185
0.0,0.713026504195012,1.0324040467302176e-05,3430
0.0,0.7142421224964562,1.0341641625832843e-05,2364
0.0,0.714774411244777,1.0349348731453212e-05,277
0.0,0.7205697708390426,1.0433260797304555e-05,1527
0.0,0.7215404533021564,1.0447315485273556e-05,329
0.0,0.721697680614573,1.0449592008132669e-05,2977
0.0,0.7231975032994462,1.047130821363318e-05,1310
0.0,0.7239449305692041,1.0482130349043217e-05,3526
0.0,0.7254186737075574,1.0503468944045302e-05,2446
0.0,0.7413719605014196,1.0734459485739478e-05,1530
0.0,0.7416632009757596,1.0738676409549619e-05,2327
0.0,0.7444753553808445,1.0779394104765139e-05,3575
0.0,0.7447345002697859,1.0783146310755498e-05,606
0.0,0.7557914412785278,1.094324177108863e-05,3361
0.0,0.758225238853652,1.0978481168932852e-05,2321
0.0,0.7604059536693739,1.1010056135463131e-05,214
0.0,0.7604420817006778,1.1010579239800755e-05,477
0.0,0.7621972610071078,1.1035992800279004e-05,866
0.0,0.7662953466381586,1.1095329727650594e-05,1341
0.0,0.7676102774391708,1.1114368849929335e-05,2325
0.0,0.7703834371057452,1.1154521933232076e-05,1531
0.0,0.7708226135029845,1.116088084818223e-05,486
0.0,0.7717558678729893,1.1174393607982225e-05,1587
0.0,0.7765667431094241,1.1244051145720135e-05,3521
0.0,0.7788501031145574,1.1277112330621009e-05,353
0.0,0.7812174656835186,1.131138980392521e-05,1568
0.0,0.7870430578911014,1.1395739613284661e-05,949
0.0,0.7903421631162069,1.1443507958008858e-05,734
0.0,0.7934425738419687,1.1488399368930757e-05,222
0.0,0.7936202507700311,1.149097198549498e-05,3539
0.0,0.7938911275991938,1.1494894060382066e-05,3656
0.0,0.7952852251021695,1.1515079451740462e-05,709
0.0,0.7959542382182733,1.152476621435472e-05,2246
0.0,0.7963531570036353,1.1530542232018881e-05,776
0.0,0.797025893426206,1.1540282905064814e-05,2211
0.0,0.7980587355669012,1.155523761431354e-05,234
0.0,0.8063162448491207,1.1674799593408558e-05,3545
0.0,0.8065423174462485,1.167807293966927e-05,3578
0.0,0.8107674303412022,1.1739249117903583e-05,2034
0.0,0.8110518448354752,1.1743367207106559e-05,252
0.0,0.8148089683827628,1.1797767282439864e-05,347
0.0,0.8185334909652738,1.1851695322473432e-05,1279
0.0,0.8188805839273474,1.1856720944614096e-05,3639
0.0,0.819744236952516,1.18692259338804e-05,802
0.0,0.8239431650691704,1.1930022977946209e-05,2282
0.0,0.825959368706884,1.1959215957202396e-05,673
0.0,0.8266250990116585,1.1968855187394212e-05,3619
0.0,0.826791782347193,1.1971268625732279e-05,1654
0.0,0.8317066873561137,1.2042432429471006e-05,1363
0.0,0.8329663440377905,1.2060671227720476e-05,1509
0.0,0.834847509776572,1.2087908968672068e-05,710
0.0,0.8440390240678436,1.2220994576206401e-05,464
0.0,0.848522595905239,1.2285913028486917e-05,1536
0.0,0.8498231618935906,1.2304744160029912e-05,1021
0.0,0.8579167551278342,1.2421932768846844e-05,664
0.0,0.8580248213334397,1.2423497479097101e-05,1584
0.0,0.864733133024958,1.2520628344447893e-05,155
0.0,0.8665922173347458,1.2547546364372053e-05,1541
0.0,0.8720390290018676,1.2626411741378796e-05,1423
0.0,0.8820012319158701,1.2770656289684545e-05,295
0.0,0.883096166994318,1.2786510053874878e-05,3609
0.0,0.8831365713816778,1.2787095076349786e-05,1482
0.0,0.8836704439050851,1.2794825113737751e-05,2343
0.0,0.8853710411805225,1.281944837105975e-05,211
0.0,0.8867474896103091,1.2839378218276742e-05,1215
0.0,0.8900129899668225,1.288665999199523e-05,886
0.0,0.8928300049391636,1.2927448064248281e-05,476
0.0,0.8977782674867233,1.299909485785733e-05,2277
0.0,0.89825801244486,1.3006041172380911e-05,658
0.0,0.898865790433971,1.3014841300451607e-05,1521
0.0,0.9003388857343896,1.303617051529038e-05,180
0.0,0.900575754173565,1.3039600176512067e-05,1608
0.0,0.90100928655433,1.3045877370720937e-05,1220
0.0,0.9107985099001212,1.3187617316390288e-05,503
0.0,0.9215330985868383,1.3343045378810814e-05,2329
0.0,0.9274551756844831,1.3428792210445906e-05,3650
0.0,0.9288629797034154,1.3449176060942314e-05,2387
0.0,0.9301040500865748,1.3467145744794351e-05,565
0.0,0.9362099101548496,1.3555553603494808e-05,1485
0.0,0.9491619356607994,1.3743088337014875e-05,2057
0.0,0.9496105394498928,1.3749583752886707e-05,1590
0.0,0.9526081536561356,1.379298675430185e-05,659
0.0,0.9605033973003846,1.3907303423321693e-05,1314
0.0,0.9633111930057763,1.3947958008131423e-05,910
0.0,0.9662644007659255,1.39907180405352e-05,1306
0.0,0.9707044358146133,1.405500611573185e-05,1244
0.0,0.9813950752353315,1.4209797828734771e-05,226
0.0,0.9880389460261034,1.4305995642560632e-05,2260
0.0,0.9896189026497219,1.4328872121938119e-05,381
0.0,0.9900353246835875,1.4334901572321535e-05,789
0.0,0.9903382517129181,1.4339287707887394e-05,489
0.0,0.9924608850042389,1.4370021701459734e-05,224
0.0,0.9925464013905503,1.4371259908774192e-05,321
0.0,0.9994128808939297,1.447068091464665e-05,1251
0.0,0.9995900697103177,1.4473246463753142e-05,1466
0.0,1.0,1.4479181918991557e-05,324
0.0,1.0166498603077763,1.4720258275313647e-05,393
0.0,1.0186083264486498,1.474861526284954e-05,139
0.0,1.0225707017907966,1.4805987216259808e-05,609
0.0,1.025546623252404,1.4849076124479055e-05,173
0.0,1.0276577599028052,1.4879643656096064e-05,384
0.0,1.035120722154691,1.4987701244195684e-05,1351
0.0,1.0352148598561985,1.498906428110125e-05,2353
0.0,1.0364493869067595,1.5006939222850235e-05,1483
0.0,1.0367672472717973,1.5011541580900456e-05,379
0.0,1.0394681210866745,1.5050648024206303e-05,2370
0.0,1.0426220790540404,1.5096314755380646e-05,500
0.0,1.0427555474935177,1.5098247269196285e-05,960
0.0,1.0431101286505668,1.5103381314274245e-05,1293
0.0,1.0469780112988059,1.515938509077941e-05,1539
0.0,1.0515001147828056,1.5224861449780747e-05,1258
0.0,1.0567222802556155,1.5300474133672637e-05,2252
0.0,1.0737967004550848,1.5547697769902058e-05,310
0.0,1.0738132392271855,1.554793723779202e-05,417
0.0,1.0750380088519187,1.5565670899997386e-05,1348
0.0,1.076399690465858,1.558538693580136e-05,197
0.0,1.0876812562606395,1.5748734779275075e-05,965
0.0,1.0896931350593082,1.577786513839996e-05,3676
0.0,1.0919727341938177,1.58108718689709e-05,281
0.0,1.0933087182286736,1.5830215824852445e-05,1526
0.0,1.0936286875232242,1.5834848718476735e-05,2789
0.0,1.09400469931926,1.5840293061675226e-05,1580
0.0,1.0975916194804494,1.5892228731217983e-05,2775
0.0,1.1070858784473516,1.602969783398578e-05,1178
0.0,1.1207604100695632,1.622769386500078e-05,1474
0.0,1.1256930452531397,1.6299114387163804e-05,424
0.0,1.1264790202563768,1.6310494662219455e-05,1595
0.0,1.1294706493629882,1.6353811004288232e-05,271
0.0,1.1306939421313127,1.6371523282820988e-05,740
0.0,1.138876784742664,1.649000414960522e-05,1494
0.0,1.1393282891609542,1.6496541564214873e-05,1200
0.0,1.1406841065951954,1.651617269149419e-05,229
0.0,1.1485384858579368,1.662989767770018e-05,163
0.0,1.1526272128152337,1.6689099099131965e-05,365
0.0,1.1681823461848022,1.6914324704964123e-05,260
0.0,1.1727829698056718,1.6980937971311505e-05,1221
0.0,1.1738360396198781,1.6996185560724797e-05,1185
0.0,1.1894262669291242,1.7221919298093802e-05,272
0.0,1.1910370539261204,1.7245242176056053e-05,678
0.0,1.1977021956832925,1.7341747976074018e-05,293
0.0,1.1989519342697517,1.7359843168418543e-05,1576
0.0,1.2086911824806492,1.750085951501834e-05,333
0.0,1.2105537122647632,1.7527827422592068e-05,1315
0.0,1.2210935746732254,1.7680436007805334e-05,483
0.0,1.2242167980753664,1.7725657727618582e-05,2292
0.0,1.2322711212232997,1.7842277737711854e-05,143
0.0,1.2385632607489208,1.7933382770563e-05,2378
0.0,1.2407308627371874,1.796476787407908e-05,220
0.0,1.2495751096334395,1.809282533382639e-05,653
0.0,1.2520848706671208,1.8129164620406257e-05,1294
0.0,1.256397313509684,1.8191605264838984e-05,2322
0.0,1.2703788726734757,1.8394046803482667e-05,194
0.0,1.2724150049896545,1.8423528333699757e-05,2267
0.0,1.2738021517050964,1.844361308334097e-05,2220
0.0,1.277806264214566,1.8501589356789694e-05,1549
0.0,1.2779076487695848,1.8503057322205585e-05,1551
0.0,1.3037271275291167,1.8876902252218386e-05,1449
0.0,1.3046909780313425,1.8890858018982826e-05,3675
0.0,1.3070092916262195,1.8924425303268322e-05,318
0.0,1.308979736538866,1.895295573361988e-05,1393
0.0,1.3142646779361886,1.9029477361542924e-05,1171
0.0,1.321433759848335,1.9133279802741043e-05,270
0.0,1.344131634965419,1.9461926465735857e-05,2383
0.0,1.349831799978089,1.9544460191922575e-05,499
0.0,1.35036627431778,1.9552198943117993e-05,1519
0.0,1.3694442466021644,1.9828432374469074e-05,1217
0.0,1.3766117014472812,1.9932211257067678e-05,630
0.0,1.3853155987547485,2.0058236569586718e-05,1167
0.0,1.3879210545353546,2.0095961437816e-05,1276
0.0,1.389177181888527,2.0114149134276005e-05,1594
0.0,1.4017628539036613,2.0296379368955897e-05,3679
0.0,1.4168888800712844,2.0515391853548337e-05,849
0.0,1.431973753405468,2.0733808478778926e-05,269
0.0,1.4348979046960935,2.0776147797274547e-05,744
0.0,1.434938641977486,2.0776737639782716e-05,1561
0.0,1.4375566541161557,2.0814644313804642e-05,2360
0.0,1.4406584729342198,2.0859556112751143e-05,1569
0.0,1.4474202397550302,2.095746096464346e-05,1477
0.0,1.479733255157541,2.1425326993007587e-05,966
0.0,1.4849228534495453,2.1500468130764006e-05,385
0.0,1.5122276294502384,2.1895818949735357e-05,1433
0.0,1.5166160643059454,2.1959359896350783e-05,3611
0.0,1.531503042646208,2.217491116396353e-05,235
0.0,1.5660957314450894,2.2675784998149595e-05,1326
0.0,1.5692803603279424,2.27218958190889e-05,962
0.0,1.5800994617425226,2.2878547556670625e-05,1116
0.0,1.5880103910254213,2.299309134090599e-05,432
0.0,1.5881980025573008,2.2995807802406176e-05,1547
0.0,1.6080836764061166,2.3283736091644913e-05,36
0.0,1.6108571945213153,2.3323894364990494e-05,1216
0.0,1.6140415321995252,2.3370000969524796e-05,227
0.0,1.6313876200997277,2.3621158131814646e-05,2308
0.0,1.6418579436399305,2.3772759851103942e-05,466
0.0,1.6484111656488185,2.386764514472617e-05,3673
0.0,1.6688353381458636,2.4163370453855748e-05,502
0.0,1.684388131994597,2.4388562185340135e-05,285
0.0,1.6856311596244462,2.4406560208523054e-05,1565
0.0,1.688087060780605,2.444211964813814e-05,1228
0.0,1.7051503256216727,2.468918176390389e-05,2310
0.0,1.7079484096698532,2.4729695731862122e-05,1202
0.0,1.732489058607963,2.5085024252247123e-05,1507
0.0,1.733685659984107,2.510235006125683e-05,732
0.0,1.7383990623525176,2.517059627160645e-05,1505
0.0,1.755612487054119,2.5419832579309798e-05,2299
0.0,1.7598412774485845,2.548106200472855e-05,1198
0.0,1.7790478779783205,2.5759157867843996e-05,1420
0.0,1.788091956316495,2.5890108723392036e-05,51
0.0,1.7963509059759488,2.600969155797106e-05,2344
0.0,1.820918751095203,2.636541385681035e-05,363
0.0,1.827513834250767,2.646090526559064e-05,255
0.0,1.8369787417403138,2.6597949382978214e-05,244
0.0,1.853508036493914,2.6837280048708223e-05,1082
0.0,1.867813682011444,2.7044414092625146e-05,1499
0.0,1.8939495861146816,2.742284060275324e-05,1548
0.0,1.8942640919522116,2.7427394389989423e-05,2342
0.0,1.8973600020104575,2.7472220634927602e-05,313
0.0,1.8981425054077812,2.748355064396968e-05,1513
0.0,1.9075835656922628,2.7620249473336855e-05,1098
0.0,1.914889708968455,2.7726036450959057e-05,217
0.0,1.9161837048715353,2.7744772453042188e-05,752
0.0,1.9199166500372942,2.779882244519083e-05,1226
0.0,1.9222926764849613,2.783322536437094e-05,1132
0.0,1.9229373834293266,2.784256019350284e-05,3678
0.0,1.9277078847039117,2.791163314930234e-05,1357
0.0,1.9374649402497242,2.8052907331543864e-05,1404
0.0,1.9453193683021635,2.8166633024184762e-05,1377
0.0,1.948961280065571,2.8219364927140056e-05,298
0.0,1.9522506775286665,2.8266992711412087e-05,1524
0.0,1.9707094941936916,2.8534261275914297e-05,3677
0.0,1.9739749274653289,2.858154207829866e-05,1381
0.0,1.9740052717053036,2.8581981438069448e-05,747
0.0,1.9762671772325107,2.861473197968145e-05,493
0.0,1.9868015813903337,2.8767261533890753e-05,1235
0.0,1.988901594204327,2.8797668001456778e-05,1440
0.0,1.9982183425329954,2.8932566895401024e-05,1624
0.0,2.0050604082865346,2.903163441014822e-05,1017
0.0,2.0051345705594925,2.9032708219189907e-05,157
0.0,2.0067703507175367,2.9056392977677703e-05,1475
0.0,2.0346444676267184,2.9459987387236986e-05,1331
0.0,2.053915790654192,2.973902037917142e-05,834
0.0,2.0724418930204958,3.0007263185583e-05,3680
0.0,2.1296660883480834,3.083582271989904e-05,2347
0.0,2.1363974150364213,3.0933286823575656e-05,1011
0.0,2.162200739897355,3.1306897858351945e-05,151
0.0,2.1806882046568417,3.1574581223825504e-05,1002
0.0,2.2292459224735985,3.227765725366538e-05,164
0.0,2.2296404675075343,3.228336994298697e-05,553
0.0,2.2343640230174295,3.23517631625192e-05,1340
0.0,2.2406825438910016,3.2443250175706595e-05,458
0.0,2.2427969550715954,3.247386511984196e-05,669
0.0,2.273899855018756,3.2924209666385096e-05,748
0.0,2.2857272509994866,3.309546068441804e-05,833
0.0,2.2938615698065155,3.321323896621209e-05,713
0.0,2.2993988729675956,3.3293414586021974e-05,1464
0.0,2.3094696978741682,3.343923189191855e-05,2352
0.0,2.31218049265199,3.347848198265169e-05,1406
0.0,2.328256431861845,3.3711248430989826e-05,1491
0.0,2.3395990862381684,3.387548078714886e-05,1255
0.0,2.357214672150584,3.4130540060184344e-05,349
0.0,2.361577483405363,3.4193709998020516e-05,1101
0.0,2.3624829828935257,3.4206820889837175e-05,1109
0.0,2.4190781248413273,3.502627224583055e-05,2302
0.0,2.41960506997908,3.50339019803414e-05,1402
0.0,2.4325249676338685,3.5220971528859835e-05,391
0.0,2.4547512150321467,3.554278940831601e-05,299
0.0,2.475951523706093,3.584975253434486e-05,1203
0.0,2.499103948890239,3.618498071045195e-05,729
0.0,2.521540766865869,3.6509847479604396e-05,395
0.0,2.5226345365506657,3.6525684369848044e-05,1435
0.0,2.522681212779687,3.652636020345934e-05,292
0.0,2.524805540698312,3.6557118733848704e-05,1375
0.0,2.5620037488125216,3.709571835619485e-05,2356
0.0,2.5687381436390524,3.7193226884002506e-05,1127
0.0,2.5795177125242943,3.7349306222900225e-05,1523
0.0,2.594257052817216,3.756271981236736e-05,415
0.0,2.596368926419786,3.7593298014448884e-05,468
0.0,2.6206992687877864,3.7945581467746514e-05,1461
0.0,2.650468596811225,3.837661698380401e-05,1209
0.0,2.6627382760033633,3.855427190091465e-05,1130
0.0,2.6645404996200117,3.85803666245188e-05,792
0.0,2.6742834665060737,3.8721436814492805e-05,736
0.0,2.683017080780404,3.8847892404381135e-05,1390
0.0,2.6970640479743757,3.905128099779276e-05,441
0.0,2.7085822745588266,3.921805549589319e-05,3682
0.0,2.7410191385262035,3.968771475015842e-05,1488
0.0,2.7529065651579105,3.985983496290757e-05,1197
0.0,2.756107637464775,3.9906183871174505e-05,1139
0.0,2.7831501088857657,4.0297736734418166e-05,1325
0.0,2.7868948625692584,4.035195770424327e-05,1438
0.0,2.790498976425456,4.040414232442391e-05,1016
0.0,2.8070801047850797,4.064422349836505e-05,456
0.0,2.821417140726204,4.085181204993571e-05,428
0.0,2.842457145798756,4.1156454110957696e-05,120
0.0,2.8443957547933176,4.118452358325975e-05,442
0.0,2.8537179951182576,4.131950199681711e-05,1400
0.0,2.8565245932562475,4.1360139241830574e-05,1135
0.0,2.8607386528271403,4.1421155376974994e-05,137
0.0,2.881405703031643,4.1720397356614924e-05,1439
0.0,2.8937209239753963,4.18987116810321e-05,1009
0.0,2.9058133669569735,4.207380036280739e-05,643
0.0,2.911906278586027,4.216202073870079e-05,352
0.0,3.021498321193616,4.374882386048995e-05,436
0.0,3.054119265593125,4.422114844881975e-05,2300
0.0,3.054355978883668,4.422457586361617e-05,177
0.0,3.0763020813577975,4.4542337473751914e-05,741
0.0,3.1080440003504917,4.500193449330503e-05,409
0.0,3.1854319614709614,4.6122448860708154e-05,426
0.0,3.2032536192331458,4.638049188554483e-05,1428
0.0,3.2033398410266285,4.6381740306578045e-05,1454
0.0,3.2158959646190373,4.656354270426988e-05,147
0.0,3.220849237699107,4.663526204629065e-05,668
0.0,3.228839109004458,4.675094884643016e-05,145
0.0,3.2575432815845815,4.71665617830519e-05,1361
0.0,3.2621115099425797,4.723270599249485e-05,1447
0.0,3.2699694540200306,4.734648259430152e-05,178
0.0,3.3022999265957194,4.781460138825189e-05,1416
0.0,3.304803244406545,4.7850847382235884e-05,176
0.0,3.322638438645343,4.810908640417999e-05,847
0.0,3.3267301406853913,4.8168330902376155e-05,1355
0.0,3.343296061327641,4.8408191881010865e-05,1467
0.0,3.4071160788179093,4.9332253524325687e-05,2307
0.0,3.4242923519090236,4.958095190710221e-05,837
0.0,3.4457479720569957,4.989161173440948e-05,1403
0.0,3.487486248408397,5.049594783068656e-05,1553
0.0,3.5119520395577357,5.085019247152989e-05,1019
0.0,3.573797043179134,5.1745657529744804e-05,782
0.0,3.6103892158471145,5.2275482254615646e-05,1114
0.0,3.641666479631185,5.272835144687349e-05,1471
0.0,3.6633420985304705,5.304219667612298e-05,1373
0.0,3.675814493112605,5.3222786746243145e-05,1023
0.0,3.6966550407707475,5.3524540827076805e-05,850
0.0,3.6980300979542116,5.3544450530185195e-05,1193
0.0,3.7399423015195827,5.4151304950234014e-05,1105
0.0,3.767999241431611,5.455754648731048e-05,247
0.0,3.7706399986403785,5.459578249134012e-05,677
0.0,3.815843228407438,5.5250288278463344e-05,1322
0.0,3.819023439219447,5.529633512935117e-05,1452
0.0,3.8816929993461975,5.620373909120957e-05,303
0.0,3.916379254624503,5.6705967691472736e-05,1210
0.0,3.9258739126961943,5.6843442572951375e-05,1442
0.0,3.9260120723076732,5.684544301109984e-05,169
0.0,3.932306566796916,5.6936582141897674e-05,1122
0.0,3.9594561348174055,5.732968567628838e-05,956
0.0,3.9834892756650704,5.7677665894706465e-05,286
0.0,4.010292388125656,5.8065753036018464e-05,1191
0.0,4.024449707609732,5.827073944031369e-05,737
0.0,4.082434801515745,5.9110316163568655e-05,1117
0.0,4.090625922779585,5.922891689846832e-05,400
0.0,4.091282921837072,5.923842970734228e-05,448
0.0,4.175460273910245,6.045724890146875e-05,1463
0.0,4.194735770492661,6.073634232306446e-05,666
0.0,4.268723994634351,6.180763128027511e-05,1478
0.0,4.290988319926609,6.213000049648532e-05,1479
0.0,4.293309768483852,6.216361317246122e-05,469
0.0,4.337646454786944,6.280557211912896e-05,1395
0.0,4.393130117493792,6.360893016499336e-05,504
0.0,4.494174731201481,6.507197350880123e-05,1020
0.0,4.547835466805516,6.584893706151895e-05,1084
0.0,4.548325034679471,6.585602560382764e-05,480
0.0,4.566214192310001,6.611504597153761e-05,1458
0.0,4.578761050774832,6.629671421776173e-05,831
0.0,4.614770667526842,6.681810400954724e-05,1469
0.0,4.66522806152415,6.75486857963925e-05,3684
0.0,4.714503686566168,6.82621565355479e-05,146
0.0,4.756869524757263,6.887557921386733e-05,1205
0.0,4.789008962302431,6.934093197685787e-05,289
0.0,4.813125277508227,6.969011649193835e-05,745
0.0,4.863428719934811,7.041846918598438e-05,141
0.0,4.890609276383376,7.081202140746257e-05,156
0.0,4.942797808251052,7.156766865445974e-05,753
0.0,4.959105505112143,7.180379076399124e-05,952
0.0,5.135959543546986,7.436449255959765e-05,1412
0.0,5.181265184791373,7.502048118113169e-05,404
0.0,5.186166932829778,7.509145448270083e-05,738
0.0,5.192154817034836,7.517815414741572e-05,2
0.0,5.2552749513443935,7.609208205483498e-05,1502
0.0,5.264628350865185,7.622751162805752e-05,1170
0.0,5.28191513511388,7.647781012198873e-05,1140
0.0,5.318547863721692,7.700822206369029e-05,490
0.0,5.350343466985802,7.746859638757542e-05,460
0.0,5.4526302193509695,7.894962488297352e-05,1150
0.0,5.465666557142932,7.913838038942078e-05,724
0.0,5.4744485985929865,7.926553716519624e-05,1187
0.0,5.495518318657964,7.957060947499928e-05,52
0.0,5.512814799976034,7.982104837456205e-05,1013
0.0,5.537901467963687,8.018428280409662e-05,1214
0.0,5.63865510173847,8.164311299652116e-05,465
0.0,5.66722497303445,8.205678136041783e-05,1378
0.0,5.66855266479128,8.207600525089731e-05,1121
0.0,5.690087553253831,8.238781281855179e-05,1194
0.0,5.69649371026238,8.248056873128018e-05,1129
0.0,5.720079264436247,8.282206826082383e-05,799
0.0,5.752402948611361,8.329008876428734e-05,495
0.0,5.780770577653963,8.370082882580565e-05,804
0.0,5.788846834167232,8.381776641308569e-05,1422
0.0,5.8031988418286655,8.402557174291836e-05,1408
0.0,5.844882497979167,8.462911698337017e-05,1379
0.0,5.859130222994401,8.48354123857975e-05,1043
0.0,5.914779479354191,8.56411680922875e-05,1196
0.0,5.963337432025522,8.634424752262948e-05,1484
0.0,5.9951938574332635,8.680550250139696e-05,1419
0.0,6.037617850636182,8.741976721671207e-05,805
0.0,6.099267236070218,8.831239988360551e-05,457
0.0,6.162136510571987,8.922269554623163e-05,742
0.0,6.194327179707533,8.968879010073927e-05,1076
0.0,6.218074318402138,9.003262924195399e-05,46
0.0,6.232376457406462,9.02397125144283e-05,1074
0.0,6.233761165940526,9.025976196119778e-05,1071
0.0,6.271996126831947,9.08133729156102e-05,422
0.0,6.287108520914164,9.103218801875812e-05,968
0.0,6.360417953404691,9.209364862816649e-05,563
0.0,6.467107926165984,9.36384321527095e-05,715
0.0,6.484297534563429,9.388732361981234e-05,727
0.0,6.594639391317445,9.548498343703304e-05,1392
0.0,6.620020032048522,9.585247435139888e-05,1032
0.0,6.622057861836729,9.588198045962226e-05,1169
0.0,6.658674179485653,9.641215478406462e-05,811
0.0,6.677097396141528,9.667890788955802e-05,1486
0.0,6.75359739857116,9.778656534153995e-05,1415
0.0,6.985130304307957,0.00010113897240393577,766
0.0,6.987684694972037,0.00010117595789105316,1158
0.0,7.048495884070919,0.00010205645416072606,683
0.0,7.07630005094573,0.00010245903575101245,671
0.0,7.090936335021149,0.00010267095717075847,842
0.0,7.095270541565421,0.00010273371293578748,1000
0.0,7.142528900952266,0.00010341797531854269,735
0.0,7.256619878171244,0.0001050699193330118,1369
0.0,7.264792321254287,0.00010518824962313378,1136
0.0,7.289026381229025,0.00010553913898614375,1094
0.0,7.358436960631707,0.0001065441473924178,826
0.0,7.407160857324746,0.00010724962955643846,809
0.0,7.4108256806091015,0.00010730269319947361,138
0.0,7.423477519850638,0.00010748588148146165,406
0.0,7.5540985182859455,0.00010937716668024677,1189
0.0,7.562184538819279,0.00010949424564254961,1516
0.0,7.573793080869857,0.00010966232783471419,1201
0.0,7.631161404806344,0.00011049297423337823,682
0.0,7.67609440684735,0.00011114356734409636,461
0.0,7.7022067201003805,0.0001115216522780127,1190
0.0,7.883188384439173,0.00011414211871997593,4
0.0,7.9570664153413,0.00011521181216922471,450
0.0,8.046864763555215,0.00011651201878903894,462
0.0,8.168827100577014,0.00011827793365404293,749
0.0,8.250971674317109,0.00011946731988088377,405
0.0,8.27274928891931,0.00011978264192447075,679
0.0,8.3455840597432,0.00012083722982125789,419
0.0,8.413166069820841,0.00012181576203962319,38
0.0,8.429727543116895,0.00012205555862432327,123
0.0,8.440830766701618,0.0001222163242184937,1206
0.0,8.452967826799876,0.00012239205891961813,730
0.0,8.511151790888016,0.00012323451512041839,505
0.0,8.622187279826496,0.0001248422181642228,497
0.0,8.653329366910581,0.00012529313010845033,1090
0.0,8.762718097326578,0.0001268769894360311,1497
0.0,8.76920656745503,0.00012697093717539687,995
0.0,8.884510379731369,0.00012864044204929925,444
0.0,9.202634780144907,0.00013324662311575697,1112
0.0,9.448938194686756,0.0001368128950621772,397
0.0,9.48262441734344,0.00013730064400818698,1455
0.0,9.513715472772924,0.00013775081705580394,496
0.0,9.700841610433173,0.00014046025044478494,536
0.0,9.735124640389918,0.00014095664067226288,819
0.0,9.826703613926812,0.00014228262929005808,838
0.0,9.854194754887589,0.00014268067852118982,142
0.0,10.072550960342701,0.00014584229774311508,35
0.0,10.432206419229043,0.00015104981456048883,446
0.0,10.565289128804768,0.00015297674332270805,520
0.0,10.622358271492477,0.00015380305782164427,435
0.0,10.682846248288609,0.00015467887424158722,704
0.0,10.892127771237556,0.00015770909948464862,390
0.0,10.96094376018517,0.00015870549870755646,701
0.0,10.963057212279768,0.0001587360997649112,1181
0.0,11.089491876275273,0.0001605667702657687,1151
0.0,11.213716344492926,0.0001623654389398821,131
0.0,11.373107506871785,0.00016467329257624508,66
0.0,11.438801442507389,0.00016562448702128751,728
0.0,11.750433451214123,0.00017013666356713308,136
0.0,12.009921561540443,0.00017389383912236323,746
0.0,12.024262599156915,0.00017410148561491923,1027
0.0,12.250615595938187,0.0001773788918332242,1162
0.0,12.258196570209702,0.00017748865813882464,54
0.0,12.464305515783554,0.00018047294705691996,1092
0.0,12.57113994920433,0.00018201982225363178,1036
0.0,12.693709589430062,0.0001837945303722055,1154
0.0,12.976831034724906,0.00018789389728379735,396
0.0,12.982849028680299,0.0001879810329130649,413
0.0,13.045355223884066,0.00018888607148448422,549
0.0,13.233523204604067,0.00019161058990865842,48
0.0,13.251520105048392,0.00019187117030416978,449
0.0,13.335039109918005,0.00019308045716937006,721
0.0,13.41456744822967,0.00019423196244749974,1192
0.0,13.548532837417188,0.00019617167168839433,1038
0.0,13.662362595736507,0.00019781983346689458,840
0.0,13.730478686890894,0.00019880609874232957,41
0.0,13.800588680299724,0.0001998212340912353,756
0.0,13.97241323008133,0.000202309113005672,844
0.0,14.106406088029745,0.00020424921997175272,555
0.0,14.123287398674236,0.0002044936475396053,1065
0.0,14.12937104736101,0.00020458173379567235,407
0.0,14.163700743617081,0.0002050787997129877,560
0.0,14.183449572743674,0.00020536474660259874,794
0.0,14.373487127192362,0.00020811633492490156,1450
0.0,14.499725412017705,0.00020994416201602917,402
0.0,14.664288685783808,0.00021232690359407336,1108
0.0,14.882316956046648,0.00021548377458269208,843
0.0,15.593740248123204,0.00022578460185007643,1040
0.0,15.911278604276227,0.00023038229747507355,479
0.0,16.00537596412621,0.00023174475026643826,1073
0.0,16.03517873876418,0.00023217627006211217,49
0.0,16.30068245056412,0.00023602054660543104,1096
0.0,16.435349818662605,0.00023797041992668078,722
0.0,16.43740942585474,0.0002380002413538973,420
0.0,16.52145770962448,0.00023921719174457845,1057
0.0,16.56479397372447,0.00023984466539617166,1078
0.0,17.43842533580032,0.0002524941328178043,1164
0.0,17.55154704336414,0.00025413204260060773,1053
0.0,17.746655805432137,0.00025695705786057954,40
0.0,18.00685491774819,0.00026072452814296376,680
0.0,18.39853060880608,0.0002663956717270377,132
0.0,18.41124756566293,0.000266579802858824,1024
0.0,18.640593733391142,0.00026990054774378436,1085
0.0,18.719407690930655,0.0002710417093727546,1148
0.0,18.72607251285192,0.0002711382105418103,1186
0.0,19.148201522213743,0.00027725029326164385,1050
0.0,19.212258082510484,0.0002781777798512852,1432
0.0,19.393032322140066,0.00028079524295314927,7
0.0,19.561219573676038,0.0002832304567645938,524
0.0,19.627163145619082,0.00028418526573914527,825
0.0,19.67249890553448,0.000284841690454396,1405
0.0,20.257126008134833,0.0002933066126277195,1204
0.0,20.851096281081393,0.0003019068162641858,689
0.0,21.751012233093995,0.00031493686304517876,1063
0.0,22.00804602560985,0.00031865850208634416,416
0.0,22.13352212434702,0.000320475293346445,1142
0.0,22.23760621534756,0.0003219823458349147,1172
0.0,22.42213479903492,0.00032465416876737785,11
0.0,23.034613220988195,0.00033352235526029617,411
0.0,23.403859492698803,0.00033886873920130345,759
0.0,23.41968535471886,0.0003390978847365167,1088
0.0,23.496296770229222,0.00034020715535876267,1035
0.0,23.554090465363444,0.0003410439607843818,797
0.0,24.083113859850183,0.00034870378675255775,828
0.0,24.1469885947757,0.00034962864065957167,398
0.0,24.589260108916704,0.00035603237037040714,815
0.0,24.80625701255341,0.00035917430801402084,1165
0.0,24.819122818750216,0.0003593605943624789,726
0.0,25.190433354665267,0.0003647368671604312,507
0.0,25.672998685821387,0.00037172401837803903,511
0.0,25.771791953846854,0.00037315446407815145,1149
0.0,25.835181447000597,0.00037407229208127717,17
0.0,25.9861439950929,0.0003762581062780601,967
0.0,26.736341089086192,0.0003871203464770878,45
0.0,26.956030722886982,0.0003903012726506061,1179
0.0,26.97665302779354,0.0003905998667549371,109
0.0,27.4819634320994,0.00039791634802444076,760
0.0,27.828626445385108,0.00040293574485839034,1037
0.0,28.50232630249959,0.00041269036764834954,129
0.0,28.93298350286001,0.0004189259315970917,1042
0.0,29.924672161342396,0.00043328477209025884,1031
0.0,29.949980404311415,0.0004336512147442573,796
0.0,30.180834094571534,0.00043699378732220406,564
0.0,30.71184485385934,0.00044468238870687404,1173
0.0,31.383389003274395,0.0004544057986128891,1067
0.0,31.38351172128006,0.00045440757546921784,533
0.0,32.447190519968885,0.00046980877429880774,1166
0.0,32.46091532076769,0.00047000749818637555,1033
0.0,33.012448335863034,0.00047799324504627094,1176
0.0,33.94227287015799,0.0004914563436310693,37
0.0,35.07450406667495,0.0005078501250997958,750
0.0,36.35996086443309,0.0005264624879235402,514
0.0,38.513854894053935,0.0005576491114126503,53
0.0,40.42410989068451,0.0005853080410205269,821
0.0,41.034136942950994,0.0005941407336857996,529
0.0,42.631495163773266,0.0006172691739548819,104
0.0,42.78176531011798,0.0006194449627408005,506
0.0,43.23401664762258,0.0006259931921296369,557
0.0,44.00399718017814,0.0006371418803345907,525
0.0,45.672648910805165,0.0006613025923017796,43
0.0,46.371706644036564,0.0006714243763931149,561
0.0,47.75429085728114,0.0006914430647350089,547
0.0,48.58260666301547,0.0007034363999726123,552
0.0,48.985810609459556,0.0007092744632636316,1188
0.0,51.35976826018848,0.0007436474279565175,1039
0.0,53.3555387664878,0.0007725445521857832,823
0.0,53.661992540355165,0.0007769817521273703,515
0.0,54.01160301790356,0.000782043825832579,818
0.0,54.69694351932493,0.000791966995629112,1079
0.0,55.48248450745235,0.0008033409865010332,518
0.0,57.074014363220385,0.000826385036812205,1152
0.0,57.332510385571716,0.0008301278477451657,127
0.0,57.457311535603615,0.0008319348663001769,1144
0.0,58.16913919646571,0.0008422415484967694,522
0.0,59.24212444544482,0.0008577774971131324,1029
0.0,59.66069837342361,0.0008638381051628841,829
0.0,59.856555664813904,0.0008666739585150851,13
0.0,62.17244772744178,0.0009002061809946227,807
0.0,63.714995953239615,0.0009225410173747672,1182
0.0,64.85839547533362,0.0009390965070612545,531
0.0,66.60760868281733,0.0009644236833075137,806
0.0,68.09924077349811,0.0009860212957046866,516
0.0,71.55767672239004,0.001036096618963873,9
0.0,74.00797281873471,0.0010715749018982423,68
0.0,75.04037838202579,0.0010865232898633129,22
0.0,75.15611029522472,0.001088198993288353,55
0.0,76.0720838567278,0.0011014615411183426,813
0.0,77.44606661927573,0.0011213556874908326,119
0.0,77.61874146769888,0.0011238558780339858,1059
0.0,78.72466426802347,0.0011398687354482462,824
0.0,79.25358411802767,0.0011475270621770228,998
0.0,81.17439422763897,0.0011753388211859228,687
0.0,82.39829422135143,0.0011930598918455382,56
0.0,82.8326590121721,0.0011993491386710353,763
0.0,83.35477946802438,0.0012069090157349471,114
0.0,85.7159734284049,0.0012410971726333209,942
0.0,87.6771700781306,0.0012694936957036163,1124
0.0,88.46493222760289,0.0012808998471747213,1047
0.0,89.75300857103589,0.0012995501388768371,692
0.0,91.21386793372369,0.0013207021873472558,517
0.0,98.75656677702987,0.0014299142960596534,124
0.0,99.4979960870032,0.0014406495859188295,73
0.0,101.54265087147223,0.001470254514504693,57
0.0,102.28320509843303,0.0014809771338777367,986
0.0,104.71217252964884,0.0015161465951896158,820
0.0,106.06196054306226,0.001535690421387903,754
0.0,106.55926012579106,0.0015428909125144719,707
0.0,109.1528344021584,0.0015804437462824117,769
0.0,111.65144947552375,0.0016166216484752027,970
0.0,112.47948348928482,0.001628610903595562,1062
0.0,113.2043467883975,0.001639106331169815,1160
0.0,113.69712485472122,0.0016462413544378052,106
0.0,115.34968776338182,0.0016701691134248797,535
0.0,115.91130196343096,0.0016783008275956801,717
0.0,116.79460611389113,0.0016910903490799933,827
0.0,126.37759857872011,0.0018298442403065773,67
0.0,126.59627127604406,0.0018330104420718474,537
0.0,128.1179502729264,0.0018550431090900155,685
0.0,130.61339187009892,0.0018911750619436951,980
0.0,131.9439661045635,0.0019104406883412306,810
0.0,132.91649813689193,0.0019245221565593607,974
0.0,136.2845212559158,0.0019732883760070763,121
0.0,136.54349154736187,0.0019770380539685384,996
0.0,137.68730483948633,0.0019935995347065694,133
0.0,139.5615060430884,0.0020207364348863166,978
0.0,145.8056182018858,0.0021111460707561314,107
0.0,148.67311361336576,0.002152665058470823,0
0.0,155.60905630804757,0.0022530918345268214,982
0.0,155.87420964019424,0.0022569310378594,720
0.0,163.22995127707497,0.002363436159168897,971
0.0,165.47235470263306,0.002395904326303322,997
0.0,166.9507152616129,0.0024173097777786534,527
0.0,167.6444444981695,0.0024273544095972793,34
0.0,169.52661209323324,0.002454606656608238,70
0.0,170.38198634577498,0.0024669917760196114,125
0.0,175.61028171127128,0.002542693215742853,1061
0.0,176.9420609079241,0.0025619762890071174,103
0.0,178.71669771529528,0.002587671578181183,988
0.0,189.57910394410405,0.0027449503340460923,116
0.0,192.059168015447,0.0027808596329058216,58
0.0,192.0677357982646,0.0027809836873918803,111
0.0,201.80467118316608,0.002921966546163335,86
0.0,215.44293352139965,0.00311943742761755,12
0.0,217.00718913525418,0.0031420865692183535,15
0.0,220.50281120691267,0.003192700317113939,699
0.0,229.9187475795948,0.0033290353727916527,25
0.0,234.25219530821843,0.003391780150790835,31
0.0,237.2321848998362,0.0034349279622045703,1049
0.0,238.09794750311463,0.0034474634964360984,817
0.0,244.13653088268612,0.003534897243721913,697
0.0,252.15679587237997,0.003651024119546209,1046
0.0,253.29135850904063,0.0036674516583609096,691
0.0,254.863328267,0.0036902124944575565,991
0.0,255.04227855358656,0.0036928035482114985,95
0.0,262.91888496138995,0.0038068503652943786,764
0.0,263.2330729306419,0.0038113995500579367,981
0.0,264.54449450508804,0.003830387861606832,814
0.0,300.61636666543325,0.004352679060775078,546
0.0,304.3753945089123,0.004407106708759365,32
0.0,329.8094138150836,0.004775370501224563,75
0.0,388.60747662631167,0.005626718349152626,698
0.0,410.02081076390544,0.0059367659096229985,990
0.0,488.29322654137184,0.007070086456903879,1055
0.0,537.4904508478394,0.007782422017546656,59
0.0,539.2977958444718,0.007808590894543277,91
0.0,546.0877716422237,0.007906904189344477,82
0.0,561.3527422387413,0.00812792847559951,1058
0.0,582.4931837379161,0.008434024773913862,540
0.0,599.5844843142551,0.00868149282419084,985
0.0,629.3923013193212,0.0091130856292152,99
0.0,699.9110846297718,0.010134139921473162,762
0.0,713.9983642077576,0.010338112205226513,545
0.0,749.85492664482,0.010857285895742419,64
0.0,806.0261910353241,0.0116705998514723,26
0.0,980.1550879188193,0.014191843826801748,28
0.0,990.1782279883843,0.014336970695268514,113
0.0,999.3322584937548,0.014469513568247772,542
0.0,1063.3402737531833,0.015396297265462624,19
0.0,1323.5644983687191,0.01916413115339949,65
0.0,1394.5726757978325,0.02019227147213165,78
0.0,1494.6176775334243,0.02164084125234711,84
0.0,1554.4791709113572,0.02250758670490871,101
0.0,1631.1449958225687,0.023617645130767695,1054
0.0,1917.691374688419,0.02776660227859462,977
0.0,1996.2296095421157,0.02890377166863778,544
0.0,2021.2351648986996,0.02926583165363117,538
0.0,2461.894571360365,0.03564621936410446,30
0.0,2519.9997029667134,0.03648753413505973,60
0.0,2595.2289276679226,0.03757679176513323,93
0.0,3284.6607386386877,0.04755920037691874,102
0.0,5582.86508620353,0.0808353192123274,90
0.0,8987.40810379213,0.1301303169150252,97
0.0,11233.404326534353,0.16265050481347773,62
