node,x,y
0,0.1271670321788728,0.7609394780387024
1,0.1228910751113541,0.7718745941797079
2,0.12298688952629769,0.7717420267498145
3,0.12283016555168633,0.7718889159173122
4,0.12302603487473467,0.7716853823671632
5,0.1235987952581515,0.7711643011647815
6,0.1239521268514451,0.7702694346640574
7,0.12329575304780384,0.7710492378995156
8,0.12485755221888657,0.7697991823899096
9,0.12408166188535126,0.7707255074889516
10,0.12467398104119956,0.7704745565411292
11,0.1246739843033853,0.7705505219936907
12,0.12536093067710674,0.7711968181132757
13,0.12607190212265976,0.7705210601297294
14,0.12446560819062133,0.7725336848970634
15,0.12456167431508787,0.7748616352666945
16,0.12854812750473488,0.7707906167478944
17,0.13539555597213393,0.7671162476829623
18,0.13667311067037796,0.7681778048333936
19,0.1393696269806513,0.7743377201301416
20,0.15136008788396668,0.7566690004576175
21,0.1462116631381008,0.7620940939871723
22,0.1448441290625489,0.7627107863420474
23,0.1474661656577553,0.7588050462707093
24,0.14792942989523467,0.7582233653744835
25,0.14858601609924707,0.7574291647689663
26,0.14915317283698581,0.7568787099179409
27,0.15055724414975105,0.7565551354993734
28,0.15038559977868363,0.7569805297736636
29,0.1505172492890149,0.7571386582689199
30,0.15031288056137992,0.757567928916064
31,0.1502535389302367,0.7578881310515334
32,0.15039111400706975,0.7577870628436526
33,0.15055993785358043,0.7578542656097769
34,0.15078821554208408,0.759628943774137
35,0.15048844593442404,0.7603099052233385
36,0.1477342723218901,0.7642783009486284
37,0.14507202464097982,0.7679536718809306
38,0.14380300422565573,0.7693063114803875
39,0.14088356147717782,0.7737180203082596
40,0.1358774558062644,0.7782677120367141
41,0.1389090508897611,0.775149897011561
42,0.16483393563793536,0.7525021430781925
43,0.16885527125936584,0.7485847599744835
44,0.18758001288008186,0.7286463173628097
45,0.18594798695996848,0.7065010290466622
46,0.18848404397133223,0.7000234780865567
47,0.19380230532324047,0.7301892292204982
48,0.1955851128657733,0.7269441851387215
49,0.19910535076938404,0.6840679142124606
50,0.19448413341585696,0.7270393135958583
51,0.19723930202532702,0.7247023757628116
52,0.18646357140744005,0.7299395457225574
53,0.18970854112765706,0.7275729574142897
54,0.19709119346778506,0.7183736133499337
55,0.2699013733620618,0.6306001317059897
56,0.1705325611886573,0.7615781102622726
57,0.15999079722101037,0.7683466274218268
58,0.13118665285194345,0.7964055248040246
59,0.20050213578731263,0.711739714353711
60,0.14856813411215578,0.7867506906468458
61,0.33242064489794554,0.5636528014709806
62,0.13727320927529163,0.802890070013108
63,0.13535744502491875,0.8047465848730926
64,0.13138621279521503,0.8080543570803096
65,0.13168699923343807,0.8078379102287356
66,0.12921292699357015,0.8064630789085482
67,0.12951019706507627,0.80631754502415
68,0.1331885805031167,0.8018638721471928
69,0.13077004660739583,0.800830062660765
70,0.13170221720689235,0.7992046878981419
71,0.13396512698077456,0.7975501309434947
72,0.13460870731963986,0.7963959277900297
73,0.13480661584662887,0.7961325998712924
74,0.1356345444343504,0.7954334108106653
75,0.13517834220091718,0.7954923844424912
76,0.13516402488484128,0.7985262890278181
77,0.13384492506072906,0.7989538057228467
78,0.13722295431364243,0.7933090300019954
79,0.13794157208688437,0.7934713732713252
80,0.1354599303904981,0.7958154325811493
81,0.13472658828648948,0.7961486430361477
82,0.1288573157478441,0.8004977206084858
83,0.12871326513180656,0.8004141278799106
84,0.12588162010626283,0.8025758159454646
85,0.12415812464239147,0.8038403036165549
86,0.11973555364914576,0.8073248915618102
87,0.09735487581832088,0.8171746967667269
88,0.11841486005692882,0.8080904550785706
89,0.11444714146742271,0.8109422243909529
90,0.11079105545305826,0.8142383581946332
91,0.10997488545152458,0.8149564920714496
92,0.10593649682729055,0.8191521362679213
93,0.1045129795177113,0.8209929677114433
94,0.10337779485777111,0.822259663320168
95,0.10315227184207125,0.8224925552040577
96,0.10250801468737782,0.8239931536756065
97,0.10193206668086333,0.8247011703637582
98,0.10163202354975974,0.8250385387774943
99,0.09975663987928769,0.8273175062978005
100,0.0986558075340305,0.8284757769521812
101,0.09849573878379424,0.8286529367684394
102,0.09847542864381621,0.8286935650158384
103,0.09840271702520109,0.8287903398769614
104,0.09799409690881358,0.829239069641368
105,0.0978833726408438,0.829414079385267
106,0.0977983017851069,0.8294986766496159
107,0.09778950086886443,0.8294944195667276
108,0.09770999917621077,0.8294205095744149
109,0.09765878401587275,0.8296671938773993
110,0.09767248284637119,0.8297416019646301
111,0.09761928374581602,0.8298019562428435
112,0.04779163355202773,0.8709078221744494
113,0.09666069840946041,0.8307774862678341
114,0.05838006292153784,0.8596681163552415
115,0.09269965406083518,0.8339967354426775
116,0.09248239534007745,0.8342491216877779
117,0.092231456831071,0.8344637213692823
118,0.09182788564353123,0.8349065354457101
119,0.09179931368419333,0.8349388138371405
120,0.09163943647518964,0.835154380272799
121,0.09156699486639859,0.8352217841425994
122,0.09143321218311572,0.8353666125961393
123,0.09089843673737341,0.8358499231970455
124,0.09030587373496535,0.8363313428028628
125,0.09028281920453651,0.8363317089285505
126,0.06407895160519333,0.8657770472244104
127,0.0895984602532125,0.837030487460569
128,0.0884618409690143,0.8381218369617705
129,0.08844243167037148,0.8381346928817949
130,0.08707234966812188,0.8394107835824334
131,0.08701264854154268,0.83945137177063
132,0.08603891276623944,0.8402767168913785
133,0.08528879080054579,0.8408764788819452
134,0.08479299407195594,0.8412861347645918
135,0.08382276876223287,0.8420429373404352
136,0.08201168717192017,0.8435050310250233
137,0.08200716580123626,0.8435085213106882
138,0.08103502880926018,0.8442464190679193
139,0.08065526760772133,0.8446603481111224
140,0.07977546838134578,0.845409820249279
141,0.07978245187404437,0.8454030498299782
142,0.07963827220363408,0.8455028265799351
143,0.07945759215329473,0.8456172276949705
144,0.0794679905500354,0.8455882365413958
145,0.07945234567027053,0.845570940797058
146,0.07952827053125908,0.8454091917390033
147,0.07960197954689743,0.8453021189161245
148,0.07990292659266941,0.8449076831055258
149,0.08023408672153567,0.8444172528873979
150,0.08029157509207417,0.8443537424473169
151,0.0803972819895654,0.8441981080583657
152,0.08064801253766948,0.8438899484094585
153,0.0811091404856287,0.8433152483663561
154,0.08133166499145851,0.8430775988205457
155,0.08137541851785253,0.8430153899871249
156,0.08146295808724642,0.842930959908973
157,0.08156671319856555,0.8427898048334641
158,0.08169560096996291,0.8426272046599769
159,0.08212173813146803,0.8422048606784349
160,0.08260906563842321,0.8417621284852138
161,0.08256329468207942,0.8417670344341929
162,0.08256737831992327,0.8417318407663559
163,0.08256554561481384,0.8416723449669152
164,0.08264946222093805,0.8415420340651654
165,0.08264930156227243,0.8415406973488647
166,0.08308990617412108,0.8409844254772024
167,0.08309134100364078,0.840986267499966
168,0.08309609254423474,0.8409832325188042
169,0.08312249668111873,0.8409450067992831
170,0.08349796022240402,0.8404990544166893
171,0.08366567592885046,0.8403123455351795
172,0.08380138923946298,0.8401352914065752
173,0.08383424334676484,0.8400919042541343
174,0.08478736997276527,0.8389734292649995
175,0.08540894535127641,0.8382397165181872
176,0.08598004632363404,0.8375477973264625
177,0.0863689976972501,0.8370911018779741
178,0.08676039425788298,0.8365666236275864
179,0.08676501298098767,0.8365615768817554
180,0.0869668490370291,0.8363277002006996
181,0.08727180316284208,0.8359042524219334
182,0.08729378229350547,0.8358790949098673
183,0.08752288647861194,0.8356107578669135
184,0.0879064966247788,0.8351346589404857
185,0.08809486558394818,0.8349416883080617
186,0.08883525318117219,0.8341650381116411
187,0.090252437284603,0.832537029191989
188,0.09038950070351755,0.8323741459485238
189,0.09226222107554252,0.8300089626633428
190,0.0923803110355507,0.829852844803683
191,0.09388387094355474,0.8280229258924493
192,0.09439622166377178,0.8273534104509395
193,0.09478752144174821,0.8268565129785015
194,0.0958256846164517,0.8256249866609461
195,0.04037216015721275,0.8895134433908499
196,0.04002231072025902,0.8882792399233008
197,0.09675023303597717,0.8245428611700211
198,0.09714143338250306,0.8239090744309981
199,0.09729070270850697,0.8236909877485215
200,0.0975256846182625,0.8233998681017632
201,0.09767322501235569,0.8232412431261847
202,0.09768779159811937,0.8232189275525075
203,0.09814810216619434,0.8226531496831218
204,0.09892658560440461,0.8217119599883979
205,0.0990321617246138,0.8215687834292634
206,0.09909326666386682,0.8214950016696881
207,0.09984469742747416,0.820602423490696
208,0.10025819986256886,0.8200896640542229
209,0.10085906233441386,0.819360116978158
210,0.10088488664630917,0.8193284706835336
211,0.10147600462075235,0.818663811365621
212,0.1015657330920727,0.818561209405855
213,0.10165316167006003,0.8184621151764819
214,0.10199532102048724,0.8180893048258671
215,0.1020796641752828,0.8179969951223174
216,0.10264649534526596,0.8173055210142018
217,0.10290044962132487,0.8170264010105199
218,0.1028314687721917,0.8171363286612469
219,0.10286556736239194,0.817094384620609
220,0.10304477467626545,0.8168799162661812
221,0.10306108250268162,0.8168624270335073
222,0.10346949509755116,0.8164118365154083
223,0.10385942985907393,0.8159714610382974
224,0.10473972664854367,0.8149365427019317
225,0.10474807333788622,0.8149266278936219
226,0.10602196959174152,0.8134638254837679
227,0.10639535074133889,0.8130389891118149
228,0.10666705561185098,0.8127391303249694
229,0.10687202235115675,0.8125022691737811
230,0.10704265276854079,0.8123056399692634
231,0.10712337680555424,0.812215017772667
232,0.10792621369635122,0.811252006554134
233,0.1083345719346491,0.8107783147423049
234,0.10847187245237201,0.8106158415764348
235,0.10847959150092433,0.8105983447545494
236,0.10851372859984033,0.8105451587664096
237,0.10857650729217125,0.8104860672553833
238,0.10863846689060527,0.8104174996630121
239,0.10864239943599908,0.8104127966117748
240,0.1088065786962993,0.8101861854842834
241,0.10891376705946164,0.8100718231679728
242,0.10914455858656921,0.8098138585089288
243,0.10913241288057703,0.8098326114543734
244,0.10922345279839757,0.8097461095743759
245,0.10946993507067218,0.8095049864142779
246,0.10952998270284361,0.8094334899832181
247,0.1097610436356879,0.8091694185413536
248,0.10981397555603754,0.8091103728369619
249,0.11000350780440397,0.8088850725035861
250,0.1103376443017032,0.8085315987843203
251,0.11072068317407584,0.8081161033689556
252,0.11082915881622499,0.807953457030585
253,0.11087762461204756,0.807898272198173
254,0.11091738020811918,0.8078581051988019
255,0.1147579907307243,0.8031480858583554
256,0.11597457163276684,0.8017293695951362
257,0.11649765647754376,0.8011306524028633
258,0.11747515409085008,0.7998781491581213
259,0.12286556187407002,0.7935023739241117
260,0.12605925175191077,0.7897936704941927
261,0.13276545777274598,0.7827669873698454
262,0.13407768537143105,0.7814160975038673
263,0.13652221565902561,0.7790644575102195
264,0.136493238185374,0.7790925769312652
265,0.1371746096734961,0.7782790616060706
266,0.13862838753132042,0.7766111182473131
267,0.1392614996860565,0.7758193013833254
268,0.1351752284180721,0.7807152569984516
269,0.13378387047102488,0.7823363043957341
270,0.13857927587444954,0.7771444693700709
271,0.14136142757305367,0.7740211853295729
272,0.14168991103901504,0.7736640902397642
273,0.14556528346078657,0.7694074613572327
274,0.1457480221000882,0.7692137687915233
275,0.14727705742963146,0.7676240141907535
276,0.14972322366522894,0.7653835006814342
277,0.1505093815265755,0.764558834646656
278,0.15076578562982865,0.7642873456619356
279,0.15132054938291642,0.7636866111208123
280,0.15186413681079738,0.7631090650446415
281,0.15187215127508769,0.763099301642034
282,0.15199957331539754,0.7629717246817329
283,0.15251220724585127,0.7624570551931045
284,0.1541676977503063,0.7607377831208596
285,0.15468282789366433,0.7602162437062046
286,0.1547610004185011,0.760126847124734
287,0.15547822115323248,0.7593037209659921
288,0.15588981092462748,0.7588644446558981
289,0.1570655757229101,0.7575116945535056
290,0.15849004627606791,0.7558774472377672
291,0.15951313820427232,0.7549538243054184
292,0.16116671286080544,0.7531481502082439
293,0.1625414639745411,0.7515642547207988
294,0.1624680871033737,0.7516218557917171
295,0.14108046131855795,0.7610193170016248
296,0.16225786779372348,0.7517065933043181
297,0.16183570770923975,0.7514558147373634
298,0.1617511140747353,0.7514787148704566
299,0.16194492863554497,0.751297652589877
300,0.1621878611651465,0.7510655643259124
301,0.1627596464193001,0.7503786913239876
302,0.16308991848229717,0.7501259306955865
303,0.16313185233305771,0.7499856774278376
304,0.1632053034077858,0.7499084554785848
305,0.16324038506819583,0.7498101679402154
306,0.16420754044826846,0.7487406848841474
307,0.16448997293777812,0.7484216337893772
308,0.16453019615510037,0.7484128281248084
309,0.16458135484483288,0.7483746737904977
310,0.16460644522129622,0.7483302790715913
311,0.16470913953776684,0.748203380127925
312,0.16472199135167806,0.7481435134614969
313,0.1659565384041545,0.7468581498300507
314,0.166404587580042,0.7462811033622753
315,0.16657845112664849,0.746148305406549
316,0.16648535995469885,0.746218726591412
317,0.16655090171439926,0.7461515320552733
318,0.16618334435022797,0.7464676951298869
319,0.166217779882216,0.7463646939395912
320,0.16633242649709118,0.7460857836213106
321,0.16624354931493315,0.7461818118069802
322,0.166408252062439,0.7460214458730918
323,0.16610793309197977,0.7461415817928191
324,0.16454710548339932,0.7475818980373308
325,0.16120436409792682,0.7507375888443775
326,0.1608170046643173,0.751133103364751
327,0.15788795486092158,0.7539867430007837
328,0.15507819317241447,0.7567364327393623
329,0.15414404413643337,0.7575217300808319
330,0.15076594427403334,0.7606521744502335
331,0.15011020722217738,0.7611330283899552
332,0.1494676712245,0.7612259432494829
333,0.1556336102460443,0.7532645326325025
334,0.17525793976688495,0.7338962852277041
335,0.1790699570750755,0.7308812991678937
336,0.17911341021295402,0.7309425667160752
337,0.18174234143731363,0.729110581005649
338,0.18167834268598063,0.7291640035427318
339,0.18681884607313573,0.7251808689460371
340,0.19769793812470193,0.7139091127885779
341,0.20897294542836178,0.7038481284382905
342,0.21930813529875548,0.6958083327857721
343,0.22576963070525907,0.6899408709037232
344,0.2268854355431839,0.6889109670921182
345,0.23220734555963612,0.6845415201499274
346,0.23371757976062166,0.6832632411354472
347,0.2381630118601111,0.6795363530094489
348,0.25058138481562037,0.66926420094652
349,0.25287172116483386,0.6664554406739595
350,0.2574882031160745,0.6616235065969744
351,0.2582137221604459,0.6618933409713113
352,0.2676607268698471,0.6503777115532664
353,0.2681377260703803,0.6494026443778873
354,0.27687697087908975,0.6422806129598588
355,0.32034809339036663,0.6213418750664884
356,0.3376278504295838,0.6134478188248618
357,0.36313812471301493,0.58818186059628
358,0.4680808666855322,0.28686251994361517
359,0.41205184468180384,0.540119164413727
360,0.4921371561600325,0.22093946233238093
361,0.49598792439875455,0.22276492430873973
362,0.5014600879568555,0.2088848147644969
363,0.4655294588915522,0.34381434528934873
364,0.4605851194439716,0.37561751982067026
365,0.4603004377342966,0.37730894611480154
366,0.46110125994704254,0.3803442806982914
367,0.46484405556046315,0.37785045820876634
368,0.4666986708939692,0.3748175050169785
369,0.47593208805804904,0.3592886267093281
370,0.47238811810096754,0.3579629181489749
371,0.4822905040828673,0.33181302572098703
372,0.536108372402484,0.23906676170345392
373,0.48165542362156155,0.3288140621047304
374,0.5468533728725723,0.21430485139570343
375,0.5003005695856704,0.29266964110127475
376,0.5058580732120674,0.2777210985475163
377,0.5081208083475915,0.2710488641073443
378,0.512127492491218,0.2611973704645552
379,0.5160203901816691,0.24932275290735526
380,0.5197544420364457,0.2373634772181421
381,0.5251063677424648,0.220426032618624
382,0.5278162107282823,0.2131912958305895
383,0.528977748851647,0.21042856710908134
384,0.5301620865399872,0.20724683351565407
385,0.5333468506008285,0.20108062170624594
386,0.5346302015566058,0.19928853913229197
387,0.5393226632130199,0.19202266110431046
388,0.5393291561344161,0.1920191903980805
389,0.5401809779252901,0.1912404503939356
390,0.5415234656066922,0.18981661358297253
391,0.5414578867164855,0.1898318274125624
392,0.541676877559518,0.1895851530780012
393,0.5417269060246728,0.18951744420276687
394,0.5420901767979757,0.18923499626666057
395,0.5429684042970732,0.18854616717989278
396,0.5429689661195686,0.18892234763027618
397,0.5432742587877358,0.1893564887289928
398,0.543234904441404,0.19129289325168425
399,0.5432440712610932,0.1912769028666949
400,0.5431006827504667,0.19183792996991575
401,0.5420495992477581,0.19471790954579107
402,0.5419159359305996,0.19491782629534363
403,0.5393252653684918,0.19929074683830864
404,0.539278703763302,0.19947493021511983
405,0.5389506244784461,0.20026831476026488
406,0.5381877726690414,0.20250641061602415
407,0.5380820748128399,0.20272792549104476
408,0.5377245828197932,0.20333802875798365
409,0.5378071433601602,0.20393359137173014
410,0.5376578014642783,0.20411618640139664
411,0.5375941896438411,0.20421919011478154
412,0.5377079246311934,0.20560830452429404
413,0.5376706243889618,0.20603249466304727
414,0.5374241769654841,0.2079317581348842
415,0.5376238865770109,0.21270336426447087
416,0.5378298974757383,0.2129804898030396
417,0.5378240414217504,0.2147166310122144
418,0.5375578578062004,0.215401120885574
419,0.5375329986385375,0.21549026676694674
420,0.5374983202196018,0.21654291157191863
421,0.5375571661629238,0.21705279455245546
422,0.5377538335178965,0.22568859762023177
423,0.5377945873457433,0.22644918309290715
424,0.5377703385341002,0.2274332325809376
425,0.5384500855347572,0.22849179670400388
426,0.5385077233809057,0.2294889302035005
427,0.538613894949496,0.2296301167223677
428,0.5385151052888936,0.23026867459906736
429,0.5384117746387279,0.23120267070261058
430,0.5382417159148789,0.23460404102012716
431,0.5385058928226011,0.23569916936624596
432,0.5385815777568286,0.23592956954476263
433,0.5388948522886737,0.23705345459230828
434,0.5396413256544006,0.23918484145480703
435,0.5398614322997759,0.2417125180016302
436,0.5394997898384316,0.2427188382068711
437,0.5393811788040405,0.2433512515693182
438,0.538204291303098,0.2455397553293214
439,0.5330366824166962,0.25367155172745937
440,0.5299599488023186,0.2596841102038074
441,0.5285133746207799,0.26242304271201367
442,0.5253798036551577,0.2691739609204948
443,0.5246687377643221,0.269597520761151
444,0.5233516884281375,0.2718027004735887
445,0.5233934130728526,0.2717300214001674
446,0.523479576820764,0.2717925517932803
447,0.5216956668775551,0.2748633907927855
448,0.5212621014793908,0.27531863455800376
449,0.5168758670156384,0.2834543072571799
450,0.5112666124035754,0.30418056205030103
451,0.5128439599717409,0.30925951426233267
452,0.5040596629673599,0.3249504377600716
453,0.48312281608814167,0.37671677789310376
454,0.4796974610459784,0.39485938336652254
455,0.4762205981446569,0.40187416435265827
456,0.4787023812510851,0.40474414796299285
457,0.34619907816255335,0.6696835677023243
458,0.4686243041829338,0.4486443683514442
459,0.4753563355305969,0.42643578609188926
460,0.4822317073451803,0.40614685660973454
461,0.4828904603246791,0.40591852806814016
462,0.48311661034731407,0.4058015608013652
463,0.48761360434120227,0.4046901255555218
464,0.4876157189269275,0.40471190505087273
465,0.48765907368113526,0.4047125137498161
466,0.4878490094446285,0.4043801989414278
467,0.4877063174576442,0.40434019865067333
468,0.48777240533653055,0.4039788534624803
469,0.4830662869432637,0.40148577328782303
470,0.4839458277692908,0.39969638141693836
471,0.4841687498716175,0.3968880041148094
472,0.484322594679737,0.3962416920646473
473,0.48670052407448056,0.3911370228056658
474,0.48866410976842717,0.38713631163376516
475,0.492098018831967,0.3793068327001023
476,0.4929896440399918,0.3777920466551481
477,0.49723286600648714,0.3709507420507082
478,0.49753293310041813,0.3703798831191058
479,0.49826357448059594,0.3691516190426685
480,0.4988612698746453,0.36817595725633717
481,0.5033747840242822,0.3616353241679027
482,0.5047023788399135,0.3601969861230691
483,0.5048085521836648,0.3602820369728979
484,0.5044794921807764,0.3603810051933776
485,0.5044253430864495,0.3605838605284654
486,0.5035845735063663,0.3617906961087283
487,0.5037135089638693,0.36244016391122347
488,0.5033838925310298,0.3626007979012085
489,0.5032279514497916,0.362747888024756
490,0.5074087253880911,0.3639597397568623
491,0.5082666973846997,0.3642306303513424
492,0.5087711996695702,0.36477566805212375
493,0.5106688279921967,0.3678745199863088
494,0.5134551968070469,0.3746837390856365
495,0.5127166381655384,0.3760975787670826
496,0.5127018243016178,0.3785276797833957
497,0.5169428966610475,0.3926174709403894
498,0.5169274790727285,0.3954643066422066
499,0.5169315297277789,0.39548120491663674
500,0.5168135126072804,0.39896695410437827
501,0.5153332341280096,0.40365680875370363
502,0.5334479789183988,0.49416644685465416
503,0.5336357705693491,0.4953009489237097
504,0.5174168434330807,0.48289087068554204
505,0.51648088077786,0.4807887864954653
506,0.42916813463455983,0.39922426833342795
507,0.42895763264269454,0.3995037171515928
508,0.42909992101020444,0.39939706015288295
509,0.41419402565162766,0.4399612018992948
510,0.41717678995425,0.4377331689991936
511,0.4175083118931325,0.4374798496682166
512,0.42983524875323537,0.3976985186908716
513,0.4279428230453428,0.40038957068828746
514,0.4277378495491599,0.400539715413763
515,0.4274977691443472,0.4004956617989162
516,0.4274367757880621,0.4004532061814311
517,0.42739028518673766,0.40038551714508824
518,0.42647195058466697,0.4007560078228671
519,0.42635607268328046,0.4009871330837391
520,0.4257942651147666,0.4017607343027858
521,0.4244489929031459,0.40358945651590356
522,0.42354639592779825,0.4076345034833709
523,0.41784227075718067,0.4117546306162649
524,0.4265283772987039,0.41106668752004366
525,0.4314760489939954,0.40487343351480976
526,0.4298712080199641,0.4125151409937647
527,0.43013977497861444,0.40964556209250336
528,0.5473925579058494,0.5169280404414562
529,0.5459062086571088,0.5159684264905221
530,0.5497902475290479,0.5229700670743188
531,0.5527924944726376,0.5268815524820648
532,0.5518192012822277,0.5252736364867008
533,0.5474094298946296,0.5286642973021239
534,0.549263064156671,0.5302037858231797
535,0.5537479671546872,0.5336645796951721
536,0.5776626181802246,0.5544210929162691
537,0.5779836370561553,0.5564781265067409
538,0.33222622339760205,0.6166313973612434
539,0.3404004985978494,0.614706365850513
540,0.5655959339924717,0.5785987766679841
541,0.5586478135242264,0.5819689564409342
542,0.5544922538068544,0.5829635418800395
543,0.5477609026665703,0.5839495030185015
544,0.5329116900305448,0.5766582779017504
545,0.5329248246241737,0.5764252178948928
546,0.5302640145907649,0.5765915573839059
547,0.5313776631821707,0.5811517181861823
548,0.5331685036673145,0.5808170982795481
549,0.6480501779760947,0.6466607431967405
550,0.6335746883432521,0.6392809222747673
551,0.6259812132258193,0.6372077608981114
552,0.6207992585995001,0.6356563562151387
553,0.620586160026691,0.6356284240718406
554,0.6161433902372871,0.6346850780112526
555,0.5963883709321909,0.6230383879223107
556,0.5310276663613028,0.5678164245945705
557,0.5178192072506399,0.5533374176936733
558,0.4920976560406465,0.5206363347777266
559,0.476811694233301,0.4895008517499114
560,0.47654886271590075,0.48792899808400436
561,0.4740463011915612,0.48056439544502194
562,0.473475992362113,0.477992418613281
563,0.4713435278216533,0.47207322797726237
564,0.471315321286433,0.4719994936201202
565,0.471149232218979,0.4717546273979834
566,0.47108951568216295,0.47175003388693115
567,0.47107546355284985,0.47174745210689256
568,0.4710553741857784,0.47168533434705207
569,0.4706411212924971,0.47165081404821185
570,0.4706216700532012,0.47182769737227254
571,0.4705292049095339,0.4719267457833732
572,0.47052526531338884,0.47190418448333643
573,0.4705053361773302,0.472018135223556
574,0.47076387845492285,0.4727982343071115
575,0.4708712920610908,0.47296129660971936
576,0.4710580838167597,0.47329391165009854
577,0.4716464436060685,0.47431374237484525
578,0.4717419512419683,0.47446609534003914
579,0.47189820934042065,0.47466764232320874
580,0.47225816398623055,0.4752015282370882
581,0.47260218208175486,0.4756328378920686
582,0.47322246681607527,0.4762955442672002
583,0.4739182649456609,0.4766907408087471
584,0.47391814914295144,0.4766839761148438
585,0.4741045143548762,0.47682224960829406
586,0.474105445738342,0.4768039537496462
587,0.4740977066520154,0.4768133886023612
588,0.4742456782719319,0.47710727774140593
589,0.4742800309864037,0.47787535650248314
590,0.47432697937409385,0.47797466480276135
591,0.4743272772897801,0.4779929823683414
592,0.4743350015490555,0.47790286598922194
593,0.4743372159097673,0.4778478083414918
594,0.47443222458907286,0.4783089515898911
595,0.47417680430360354,0.4787708076257175
596,0.4741532689453355,0.4788451225733596
597,0.4742100013160119,0.4789681306174545
598,0.47411428863811517,0.4791225860334067
599,0.4741260461323673,0.4791462694556332
600,0.4734116745256416,0.4800553129671934
601,0.4735480983412192,0.4804028932966161
602,0.47356492108354464,0.4806263132306791
603,0.4738709302959442,0.48131061383044904
604,0.4740611894746919,0.48187409213632937
605,0.47422672123185367,0.48217061260321725
606,0.4746749984509033,0.4827294778770407
607,0.476078043456085,0.48433447075660613
608,0.4768632115876155,0.4855555166352497
609,0.47723726328520183,0.4861033264750881
610,0.47913286338041366,0.4883366027790014
611,0.4879837036812901,0.49806331439961343
612,0.49178326802886296,0.503144592585377
613,0.492864856779275,0.5043319003319081
614,0.49683189553281004,0.5090466645227567
615,0.5009265173755014,0.5148178041029093
616,0.5037171195763823,0.5183127256430771
617,0.4313586243391694,0.4372851092536417
618,0.5049284564498947,0.5198753690520724
619,0.493046043958065,0.5083435919430616
620,0.49347291030163226,0.5088576556087594
621,0.49404223241446493,0.509157649986843
622,0.49427124964725017,0.5093065266452752
623,0.494544236779101,0.5094769268629867
624,0.4952614816697449,0.5106904146948533
625,0.4955565234972701,0.5112299459004808
626,0.4957484309828072,0.5113071263924677
627,0.5005811299400472,0.5224249386835751
628,0.5005959039979399,0.5225111595394463
629,0.5009777340787264,0.5232841563209312
630,0.5035889948030071,0.5292929931565642
631,0.5036567194134429,0.5294312627137711
632,0.5039721775846066,0.5301714126849725
633,0.505233133222204,0.5320596170416652
634,0.5054900750351926,0.5326256561306217
635,0.5073802167592981,0.5334006932722478
636,0.5078912238491998,0.5342443974508806
637,0.5092125645896795,0.5365051057835013
638,0.5104773884980232,0.538998307201523
639,0.5227842273252025,0.5627987219926063
640,0.5197979553428096,0.5677187307650393
641,0.7499752749903257,0.7820331084006228
642,0.49752492790322705,0.5528189543991626
643,0.84013742937928,0.8116727988739875
644,0.5134068881200347,0.5421815632840669
645,0.5199658760568556,0.5492216113885321
646,0.4245086570412586,0.6495193012658398
647,0.5613498580418247,0.5180734756962971
648,0.5369690823848667,0.6885946188966868
649,0.5720215352614888,0.563394702322321
650,0.5724161218883492,0.560474089833561
651,0.5704015559831764,0.5538536795955821
652,0.5645640024454379,0.5639460847156831
653,0.8687374862263257,0.7943923657561328
654,0.5462483434727823,0.5740344541566601
655,0.5440062570352584,0.5756359930855135
656,0.5348209341748118,0.5930053125474058
657,0.49964379078693005,0.6003468728141648
658,0.42088665050525503,0.6414607303851845
659,0.4224231735068042,0.6422957617563299
660,0.43512580386135946,0.6359213463039539
661,0.43593028539255446,0.6356522727713773
662,0.4375120172906575,0.6347849696211133
663,0.4379366851407598,0.6346034189064235
664,0.45106612246172995,0.6280030241917833
665,0.45541132623922087,0.6261761949594213
666,0.46555499531882893,0.6197173741248229
667,0.4662679275333884,0.6192660207797438
668,0.4675327071484962,0.6181727056928584
669,0.46824878548404764,0.6178189586845831
670,0.4729060751184511,0.615004171338194
671,0.4767361642992112,0.613015024701444
672,0.47786545495338506,0.6125637237118086
673,0.48951050948192054,0.6076626945667011
674,0.5146916727641421,0.5974919108375405
675,0.5208808772317632,0.5943455924830143
676,0.5337533863683757,0.5843679090565623
677,0.5369425588029171,0.5801123062267981
678,0.5367840591615498,0.5802491248169444
679,0.5296344900784576,0.5803592859712513
680,0.5268075006756334,0.5825281652676677
681,0.5262452287577166,0.5828264989229393
682,0.5181061244882876,0.5852441306629024
683,0.5139439605304739,0.5872442206935075
684,0.5326670832515074,0.5793884967311903
685,0.5353394816166348,0.5784286859518625
686,0.5385270975462717,0.5780023269352856
687,0.5455859721197625,0.5773277421764158
688,0.45472683112673756,0.614792869855894
689,0.4635243941244833,0.609707234992849
690,0.6113511022611418,0.558566580318071
691,0.600386720036588,0.5625563951680773
692,0.6092078459894616,0.5699213564282382
693,0.652668822729759,0.5994615395754033
694,0.6614726073536723,0.6081277251482515
695,0.6614643879306946,0.6087954044679849
696,0.6697581440804743,0.6091390080857025
697,0.6754850062761726,0.615591905741378
698,0.6928858051376997,0.6218472104902042
699,0.7118885156082347,0.6403908387212206
700,0.7157681162043797,0.6450877978491167
701,0.7184620434444036,0.6478921873337149
702,0.6364209897059485,0.8758388030942973
703,0.7235512951989926,0.656535011183615
704,0.7248629940434884,0.657704407165886
705,0.7261487855906791,0.6610950482405238
706,0.7274915495413289,0.6624451966038011
707,0.728184056082232,0.6636221463025361
708,0.7307414709912443,0.6668992626301208
709,0.7378365491357498,0.6803739771963926
710,0.7382613416005728,0.6802181856223547
711,0.7391462361631888,0.6809319982667658
712,0.7435822191144045,0.6841791343303835
713,0.7488049228417919,0.6872435336898471
714,0.7505619397458454,0.6876853858998075
715,0.7542046298356648,0.6890397043757978
716,0.7560397835701806,0.6885164000453083
717,0.76035691033012,0.6864691081360357
718,0.7612570782592049,0.6864958825220969
719,0.7616762336316574,0.6858251176230298
720,0.7619456461382579,0.683717644995789
721,0.7645426345536742,0.676853357321241
722,0.7649875034266476,0.6755412694950431
723,0.7633115352443505,0.6695926580630724
724,0.7619638623094828,0.6688342300715965
725,0.760512546929587,0.668107283255672
726,0.758739456080492,0.668481973411666
727,0.7585750758232768,0.6685358583448563
728,0.7558989118418172,0.6689797045568591
729,0.7534222080734483,0.6689806894697526
730,0.7511821703110778,0.6673175934291751
731,0.7507594562374288,0.6673352082818023
732,0.7460444025108767,0.666730684797206
733,0.7442957416672947,0.6669483158703046
734,0.7433920042798106,0.6655897769045899
735,0.7425592911565511,0.6652213902238514
736,0.7403182588509905,0.6666430480766214
737,0.7399057284030665,0.666628309584053
738,0.7393529782488475,0.6662716830091641
739,0.7386310083644855,0.6681444199695027
740,0.8239230588094008,0.7589760980124123
741,0.7373173705312215,0.6713698022926643
742,0.7371371657733685,0.6717757786458338
743,0.7381934599054727,0.6743676833195356
744,0.73846552849699,0.6749133078992656
745,0.7394040018463838,0.6755998625504716
746,0.7384662310976849,0.6788165263584127
747,0.7381234671621016,0.6787519738203919
748,0.738446006239105,0.6790109003297313
749,0.7385125812069913,0.6790800693381803
750,0.7401588840275315,0.6845795587002919
751,0.742487960512851,0.6853227314250686
752,0.7432635562653673,0.6868820008108666
753,0.7436505526435656,0.6875170676630372
754,0.7438799270694781,0.6891071259007696
755,0.7439183793316411,0.6890711301701513
756,0.745025717476955,0.6894283364843113
757,0.7450958555577979,0.6897169581215513
758,0.7450861808058259,0.6896521203269723
759,0.745516159884399,0.6904554440675524
760,0.7464390645683207,0.6913236965278445
761,0.7466119983124538,0.6912025084577732
762,0.7473411382217262,0.691745870296531
763,0.7471665654222647,0.6916528484533149
764,0.7483523408137901,0.6925777090192758
765,0.7487775674094203,0.6929998199976931
766,0.7515001948842828,0.6954322027268787
767,0.7519192800229333,0.695917988600329
768,0.7526801601050955,0.69659397586947
769,0.7540829925093488,0.6980705128055431
770,0.7559983785195143,0.7001209588997677
771,0.758053263222832,0.7015811577102946
772,0.758914220372594,0.70173276824349
773,0.7592116331343879,0.7020145101040522
774,0.7599840231148751,0.7019757623361953
775,0.7620213352145551,0.7033617523562464
776,0.7625771815663939,0.7038336385623515
777,0.7638869716558286,0.704221452100725
778,0.7647403944702114,0.7050522109715365
779,0.7652645247429013,0.7051627493240602
780,0.7656900093462777,0.705277162142979
781,0.7658565979383597,0.7051493859093814
782,0.7669955134535071,0.7054927981529859
783,0.7670702168396998,0.7055057267846032
784,0.7676900653571014,0.7053058189700558
785,0.7721329592802173,0.7068501444255789
786,0.7737467395245161,0.707355965595109
787,0.7777918295799678,0.7100539804180728
788,0.7778654881639826,0.7101377423583272
789,0.77959020167018,0.7113280306811505
790,0.7818594246756505,0.7133646163083803
791,0.7818730418591701,0.7133668154494768
792,0.7821303200323941,0.7135880741962906
793,0.7847276820206336,0.7166730044552408
794,0.7852420484009526,0.7172457178820266
795,0.7864813232010728,0.7185670429372399
796,0.787334056305836,0.7195836997780999
797,0.7875978441299478,0.7198128645386199
798,0.7882935652092735,0.7207251891465775
799,0.7890090071745112,0.7216688630924458
800,0.7890988862588018,0.7219201198627673
801,0.7891497968439848,0.7219405909844457
802,0.7905751680300381,0.7237798923457925
803,0.7909022457120453,0.7245046580897537
804,0.7913918458827217,0.7251419213162822
805,0.7913664999793494,0.7252711492170395
806,0.7916834159879549,0.7257567067604367
807,0.7917396115471982,0.7258028274153593
808,0.7915433287973883,0.7258507269289914
809,0.791584997788451,0.7259602822222475
810,0.7915948909353075,0.7260650629126674
811,0.791597187900304,0.7262063640098533
812,0.7915522371730006,0.7262751128821772
813,0.7913615730027379,0.7260826963718768
814,0.7911928931409705,0.7257692017948763
815,0.7911271240867794,0.7257766670358504
816,0.7899288642297528,0.7243967394812464
817,0.7892712867449685,0.7238312864323533
818,0.7890462235397824,0.7237482733212758
819,0.7889252417707829,0.7235345929631521
820,0.7885757445352721,0.7231474439574388
821,0.7882214913839282,0.7228077456853719
822,0.7881326548199706,0.7227153817557183
823,0.7879749887394969,0.7225420114268267
824,0.7865570909565075,0.7215849563679626
825,0.7861497596979625,0.7213642463328167
826,0.7858204592051381,0.720983196013654
827,0.7855229532812267,0.7207284012195562
828,0.785484337253176,0.7207257278784528
829,0.7852578925586465,0.7202068198352146
830,0.7852071977863423,0.7201525266362995
831,0.7848875660141686,0.7199479149143467
832,0.7844671861488105,0.7195201774946287
833,0.78407072565091,0.7193725751271954
834,0.7840559217439373,0.719352718867092
835,0.783714486723555,0.7191738045986644
836,0.7836460093374186,0.7191917652374775
837,0.7832387891641256,0.7189359052226272
838,0.7831557094750987,0.7188674221295493
839,0.7830623187867101,0.7190496155896731
840,0.7830392689453575,0.7191302882750416
841,0.7829071446545379,0.718937524606757
842,0.7819569950599486,0.7183115425827948
843,0.7817433026090203,0.718335011675912
844,0.7811947715036598,0.7183071013358024
845,0.7808859594763254,0.7181361269211741
846,0.780757425178878,0.7179589496965775
847,0.7807113841719715,0.7179819256910559
848,0.7802470465636947,0.7177781271902551
849,0.7800588034384238,0.7177405518972609
850,0.7800177169860905,0.7177215002403038
851,0.7794767930139539,0.7170210506151429
852,0.7785546992309499,0.7161333632368511
853,0.7778730104459013,0.7156733476272111
854,0.7773957901768256,0.7153119628735934
855,0.7767008936313963,0.7149582602232911
856,0.7762687046966922,0.7146715338544071
857,0.7760402797664296,0.7145728148250783
858,0.7744581353262121,0.7135289321182132
859,0.774064114663922,0.71325507108271
860,0.7721676929807179,0.7120223325935403
861,0.7717409115388624,0.7119473470578489
862,0.7717483445159833,0.7119340713982388
863,0.771381743776993,0.7122758833441719
864,0.7700660636947719,0.7117066695246923
865,0.7699588385590838,0.7120713184306035
866,0.7689658519047712,0.7122374846891714
867,0.7684022051984415,0.712549597057138
868,0.7682108795349897,0.7124996834669883
869,0.767746268333722,0.7124678938402264
870,0.7677114578112806,0.7125835211176191
871,0.7677466744143413,0.7125926254761128
872,0.7676438013159155,0.7125227657098295
873,0.7668227047548583,0.712846688872493
874,0.7661219400437822,0.7144009393448648
875,0.7659590716039056,0.7144744326405198
876,0.7653626196393687,0.7141113343394851
877,0.7652322059250366,0.7141916927468097
878,0.765164688751372,0.7144902478575389
879,0.765151273499069,0.7145321141192095
880,0.7655023447750342,0.7154653215415546
881,0.7654993357745908,0.7156796922732158
882,0.7651912261162914,0.715315229564033
883,0.7648967144796887,0.715187104078865
884,0.7648448836828821,0.7153202778817565
885,0.7648159216970973,0.7153143319417342
886,0.765160858116387,0.7158540978758906
887,0.7652555137594004,0.7161796756696429
888,0.7652656851817198,0.7162023172925898
889,0.7651870171458556,0.7164331678294654
890,0.7650798790751345,0.7167366198917197
891,0.7652244270278624,0.7170580376768352
892,0.7652536663436684,0.7171156675537933
893,0.7648625726856999,0.7168894537853499
894,0.764993611989851,0.7171285787044364
895,0.7650296118534734,0.7171502722774798
896,0.7658999936593973,0.71983053020156
897,0.7661379763905177,0.720079449852534
898,0.7659012838100371,0.7202016841687469
899,0.7656372231241473,0.7199275764754417
900,0.7665946757534169,0.7206820053088792
901,0.7666790731350454,0.720872675025981
902,0.7670082584889633,0.7209300887056225
903,0.7665892293893126,0.721529488959193
904,0.7665978850473327,0.7214881805198152
905,0.7667847532078107,0.7216914579126246
906,0.768235504975793,0.7227862087909636
907,0.7683197613204655,0.7232976307184554
908,0.7686900483603041,0.7238100037088463
909,0.769426355372641,0.7254974138533653
910,0.769739750261834,0.7256427777105197
911,0.7704720229200198,0.7261170557829717
912,0.7704928984014965,0.726119274688763
913,0.7705996083200259,0.7261722866670469
914,0.7708006648537025,0.7269092269077937
915,0.7708644754065217,0.7269030972340227
916,0.7714566425061194,0.7274907950842533
917,0.77175213285562,0.7278369689035686
918,0.7718539851333733,0.7279378669798471
919,0.7723672490791462,0.7284385918295468
920,0.773080563407667,0.7288092525831898
921,0.7737776302745784,0.7292132818859356
922,0.7738028613008731,0.7292084349189069
923,0.7739734539114723,0.7297287166411836
924,0.7742380196110786,0.7301211485495421
925,0.774533449859572,0.7302516365957132
926,0.7750829003036347,0.7313614139711054
927,0.7758076151572145,0.7318543854686405
928,0.7758776260485079,0.7318827182969927
929,0.7759782541896825,0.7320584251256146
930,0.77626745955807,0.7322198431996868
931,0.7774560900540809,0.7331468345333026
932,0.7775996079471008,0.7331817665759438
933,0.7787569799415602,0.7348920234254845
934,0.7795128598563159,0.7356170357123462
935,0.7795679780406586,0.7356085993115479
936,0.7797104459208368,0.7356801983979344
937,0.7802541410469205,0.7359918639401866
938,0.7802596042893358,0.7359939981749664
939,0.7805541159713079,0.7362090049243746
940,0.7806345949543745,0.7365551718667074
941,0.783162082844049,0.7393205049910111
942,0.783420884735356,0.7393836375938163
943,0.7839280845210412,0.7399690450941733
944,0.7839611456221715,0.7399985511670998
945,0.7853361611840166,0.7415303601389593
946,0.7853546217122743,0.7415484303050971
947,0.7854199263357432,0.7416149770029183
948,0.7861753889312736,0.7422106979810624
949,0.786689090238819,0.7425577209523565
950,0.7869485463508965,0.7430340642552105
951,0.7870785098121142,0.7432612769987345
952,0.7871741747692266,0.7433037367623523
953,0.7872821953502153,0.7433694426085748
954,0.7877063589551485,0.7437386448777643
955,0.7877330506695952,0.7436799488516193
956,0.7902121383354272,0.7460082755345729
957,0.7902758449666002,0.7460369072172047
958,0.7907891158191366,0.7463319951777408
959,0.79104560103987,0.7465613252308998
960,0.7920829125225328,0.7471135413859936
961,0.7926226499841604,0.7474852709575301
962,0.7929941365588751,0.7478265878475021
963,0.793315046822284,0.7479212071242008
964,0.7934146654087426,0.7480749958284749
965,0.7934212759421162,0.7480687134699454
966,0.7935140183595054,0.748283299366981
967,0.7937579464335467,0.748488989809038
968,0.7939188166354905,0.748532582166543
969,0.7939562231664259,0.7485710776125672
970,0.7939951963519563,0.7487741855627655
971,0.7942909113262978,0.7489845205641861
972,0.7943379632713986,0.7489947170227685
973,0.7946775946015898,0.7491579950399428
974,0.7946844907162903,0.7491597546122458
975,0.7949962197155044,0.7492963990803984
976,0.7953152325156215,0.7493979574756243
977,0.7953560793067701,0.7493784290075152
978,0.7956226091576177,0.7494804976316292
979,0.7961351319902118,0.7498104459766918
980,0.7968527295884086,0.7501088771904978
981,0.797421936690285,0.7505702863128327
982,0.7976028216210105,0.7506485556501751
983,0.7980071050447347,0.7508964837706336
984,0.7992963114924044,0.751720116979647
985,0.7993432547849745,0.7517906962820713
986,0.7993878057304858,0.75184185196471
987,0.7996456846538114,0.7518147673244029
988,0.7996450157346259,0.75182455916092
989,0.7998903849885918,0.7519541105313217
990,0.800419850225564,0.7522585795657344
991,0.80050172843238,0.7523113640903095
992,0.8010618751275609,0.7526441960452753
993,0.8013509675742755,0.7526969104171317
994,0.8017301204556034,0.7529367828541413
995,0.8021746346233412,0.7534520903621871
996,0.8022048144654781,0.7534655227662234
997,0.8023089793164828,0.7535694421821314
998,0.8025116154900342,0.7537711919156045
999,0.8027861754754504,0.7539548821116445
1000,0.80340057727251,0.7543231384574927
1001,0.8035774658787591,0.7545110941400708
1002,0.8036403324630712,0.7545428748550873
1003,0.8040416135871901,0.7547730423626061
1004,0.8042406360359018,0.7548916575568027
1005,0.8047191115988735,0.7551397242418459
1006,0.8048079522758024,0.755243745201279
1007,0.8051402510937574,0.7554115559564131
1008,0.8053869621997635,0.7555393479856204
1009,0.8057976980179439,0.7558208400690668
1010,0.8058634383530489,0.7558772951356648
1011,0.8059685315905422,0.7559300165040452
1012,0.8061093080715768,0.7560396128993763
1013,0.8067949898569426,0.7564572731971211
1014,0.8074679993063834,0.756778580421855
1015,0.8076909451026913,0.7567971536576765
1016,0.807785421557919,0.7569198528902563
1017,0.8077879053468804,0.7569215622450916
1018,0.8079168640690586,0.7570213053169325
1019,0.8081708901832585,0.7571245928305843
1020,0.8086605120986124,0.7573394532197237
1021,0.8089240787710618,0.7575203172805557
1022,0.8089296818640382,0.7575527174262217
1023,0.809277081551935,0.7577474389028592
1024,0.8094863431081575,0.7578589488016104
1025,0.8096702399688832,0.7579024718530598
1026,0.8098036311353933,0.7579014666677468
1027,0.8099910920672188,0.7579452891729811
1028,0.810147280886561,0.7580853755651809
1029,0.8104296140724752,0.7582922001651811
1030,0.8105279740919102,0.7583133248013175
1031,0.8105874137578706,0.7583341490073451
1032,0.8106185981005973,0.7583554617782883
1033,0.8115176520863987,0.7585793588591982
1034,0.8117584382743006,0.7587432389061809
1035,0.8118100516248788,0.7587250792773279
1036,0.8119940323239038,0.7587408070391916
1037,0.8120470180644108,0.7587470413277033
1038,0.8120940935207334,0.7588147363965351
1039,0.8121254563141178,0.7588257524614108
1040,0.8123225578104114,0.7588546114305064
1041,0.8124833338192287,0.7589045009501123
1042,0.8125466451334061,0.7589397381752641
1043,0.8125525828464828,0.7589367750870154
1044,0.812681465083665,0.7589654957642331
1045,0.8126584690872083,0.758976224022271
1046,0.8128381889906934,0.7590091160900244
1047,0.8130109504082447,0.759072215267433
1048,0.8130324834506749,0.7590475330895456
1049,0.8130344150092834,0.7590444788327114
1050,0.8130975255454007,0.7590354985085312
1051,0.8133415195653977,0.7590719913934547
1052,0.8134319200856279,0.7590509711620924
1053,0.8135112959655951,0.7590253224359894
1054,0.8135428109917648,0.7590342133151731
1055,0.8135460603829979,0.7590391238014288
1056,0.8137227140193761,0.7590764278278255
1057,0.8138716200794989,0.7591404958947742
1058,0.8139538918103453,0.7591575065074476
1059,0.813977765005334,0.7591567351063184
1060,0.8140548946100631,0.7591506549139716
1061,0.8141510064247223,0.7591120524215517
1062,0.8141966035693088,0.7589607167767758
1063,0.8141963568499763,0.7589737591644364
1064,0.8142296412511436,0.7589608412493286
1065,0.8143171290581459,0.7590048343266861
1066,0.8143961885038754,0.7589903703969433
1067,0.8145745605438096,0.7590094905169114
1068,0.8145877122880459,0.75899020499005
1069,0.8147075045917909,0.7590463856045802
1070,0.8147385470951666,0.7590345454441361
1071,0.8147857780356669,0.7590229075451287
1072,0.8148283412275084,0.7590431891829335
1073,0.8149286371969949,0.7589822039975704
1074,0.8149788349139707,0.758934563750189
1075,0.8150542025490175,0.7590389826183899
1076,0.8151765118853053,0.7589700206870104
1077,0.8152050986242662,0.75891696784999
1078,0.815192370236752,0.7588896330292985
1079,0.8153092329373395,0.7588881796857952
1080,0.815439661987309,0.7588842963024954
1081,0.8154560793617601,0.7588763388740489
1082,0.8154746937830571,0.7588427393187857
1083,0.8155085942198217,0.758873405487307
1084,0.8157360117329031,0.7587565258404029
1085,0.8158240874682163,0.7587192089965658
1086,0.8158133776725668,0.758700581658099
1087,0.8158268369410611,0.7586652173805513
1088,0.8158286040585019,0.7586554093628297
1089,0.8508867568543501,0.8375387998593058
1090,0.8157560801903492,0.7585465203738844
1091,0.8157858882076977,0.7585456425246938
1092,0.8158192490040614,0.7585300235121641
1093,0.8158909003934012,0.7585413698920507
1094,0.8159009938582756,0.7585459380483158
1095,0.8159478916607203,0.7585192278272035
1096,0.816019105600444,0.7585400832332714
1097,0.8160467583586026,0.7585408246691072
1098,0.8160625998360475,0.7585254258972431
1099,0.8161205446487184,0.7585424241952593
1100,0.8162181579673017,0.7584315955813796
1101,0.8162845141396321,0.758331880940607
1102,0.8164316018858471,0.7584261532745916
1103,0.8164739268893504,0.7583373057777884
1104,0.8164601519042548,0.7582912160991951
1105,0.8165165517600856,0.7582582541083078
1106,0.816566703272382,0.7582336102646319
1107,0.8165954460328673,0.7582294251271887
1108,0.8166579668239493,0.7582886260770985
1109,0.8166577893618849,0.7582472401303301
1110,0.8166702961418972,0.758263819041991
1111,0.816676293263601,0.7582571152239828
1112,0.816681905629368,0.7582238494071838
1113,0.816742839581708,0.758252720413036
1114,0.8167530584961932,0.7582571824168489
1115,0.8167889208735591,0.7582759756618034
1116,0.8168117728529898,0.7582750743310923
1117,0.8168334990844187,0.7583351251754021
1118,0.8168930025574912,0.7583774854729117
1119,0.8169142305853596,0.7583722518359595
1120,0.8169387642409539,0.7583552999319959
1121,0.8170118093513937,0.7583235931832011
1122,0.81709066372027,0.758323817790753
1123,0.8171872220684719,0.7583190536548254
1124,0.817182110718473,0.7583205370263273
1125,0.817244682684853,0.7582656143279614
1126,0.8172455377988711,0.7582511918579334
1127,0.8172501705594207,0.7582294045803999
1128,0.8173399026003677,0.7582996236014041
1129,0.8174895788883993,0.7583335903088655
1130,0.8175229278547821,0.7583300941795609
1131,0.8176134726487883,0.7582588132589471
1132,0.8176061755207322,0.758221346453312
1133,0.8176612595562295,0.7582295137506239
1134,0.8176935980337934,0.7582406718501388
1135,0.8177412724642564,0.7581779719281403
1136,0.8177824459256469,0.758186370025649
1137,0.817932861764252,0.7581831530640277
1138,0.8179319562680067,0.7581866248799439
1139,0.8179413515896371,0.7581753402907279
1140,0.8179333095313323,0.7581677162140864
1141,0.81791203423825,0.758149989366153
1142,0.8179672037984649,0.7581960061376802
1143,0.8180091584122134,0.7581956897212121
1144,0.8180477402592219,0.7581389620776384
1145,0.8181036513073504,0.7581993167396456
1146,0.8181707972602127,0.7582372210783074
1147,0.8181773688308446,0.7582389002222449
1148,0.8183059792359687,0.7582841859098274
1149,0.8183350943538682,0.7583195451449859
1150,0.818362792676933,0.7583206466161841
1151,0.8184140050818378,0.7583681267237975
1152,0.8184321663194376,0.7583543414467807
1153,0.8184443753902333,0.758356737850807
1154,0.8184694390030346,0.7583290650326681
1155,0.8184889516759062,0.7583664788308896
1156,0.8184943160511492,0.7583335365552305
1157,0.818550961142354,0.758414917944671
1158,0.8185550139996005,0.7584201754343
1159,0.8187198990226385,0.758529700637209
1160,0.8187283772981606,0.7585933263351246
1161,0.8187158749593236,0.7586078547945179
1162,0.8186658007649185,0.758662384041669
1163,0.8186122488245283,0.7586697650975269
1164,0.8185204115681337,0.7587388403594765
1165,0.8185183864727392,0.7587544196320278
1166,0.8185131215309426,0.7587573561522054
1167,0.8185282435014867,0.7587526742257467
1168,0.8185287576672968,0.7588719052282024
1169,0.8184913672065112,0.7588867305884387
1170,0.8184888028505151,0.7588842417801263
1171,0.8184459836010686,0.7588799371400861
1172,0.8184252303555832,0.7588672560818963
1173,0.8184249435742215,0.758876862001618
1174,0.8184116963400685,0.7588668062972204
1175,0.8183984627385095,0.7588599610181481
1176,0.8183766123837549,0.7589049381952782
1177,0.818340664494162,0.7589055968512374
1178,0.8182706970808589,0.75889504746177
1179,0.8182415343873727,0.758928237208829
1180,0.8181962217220885,0.7589205234787831
1181,0.8180505319894829,0.758967071055095
1182,0.818073420961133,0.7589778621801133
1183,0.8180452828501789,0.7589749844639969
1184,0.818013005365644,0.7590032532167759
1185,0.8179843080400102,0.7590505817308214
1186,0.8180023041166644,0.7590722233976175
1187,0.8179418458840867,0.7591031108680067
1188,0.8179119512571492,0.7591381891143004
1189,0.8179240309272063,0.7591297049750151
1190,0.8178326511618518,0.7591843144565534
1191,0.8178371979814325,0.7591913315042412
1192,0.8178232025830505,0.7591768120603231
1193,0.817826176629701,0.7591698022285529
1194,0.8178837162826855,0.7591170889952733
1195,0.8178768817516158,0.7591162882470733
1196,0.8178000137872529,0.7591660049841144
1197,0.8178238108631095,0.7592033471653119
1198,0.817828780001345,0.759228931684571
1199,0.8177824634005744,0.7592047515003472
1200,0.8177881957518792,0.7592040676610886
1201,0.817779071947897,0.7592026678309659
1202,0.8177687923775513,0.7591914536607053
1203,0.8177808022702062,0.7592721684125638
1204,0.8177654321683295,0.759129302367411
1205,0.8177609309766773,0.7591852773721757
1206,0.8177733080028117,0.7591901088247902
1207,0.8177509388342659,0.7592303398628131
1208,0.8176698219862953,0.7592439612353478
1209,0.8176451963782051,0.7592730388244274
1210,0.8176336807723791,0.7592794197739224
1211,0.8175627060928932,0.7593103367231959
1212,0.8175022382806828,0.7593658735378058
1213,0.8175088228185194,0.7593901846940536
1214,0.8175096779676105,0.7593921314001827
1215,0.8174714597312869,0.7593719140682056
1216,0.8175132076931311,0.7594243279872734
1217,0.8175043291803966,0.7594311818838695
1218,0.8174875566447579,0.7594609751592499
1219,0.8175148473951549,0.7594739185751412
1220,0.8175305384590165,0.7594950242415799
1221,0.8175248122288087,0.7594905978257455
1222,0.8175386757738237,0.7595127362218462
1223,0.8175289231568186,0.7595614756559775
1224,0.8175248842221099,0.7595581917509139
1225,0.8175335112053959,0.7596112571258296
1226,0.8175254067240467,0.7596872614116158
1227,0.8175693352849377,0.7597623449508248
1228,0.8175676214653806,0.7597704194063545
1229,0.8175775057268823,0.7598057170696317
1230,0.8174904191486265,0.7597890758643298
1231,0.8174575085408013,0.7597797874141551
1232,0.8174599552194717,0.7597858577383999
1233,0.8174907950308556,0.759861610623396
1234,0.8175080154182072,0.7598635458628598
1235,0.8174805339287651,0.7598498003992757
1236,0.8175247509391076,0.7599414738086522
1237,0.8175234857925123,0.759967799867977
1238,0.8175752112945744,0.7601270652866815
1239,0.8175797014576821,0.7601576514349457
1240,0.8175800521289349,0.7601634767873182
1241,0.8176753887884127,0.7602950658146291
1242,0.8177231844762308,0.7603895141493336
1243,0.8177392953765479,0.7604609615446908
1244,0.8176489431121835,0.760479650300263
1245,0.8176380304631207,0.7604845156822851
1246,0.8175417804071907,0.760492031560855
1247,0.8176223553135394,0.7606226967286177
1248,0.8175200780526823,0.7606570645177428
1249,0.8174968839327101,0.7605957947703802
1250,0.8175817439608485,0.7607604784161294
1251,0.8175020452845643,0.7606627728993836
1252,0.8175045287162365,0.7606665402940069
1253,0.817502860476321,0.7606495151194603
1254,0.8175210335108053,0.7607914355579588
1255,0.8175187511130715,0.7607840353585882
1256,0.8176044290250825,0.7608691479514418
1257,0.8176144825817561,0.7609279749750778
1258,0.8176577557683825,0.7610447144450255
1259,0.8176708896338873,0.7610439908698754
1260,0.817691619814785,0.7611928786513198
1261,0.817679233356706,0.7611859786316618
1262,0.8176177142256154,0.7611752261776261
1263,0.8176486805579369,0.7611925270687554
1264,0.8176802365468652,0.7612636216887358
1265,0.8177599882770608,0.7613130714679672
1266,0.817755314579551,0.761307103915983
1267,0.8177649860766364,0.7613141583736549
1268,0.817789253056705,0.7613399999551655
1269,0.8178104622472143,0.7614146076020164
1270,0.8178393849617632,0.7614254955196968
1271,0.8178459241118424,0.7614333956317362
1272,0.8179208733507971,0.7614345113119501
1273,0.8179943511672937,0.7616888761529411
1274,0.817996279670098,0.7616934269933622
1275,0.8179901273642204,0.7617239176740249
1276,0.8179337782982563,0.7617054895231425
1277,0.8179788003994638,0.7617532367580646
1278,0.8180199376013623,0.7618647524341424
1279,0.8180042610265768,0.7618818355822898
1280,0.818058913131121,0.7620107322890233
1281,0.8181659518981395,0.7621796466953897
1282,0.8181138681183218,0.762175928027158
1283,0.8181264837805456,0.7621897506969123
1284,0.8181301722975378,0.7622425091779251
1285,0.818178979719929,0.7622861443775202
1286,0.8183477047510646,0.7624979304885179
1287,0.8183477047510646,0.7624979304885179
1288,0.818384383783543,0.7625101789341164
1289,0.8184757999934363,0.762611628425163
1290,0.8185098660937715,0.7626827301118574
1291,0.8185118752698883,0.7627008642884074
1292,0.8185085225790242,0.7626958003752285
1293,0.8185886371815349,0.7627617879336047
1294,0.8185835484827182,0.7627939956262151
1295,0.8186096991541338,0.7628523627169503
1296,0.818627953082616,0.7628934800538428
1297,0.8186229701981423,0.7629497241768551
1298,0.8185698470650448,0.7629238274333212
1299,0.8186010291637373,0.7629352746192557
1300,0.8186014367537623,0.7629270375435334
1301,0.8186488303022201,0.762933636967715
1302,0.818658962365673,0.7629294336260838
1303,0.8186500372778823,0.7629765481722888
1304,0.8186681271667678,0.7632270022843244
1305,0.8186553219706457,0.7632417195508422
1306,0.818759700818678,0.7633167941274925
1307,0.818749568299423,0.7633206586236408
1308,0.818778555234523,0.7634786660973641
1309,0.8188028203623319,0.763489119715774
1310,0.8188277499205197,0.7635287783394794
1311,0.8188581176630082,0.7636055696012771
1312,0.8188655019708903,0.763594453860198
1313,0.8189213678467699,0.763682525401931
1314,0.8189197060485606,0.7636859797507913
1315,0.818933439651694,0.7637442271676895
1316,0.8189377122744594,0.7637735019062314
1317,0.8189993059158146,0.7637943547331763
1318,0.8189727447674336,0.7637804340503764
1319,0.8190312718689164,0.7638054831213996
1320,0.8189814151359596,0.7638737221084272
1321,0.8190493409538069,0.7638879989569465
1322,0.8191144604601948,0.7639208890356981
1323,0.8192058643711818,0.764074342170533
1324,0.8193563321719625,0.7640444396028653
1325,0.8193919572265205,0.7640769952673647
1326,0.8194228158625251,0.7640898525990574
1327,0.8194532161645265,0.7641215742092259
1328,0.8194101400727832,0.7641266352132206
1329,0.8194481988205946,0.7642574986971474
1330,0.8194407959143434,0.7642636957911679
1331,0.8194503433128164,0.7642886363396497
1332,0.8194833478309579,0.7643136674853737
1333,0.8194966680153024,0.7643492957671516
1334,0.8195150681813685,0.7643769944043608
1335,0.8195102176363807,0.7645057669416788
1336,0.8195947180499843,0.7646297087065528
1337,0.8195816804617712,0.7646343041253327
1338,0.8195193214411707,0.7647151971511712
1339,0.8195320420640217,0.7647440662297208
1340,0.8195275490463204,0.7647414235851772
1341,0.8195661664094398,0.7647463274948159
1342,0.8195757441367836,0.7647676477949044
1343,0.8196360101828664,0.764831607069562
1344,0.819654862203263,0.7649149099237423
1345,0.8196732238097233,0.7649472247772876
1346,0.8196725374691931,0.7649435825302037
1347,0.819697863834568,0.7649615187002129
1348,0.8197987944907353,0.7649369551923966
1349,0.8198459338382592,0.7649511336624908
1350,0.8198565607629136,0.7649957320952867
1351,0.8198746134596856,0.7650096280834624
1352,0.8199585426797183,0.7652018374536868
1353,0.8199635702977912,0.7652146394219571
1354,0.8199733640977037,0.7652569406022286
1355,0.8200011248823181,0.7653120373146635
1356,0.819999205830662,0.7653068981876552
1357,0.8200279982500398,0.7653277413382709
1358,0.8199889780613845,0.7653807432808225
1359,0.8199733948619957,0.765382782247214
1360,0.8199854343113256,0.7654190944048487
1361,0.8199952993784528,0.7654239415157111
1362,0.8200497834683848,0.7654799836651656
1363,0.8200343849851834,0.7655259746039184
1364,0.820070671647291,0.7656239716560529
1365,0.8201624579155279,0.7657272524614716
1366,0.820222072057229,0.7658240893442184
1367,0.8202276150440482,0.7658336703957359
1368,0.8202512364382765,0.7658800368726861
1369,0.8202616944762622,0.7659487460379139
1370,0.8202616944762622,0.7659487460379139
1371,0.8203486514567873,0.7662450048942449
1372,0.8204649281220794,0.7664445729947168
1373,0.8204551861666176,0.7664521733288896
1374,0.8205323823346318,0.7667032849611454
1375,0.8205389864794348,0.7667603494627716
1376,0.8207221577518387,0.7670046465749917
1377,0.8207380432290445,0.7670417882229688
1378,0.8208179323682953,0.7670794604515935
1379,0.8209267053520986,0.7671836081463621
1380,0.8209553402918983,0.7673087834875933
1381,0.8209933974486309,0.7673082396220127
1382,0.8210238485835122,0.7674132653718492
1383,0.8210409602862523,0.767434234482149
1384,0.8210520891994829,0.767433683282374
1385,0.821200403812047,0.7675160564057645
1386,0.82134916494876,0.767530965200764
1387,0.8215072799354878,0.7676533724452652
1388,0.8215917501544878,0.7676644207560694
1389,0.8216128642414581,0.767682427287227
1390,0.8217130081629751,0.7676854999311554
1391,0.8217303857338311,0.7676843790271676
1392,0.822089939853008,0.7676820223815349
1393,0.8222001732261488,0.7675793353263951
1394,0.8222830267398146,0.7675885225477823
1395,0.8223830313749627,0.7675693297820757
1396,0.8224496910335931,0.7674960370681081
1397,0.822536642118834,0.7674728186580135
1398,0.8225403380389791,0.7674352602304483
1399,0.8227365005782805,0.7674127523222375
1400,0.8227302703464073,0.7674119262714106
1401,0.822736546274441,0.7674354870516655
1402,0.8227885561006475,0.7673510617348644
1403,0.8228930610381766,0.7673613218218871
1404,0.8229710228550352,0.7673418109050654
1405,0.8231065349571469,0.7673808669451828
1406,0.8232187144868864,0.7675789047930509
1407,0.8235971976460005,0.7677668039997696
1408,0.823587862919188,0.7677646716823364
1409,0.8236565165316021,0.7677891896755179
1410,0.8238144239306407,0.7679063375104599
1411,0.8240790637205938,0.7678695189388445
1412,0.8241386098174465,0.7679361919174066
1413,0.8241717195146302,0.7679909942735647
1414,0.8246458800174122,0.7683136652093083
1415,0.824797722981926,0.7684742687424931
1416,0.8248439356862934,0.7685395170719336
1417,0.8251652732082172,0.7688572171343743
1418,0.8253806915820763,0.7691412226032167
1419,0.8253682920433819,0.769168524687202
1420,0.8257022035938498,0.7697297139895285
1421,0.8259414747589912,0.7700060829913886
1422,0.8260490229826533,0.7700714745848103
1423,0.8261162326417918,0.7700196519061557
1424,0.8265103302005362,0.7703323457650537
1425,0.8265374775255222,0.7702910284189165
1426,0.8267500957507247,0.7705296373217441
1427,0.8270151364312522,0.7708604944294364
1428,0.8271212939042388,0.7709847504763966
1429,0.8271241794824324,0.7710433651895958
1430,0.8272024539049116,0.7711587446817151
1431,0.8274458374934478,0.7711125073085172
1432,0.8278964014382193,0.7716255347618785
1433,0.8279404635452391,0.7716778174274738
1434,0.8281440315634854,0.7719844900851934
1435,0.8283016067165376,0.7722198823585658
1436,0.8283634001822849,0.7722750357893027
1437,0.8290584364757951,0.7730295059568376
1438,0.8301732783090772,0.7744813278901352
1439,0.9083134271096609,0.758239301831946
1440,0.8308941732914222,0.7756020630142832
1441,0.8324242380653165,0.7771762864546665
1442,0.8332092635018874,0.7779754907346365
1443,0.8339833459352477,0.7787050607708166
1444,0.8340284821135545,0.7787283819673633
1445,0.8341048004037726,0.7788437409607979
1446,0.834337540430717,0.7790539830279989
1447,0.8346213948591915,0.7793947874825711
1448,0.8347349136506165,0.7794976961697739
1449,0.8350356308304866,0.7798038325885265
1450,0.8354918304507963,0.7804149819478119
1451,0.8357366986695269,0.7805814154255923
1452,0.8360908544192763,0.7809637731031929
1453,0.8363129037078647,0.7812141938431285
1454,0.8366356859781977,0.7815239213694458
1455,0.8369902139744525,0.7818903015562121
1456,0.8370804080779798,0.7819854738116044
1457,0.8371955695546978,0.7820550719397811
1458,0.8373873001652691,0.7822375642403576
1459,0.8375417914074115,0.782277334322631
1460,0.8378466430841989,0.7826233969070746
1461,0.8379190638853354,0.7826778103988933
1462,0.8379446273149924,0.7827076732237418
1463,0.8382959969263238,0.7828707481422794
1464,0.8384532436988122,0.7831102362627378
1465,0.8392556014292367,0.7839852388641804
1466,0.8396371799446175,0.7844576629592661
1467,0.8403991981960497,0.7852594523098572
1468,0.8404929104878122,0.7853714901882518
1469,0.8407002427976109,0.785628590601849
1470,0.8416475762048886,0.7866380797966895
1471,0.8419746965708238,0.7869468095410799
1472,0.8421548883204495,0.7871027449776863
1473,0.8431937509902733,0.7880316055518228
1474,0.8436864466824768,0.7884752037905857
1475,0.8439154854300589,0.7886731193099739
1476,0.8451248728674929,0.7899466956925221
1477,0.8451763753673236,0.7900033144538409
1478,0.8454445876254449,0.7903019837957738
1479,0.846032806910085,0.7909776446302651
1480,0.8461442668643167,0.7910614487312284
1481,0.8464599724257561,0.7914482509971864
1482,0.846505382173442,0.7915187081333906
1483,0.8467527382062501,0.7917547597912932
1484,0.8470790431190481,0.7920719813410189
1485,0.8471140625440168,0.7921668122122009
1486,0.8475630303208416,0.7926016250302684
1487,0.8476077341355464,0.7926540450449325
1488,0.847749835505812,0.7928057921036789
1489,0.8477799442483429,0.7928463175378134
1490,0.8480723268594142,0.7930914602662626
1491,0.848574776869932,0.7937045759185153
1492,0.8485999276427542,0.793733920600411
1493,0.8486129417856926,0.7937740360315775
1494,0.8486816602115179,0.793875429011081
1495,0.8491249940990521,0.7945447255659369
1496,0.8494843896537437,0.7948839968883922
1497,0.8496318895755146,0.7950610728338909
1498,0.8501139333614021,0.7956170888363437
1499,0.8501548558613623,0.7956733140246187
1500,0.8504905507739726,0.7960187708344253
1501,0.850656491015892,0.796181434596719
1502,0.8507395844967574,0.7962762758899794
1503,0.8510544102708144,0.7965740018587486
1504,0.8510579770425383,0.7965772635428904
1505,0.8512354557970445,0.796793993983203
1506,0.8512531383550166,0.7967947273923913
1507,0.8512667911448303,0.7968147216100542
1508,0.8513711151764507,0.7969223568868341
1509,0.8515588732279218,0.7971282748194678
1510,0.851582593721943,0.7971501859020043
1511,0.8515998862739403,0.797195226186516
1512,0.8516633858867706,0.7973230881986426
1513,0.8518923649577578,0.7975560579567305
1514,0.8520444142592365,0.7976745483691355
1515,0.8521460174161744,0.7978314188764382
1516,0.8522834824080568,0.7979766335372827
1517,0.8523038008410863,0.797994124014636
1518,0.8524256449051683,0.7981123838408927
1519,0.8524336185732955,0.7981199781509234
1520,0.8525947496144053,0.7983224502770582
1521,0.8525990144587101,0.798334859213768
1522,0.8526675567897396,0.7984037160640001
1523,0.8527661503385069,0.7984913666138862
1524,0.8528494385259133,0.7985829956448269
1525,0.8529378000707399,0.798661002782047
1526,0.8529668846343547,0.7987127861893644
1527,0.8530191312008306,0.7988129635874656
1528,0.8530481215530102,0.7988291737045334
1529,0.8531642384442194,0.7990218577373569
1530,0.8532105992178404,0.7990885407582176
1531,0.8532917950448919,0.7991399159711282
1532,0.8534835304999734,0.7994480262215734
1533,0.8535222887850513,0.7994495421284986
1534,0.8537129771203943,0.7997628192947309
1535,0.8536982359544291,0.7997740616756525
1536,0.8537189021488323,0.7997753019999719
1537,0.853740279518248,0.7997820412499715
1538,0.85376755804245,0.7999175691535398
1539,0.8538516841109197,0.8000390162946842
1540,0.8538787827910609,0.800069484027706
1541,0.8540044359135365,0.8001471022988289
1542,0.8540670633493005,0.800267122300768
1543,0.8542294369078594,0.8004191387326262
1544,0.8542211272083167,0.8004225123008323
1545,0.8543608390536306,0.8005614254667902
1546,0.8545348694687891,0.8007944886809756
1547,0.8545940354599442,0.8009034881332565
1548,0.8546859275382079,0.8010690766364102
1549,0.8547651325970278,0.8011238274637567
1550,0.8547693585297155,0.8011320694414431
1551,0.8548104378087361,0.8011835815414784
1552,0.8548766619370842,0.8012647613256314
1553,0.8549483795683911,0.8013371923516232
1554,0.8550106611804044,0.8014038079194634
1555,0.855066523989361,0.8014791536274677
1556,0.8550820635764463,0.8015206582061208
1557,0.855173403902227,0.8016634370735161
1558,0.8551782453582862,0.8016925956792368
1559,0.8552304252256042,0.8017252632271599
1560,0.855280560077329,0.8018161563091708
1561,0.8553253530988539,0.8018267890205841
1562,0.8554563511951048,0.8020283373470769
1563,0.855582692967819,0.80220886746313
1564,0.8556729654580101,0.8023479398417381
1565,0.8558464628520939,0.8024854101017737
1566,0.8559368329719365,0.8026110296707789
1567,0.8560765959434445,0.8027611704792794
1568,0.8560723030456141,0.8027779317259578
1569,0.8561170925032323,0.8028696722665256
1570,0.8561263956380971,0.8028774458121344
1571,0.8562182047712718,0.8029322910242799
1572,0.8563397742948107,0.8031071868475184
1573,0.8563562545342595,0.8031381086229609
1574,0.8563722599651921,0.8031597407329403
1575,0.8564107264404669,0.8031754201865257
1576,0.8564270764778388,0.8032963881566838
1577,0.8564351117378547,0.803321231611893
1578,0.8564692383919729,0.8033464980730041
1579,0.8565290429286121,0.8034294373021579
1580,0.8565721176111125,0.8034829394864638
1581,0.856637751560151,0.8035588322833382
1582,0.8568641454060554,0.8038036620601715
1583,0.8569116856607022,0.8038448418475421
1584,0.8570764155409462,0.8040709014082975
1585,0.8570975179001622,0.8040701762120518
1586,0.8571001339880637,0.8040703925952921
1587,0.8571679453620423,0.8041020140420371
1588,0.8571806196546625,0.804103142511556
1589,0.857194955374759,0.804102264711375
1590,0.8572441145339196,0.804156840907583
1591,0.8573754114238636,0.8043111910601816
1592,0.8573962134650078,0.8043565016296087
1593,0.8574056693494209,0.8043724638234404
1594,0.8574745351826265,0.8044428106628669
1595,0.8575242519039624,0.8045006615311222
1596,0.8575904962675233,0.8045939777303527
1597,0.8576196376719725,0.8046842662956005
1598,0.8577298887012282,0.8048282352682191
1599,0.8577436695810051,0.8048864372840964
1600,0.8577716054480646,0.8049131479241324
1601,0.8577837837214022,0.8049848900447014
1602,0.8577920557735772,0.8049952020133103
1603,0.8577938551012755,0.8049567610221775
1604,0.8579496538157232,0.8051646308032413
1605,0.857982486855293,0.8052051958351508
1606,0.8581143687062757,0.8053848864746436
1607,0.8582502524309277,0.8055062533126984
1608,0.8584041650773278,0.8057142659532673
1609,0.8585082395921333,0.8058586874471474
1610,0.8585513586083452,0.8059139162662754
1611,0.8585679081898157,0.8059644822729316
1612,0.8586630001112732,0.8061421316026841
1613,0.8587870868537905,0.8062230697766657
1614,0.8587997380688297,0.8062730747425974
1615,0.858832596958108,0.806299255467877
1616,0.8588903934760597,0.8063192348940175
1617,0.8589573241241043,0.8063738619747961
1618,0.8589748700660232,0.8063891094473595
1619,0.8590145913727648,0.8064628087028122
1620,0.8590276395981368,0.8064871205543614
1621,0.8590358735613238,0.8065045894312656
1622,0.8592011601375626,0.8067779977934451
1623,0.8592946072086362,0.8068927825438389
1624,0.8592958153431575,0.806891154090085
1625,0.8592977728489513,0.8069039486585083
1626,0.8592910029549963,0.8069598215641183
1627,0.8594087030234191,0.8071277397693953
1628,0.8594227350370995,0.8071538073781972
1629,0.8594353580894044,0.8071758155500806
1630,0.8595544949904469,0.8073017231253048
1631,0.8596034171309959,0.8073659479850611
1632,0.8596079563170864,0.8073715554336492
1633,0.8596336065054722,0.807394207631113
1634,0.859641697913435,0.8074232957123676
1635,0.8596446884697598,0.8074266017129239
1636,0.8597361438131977,0.807511532058938
1637,0.8597390674646975,0.8075112934478925
1638,0.8599069804133379,0.8077185083644971
1639,0.8600084802657485,0.807892894401941
1640,0.8601339485454595,0.8080714520939757
1641,0.860206285450752,0.8080734409733853
1642,0.8603023681501198,0.8082179817436551
1643,0.8603373408333702,0.8082390863879546
1644,0.8603575069070256,0.8082437089746344
1645,0.8606218627908455,0.8084760544449318
1646,0.8607140625236372,0.8084885741495613
1647,0.860804734042629,0.8086194854665025
1648,0.8608590761404308,0.8087112813841486
1649,0.8608769000450017,0.8087424624693875
1650,0.8609156881432763,0.8087677969264198
1651,0.8609850255246568,0.8088767025530318
1652,0.8610425166052663,0.8089845831671738
1653,0.8611171550535978,0.8090982431358524
1654,0.8611322086725609,0.8091140114610785
1655,0.8613035559339753,0.8092914213620372
1656,0.8613974878616231,0.8093961828569949
1657,0.8614705124947194,0.8094345974140434
1658,0.861589871188572,0.8095608749657982
1659,0.8616406431600032,0.8096690492897564
1660,0.8616865583290295,0.8096987169731064
1661,0.8617111474960722,0.8097461559344098
1662,0.8617051935859377,0.8097846219723829
1663,0.8618565525466345,0.8099534077272035
1664,0.8619100374922722,0.8100073834002317
1665,0.8619853602577594,0.810074372041007
1666,0.8619900030238021,0.8100847812798527
1667,0.8619846974036051,0.8100878777295994
1668,0.8619947239179444,0.8100915727606094
1669,0.8620444233945087,0.8101349518386152
1670,0.8620412908849365,0.8101339306601196
1671,0.8621598236362499,0.810307489113639
1672,0.8621589333574924,0.8103079646073815
1673,0.8621711171138619,0.8103385690898655
1674,0.8622011488960115,0.8103457663803183
1675,0.8622732220121866,0.8104277902893282
1676,0.8622899961964718,0.8105197256855877
1677,0.8623500118433056,0.8105725153003999
1678,0.8623583394056648,0.8105735820013029
1679,0.8623671907214673,0.8105718809905131
1680,0.8623807223365343,0.810608540939729
1681,0.8624204949151154,0.8106755043708819
1682,0.8625270451089422,0.8108077582141355
1683,0.8626114245763434,0.8109534944972583
1684,0.8626441792917628,0.8109827010516055
1685,0.8626668103611222,0.8110157001378079
1686,0.862732521741802,0.8110921394294955
1687,0.8627310652784519,0.8110938301679469
1688,0.8627827533024235,0.8111500399439333
1689,0.8628280836528779,0.8112155022564581
1690,0.8628899096798649,0.8113087415705229
1691,0.862893478702375,0.8113353891602935
1692,0.8629106581188651,0.8113603396576412
1693,0.8629099259841555,0.8113618335851989
1694,0.8629474870539665,0.8114044001413612
1695,0.8630336893335494,0.8115295374082385
1696,0.8630395718552416,0.8115352672549927
1697,0.8630440224258927,0.8115395703964929
1698,0.863196305321209,0.8116978456995412
1699,0.8633045440890031,0.8118469828102838
1700,0.8633233623394581,0.8118485896776576
1701,0.8633434211771159,0.8118981739848201
1702,0.8634550878905506,0.8120253566887057
1703,0.8634705455532312,0.8120569961180486
1704,0.8634761863858469,0.8120662978104574
1705,0.8635342909367213,0.8121567585544703
1706,0.8635555742794311,0.8121648636058462
1707,0.8635700641634493,0.8122066885033429
1708,0.8636151830279183,0.812296907549803
1709,0.8636860311822775,0.8124024300892618
1710,0.8636921015078813,0.8123720910254418
1711,0.8636924526348614,0.8123722016049609
1712,0.863707813098162,0.8125104340039866
1713,0.8637551073055882,0.8125808306511
1714,0.8638150905367664,0.8126842726825666
1715,0.8638470266911825,0.8127206801231905
1716,0.8639353017883106,0.8128159747006433
1717,0.8639659830327453,0.8129004384367693
1718,0.8640237781804366,0.813023639178382
1719,0.8641214697588198,0.8130937471678806
1720,0.8641819855708955,0.8130925316277939
1721,0.8642919971027335,0.8132456571662022
1722,0.8643508719206754,0.8132922478669633
1723,0.864412630650184,0.8133520248052785
1724,0.8644721939373122,0.813338684682265
1725,0.8645315645354142,0.8133838480928608
1726,0.8647202963738889,0.8135570516963355
1727,0.8647380358559847,0.8135996597566217
1728,0.8648325073672476,0.8137415484635696
1729,0.8648944899856186,0.81382934633016
1730,0.8649345513973499,0.813870574536341
1731,0.8650030966251808,0.8139509676611137
1732,0.8650105813532643,0.8139787852779201
1733,0.8651368329102043,0.814090861132917
1734,0.8651916648642867,0.8141613013906918
1735,0.8655974274134889,0.8145513449546468
1736,0.8656667803655763,0.8146035910281234
1737,0.8657225860153888,0.8146281971757593
1738,0.8657617831848297,0.8146696555108869
1739,0.8657767432536383,0.8146687946314083
1740,0.8658329464354411,0.8146785560982734
1741,0.8658607083478199,0.8147271430726294
1742,0.8658819034826969,0.8147540099432937
1743,0.8659389250770807,0.8148426675582242
1744,0.8659945765990906,0.8147736653184218
1745,0.8664466198148997,0.8153380505576378
1746,0.8664948280696646,0.815395180533489
1747,0.8665351782480484,0.8154449344187338
1748,0.866571087675951,0.8154886616617628
1749,0.8667109730659552,0.8155498756307294
1750,0.8667479274994362,0.8155593545582109
1751,0.8667925193650036,0.8156101394466438
1752,0.8668399680708184,0.8156988313075817
1753,0.8670916391351127,0.8158883567008048
1754,0.8671238964960146,0.815926474143483
1755,0.867337358430931,0.8161335692402093
1756,0.8674056835360119,0.8162096402103535
1757,0.8675169054290587,0.8163499435779987
1758,0.8675850871563718,0.8163988482887226
1759,0.8676569550314628,0.8164285147392956
1760,0.8677490283241482,0.8165416359277623
1761,0.867774599446579,0.8166541932789134
1762,0.8677789260223283,0.8166720148501574
1763,0.8678461585877312,0.8167425377328604
1764,0.8679309479787966,0.8167813874741856
1765,0.8679430725982276,0.8167919865854562
1766,0.8682088102874203,0.8170722891749602
1767,0.8682184851691548,0.8171107851666458
1768,0.8683308119343804,0.8171816346170065
1769,0.8684129730903184,0.8172658625490848
1770,0.8686104626601069,0.8174855074252544
1771,0.8686120148107391,0.8174800257534663
1772,0.8686233730377767,0.8174555869313456
1773,0.8686273724453034,0.8174454650606849
1774,0.8686429483987278,0.8174757118684662
1775,0.8686514461158159,0.8174807481786367
1776,0.8688023756453632,0.8176256149979125
1777,0.8688380707447241,0.8176592433488215
1778,0.868865371178143,0.8176747484349085
1779,0.8690290542923244,0.8178437863331965
1780,0.8692449094167624,0.8181074173443034
1781,0.8692720278378466,0.8181402134346805
1782,0.8692861622651951,0.8181654419982903
1783,0.8693251158548223,0.8181513672637943
1784,0.8693481265675911,0.8181668719885209
1785,0.8693739913935932,0.8181943057333112
1786,0.8694219838405277,0.8182247173653551
1787,0.8694867201049554,0.8182873386285828
1788,0.8695426711698858,0.8183889038298462
1789,0.869602868999521,0.8184599496244308
1790,0.8697361613577385,0.8185390655820293
1791,0.8697716961830123,0.818552262532849
1792,0.8697913410171684,0.8185676509997523
1793,0.8698886777309713,0.8186475103986832
1794,0.8699118949078827,0.8185962667038271
1795,0.8699475702629469,0.8186309780571173
1796,0.8701207803789455,0.8187927260547431
1797,0.8701917052541686,0.8188262883364964
1798,0.8701963095445308,0.8188460241629825
1799,0.8702221542716955,0.8188876264641805
1800,0.8702470733008056,0.8188908550015805
1801,0.8702984387387502,0.8189276299431194
1802,0.8703729082999158,0.818998011533411
1803,0.8703952491962821,0.8190168137002504
1804,0.8707487356682267,0.8193107585952589
1805,0.8708551768657741,0.8193713284854446
1806,0.8709745942092564,0.8194851751139836
1807,0.8710824827788293,0.8195877174821881
1808,0.871189031599038,0.8196077898051548
1809,0.871223649237916,0.81963478905653
1810,0.8713888242053554,0.8197666408611453
1811,0.8716635346227968,0.8198892465203049
1812,0.8716791309632307,0.8199017798981244
1813,0.8717128142458359,0.8199326508495457
1814,0.8717233341940025,0.8199327303281098
1815,0.8717477488340685,0.8199551340290491
1816,0.8717812735911645,0.8199608034230661
1817,0.871830036387041,0.8199729035564162
1818,0.8718307238378269,0.8199728336301348
1819,0.8718958094774204,0.820015900729469
1820,0.8719660628574278,0.8200636777889896
1821,0.8719776723710402,0.820067973516875
1822,0.8720894998908134,0.8201209431046533
1823,0.8721494437463017,0.8200881789469067
1824,0.8721910485418743,0.8201206540194411
1825,0.8722411155701187,0.8201885895885263
1826,0.8722717766818022,0.8201991986720227
1827,0.8723563017643402,0.8202102217965936
1828,0.8723988753186739,0.8202587343986777
1829,0.8723904918591548,0.8202555759577328
1830,0.8724130700243921,0.8202717981075109
1831,0.8725220897528305,0.8203424930042832
1832,0.8725349498936003,0.8203569232915415
1833,0.8725490385884788,0.8203623815714988
1834,0.8726197332531045,0.8204379213733932
1835,0.8726238642919238,0.8204340552998712
1836,0.8727422995040109,0.8204489825602439
1837,0.8727445142149423,0.8204463495732605
1838,0.8728036698146276,0.8204924073556467
1839,0.8728579020167373,0.8205640157348499
1840,0.8729989015922156,0.8206891649086325
1841,0.8730004809182401,0.8206998525080376
1842,0.8730119845315156,0.8206961123268847
1843,0.8730844004842727,0.820732984862806
1844,0.8731014773220008,0.820741773520196
1845,0.8731356268605341,0.8207368120332729
1846,0.8733588779446977,0.8207779332596512
1847,0.873412091017577,0.8208253686557606
1848,0.8734438936451179,0.8208780507346263
1849,0.87354889882503,0.8209248073035029
1850,0.8736177962575024,0.8209078454834089
1851,0.8737141245692649,0.8209612355042832
1852,0.8737197160656369,0.8209648912518539
1853,0.8737497524814187,0.8210310238162096
1854,0.8737591793960535,0.8210372447437135
1855,0.8737762961165262,0.8210514382731023
1856,0.8738416188177518,0.8211131691206204
1857,0.8738895569725215,0.8211291279018168
1858,0.873998422647293,0.8212893785026855
1859,0.8740543417045697,0.8212992450623623
1860,0.8741335352095223,0.8213477042650663
1861,0.8741773204417175,0.8213650812186813
1862,0.8741786529740473,0.8213679259252692
1863,0.8744649069658145,0.8214569603682549
1864,0.8745653167030961,0.8214898164791281
1865,0.8746006148251477,0.821518975180909
1866,0.8746494688059749,0.8215595931130405
1867,0.8746494738875483,0.8215682226502631
1868,0.8746970778710241,0.8215949416674179
1869,0.8747826668785698,0.821659186129618
1870,0.8750011421989202,0.821848510846857
1871,0.8750866479122824,0.8218881415733074
1872,0.8751727763235212,0.8219661620367372
1873,0.875349015702051,0.8220470081857394
1874,0.8753860695462707,0.8220904248550172
1875,0.8753918611209894,0.8220930116128777
1876,0.875716991649096,0.8223325582183943
1877,0.8757377273642636,0.822334385969805
1878,0.8758130976811137,0.8223432837558902
1879,0.8760479857612085,0.8224918247943791
1880,0.876061431888094,0.8224985368691631
1881,0.8761907275895678,0.8225668261844142
1882,0.8762097152911377,0.822572850892641
1883,0.8762437768441663,0.8225987534026468
1884,0.8763357731289773,0.8226668124244316
1885,0.8763667314471684,0.8226732880596188
1886,0.8764525142308488,0.8227321815767925
1887,0.8764630074550093,0.8227289642851345
1888,0.8764776680879254,0.8227479410896044
1889,0.8764923383075843,0.8227498602758916
1890,0.8765073272993699,0.8227456081144472
1891,0.8765178497933781,0.8227418850748457
1892,0.8766110418688009,0.8227994148350564
1893,0.8766719370788925,0.82284412681081
1894,0.8766776619287788,0.8228554339068407
1895,0.8767977781842667,0.8229663739836847
1896,0.8768861459415271,0.8229594675452313
1897,0.8769057999731205,0.8229525898189803
1898,0.876976595310703,0.8230491095826638
1899,0.8771963227301828,0.8232177429814336
1900,0.8773449434517525,0.8233231224447203
1901,0.8774304160117625,0.8233315481488984
1902,0.8774504025787407,0.8233330239892988
1903,0.8774786994020422,0.8233498868855833
1904,0.8774889886407929,0.8233701422713832
1905,0.8776135048274324,0.8234014571048495
1906,0.8776478532622711,0.8234177439386037
1907,0.8776840939053908,0.8234349875118777
1908,0.8777544798542064,0.8234995340796544
1909,0.8777603904060733,0.8235054608365824
1910,0.877800556996007,0.8235700452528684
1911,0.8778537394996823,0.8236175090237249
1912,0.8778693808828314,0.8235786826875984
1913,0.8780456841104398,0.8236543613846138
1914,0.8780623166239,0.8236688394998595
1915,0.8782099988486176,0.8237903674544902
1916,0.8784060584460609,0.8239990272687914
1917,0.8784838565910856,0.8240515022284037
1918,0.8784977182387016,0.8240723532679085
1919,0.8785543780386891,0.8241309006860638
1920,0.8785560552909891,0.8241541035589275
1921,0.8785766494088896,0.8241778565959577
1922,0.8786150478888937,0.8241993462497429
1923,0.878694637759902,0.8242706611156773
1924,0.8788432748330481,0.8243529274385553
1925,0.8788506419066326,0.8243671231571388
1926,0.8788546919569745,0.8243632269509075
1927,0.8789375422460767,0.824388726992347
1928,0.8790087124210929,0.8244126887736406
1929,0.8791749251502579,0.8245463559931389
1930,0.8792111969671801,0.8245771178380924
1931,0.8792461995589846,0.8246017887056621
1932,0.8793560750094882,0.8247044789962048
1933,0.8794302387298027,0.8247712369409415
1934,0.8794593348556129,0.8248397200662804
1935,0.8795961656496687,0.8249389492533917
1936,0.8796319203011662,0.8249513668995198
1937,0.8797220013501412,0.8250616907937797
1938,0.8797607852114222,0.825103208674273
1939,0.879815516195164,0.8251437643623053
1940,0.8798230515039437,0.8251588332929981
1941,0.8798505023400417,0.8251908214323143
1942,0.8798869121974388,0.8252260680661528
1943,0.8799931699096176,0.8253066937560455
1944,0.880143476877712,0.8254798576538501
1945,0.8801824070079722,0.8255192412764669
1946,0.880207998249159,0.8255487062916311
1947,0.8802174919327903,0.8255773623124987
1948,0.8802202872614691,0.8255775436163916
1949,0.8802292883976423,0.8256023179904511
1950,0.8802285947014586,0.8256039517928854
1951,0.8802448299725607,0.82560902484246
1952,0.8802675312411138,0.8256323804602059
1953,0.8803416524030757,0.8256772816653951
1954,0.8803987535052866,0.8257532943029102
1955,0.8804083712620805,0.8257567202364995
1956,0.8804633142913121,0.8258100420058261
1957,0.8805539467401216,0.8258575362868923
1958,0.8806513619174011,0.8259242118427703
1959,0.8806594959050009,0.8259719524649184
1960,0.8807602197082994,0.8260803398380331
1961,0.8807873228656976,0.826133568377141
1962,0.8808493227705589,0.8261432864731545
1963,0.8809199722029116,0.8261769803062478
1964,0.880973078768943,0.8261531732329387
1965,0.8810257927899072,0.8261614188635349
1966,0.8810361327032962,0.8261462242203244
1967,0.8810994796470077,0.8262194833578843
1968,0.8811169838194883,0.8262277325389212
1969,0.8811409247090308,0.826257558462218
1970,0.8811616402908597,0.8262418510657292
1971,0.8812027138545581,0.826245349616331
1972,0.8813794048117956,0.8264170391961386
1973,0.8813870880950455,0.8264264140567538
1974,0.8813847236319852,0.8264306615105739
1975,0.8813901451282874,0.826426129866872
1976,0.8814559457662974,0.8264576812436244
1977,0.8815146564186883,0.8264293897035888
1978,0.8816718759102431,0.8264964280251124
1979,0.8817414997923163,0.8265779519780898
1980,0.8817474174786236,0.8265883342818843
1981,0.8818227319549894,0.8266425319276794
1982,0.8818261153379013,0.8266488170296997
1983,0.8818559241460324,0.8266691227823502
1984,0.881912505713097,0.8267465325932339
1985,0.881925075131998,0.8267674038462173
1986,0.8819379359738074,0.8267744705698968
1987,0.8820578620279905,0.826764937682116
1988,0.8821003168994106,0.8267598670183052
1989,0.8821324190109993,0.8267584719951129
1990,0.8821753959690387,0.8267738147911962
1991,0.8822070719213095,0.8267784532533899
1992,0.8822323028676164,0.826792060872166
1993,0.8822336231874601,0.826784899483113
1994,0.8823054807564725,0.826777086293988
1995,0.8824409924620199,0.8268372628612641
1996,0.8825863048603066,0.8268368984570899
1997,0.8827589441659915,0.8268875647984002
1998,0.8828218005644697,0.8269078769303199
1999,0.8828740721389678,0.8269233298870634
2000,0.8829083653594981,0.8269293083507172
2001,0.8829779126219314,0.8269178651692928
2002,0.8830372255086528,0.826927807072582
2003,0.8830614521914207,0.826939837284163
2004,0.8830657514131836,0.8269713641107598
2005,0.8832079286351951,0.8269813735801441
2006,0.8833735403707893,0.8270797152641094
2007,0.8833959691422616,0.8271204184216412
2008,0.8834390694128499,0.8271205684413163
2009,0.8834774010510354,0.8271641968165876
2010,0.8834966978245904,0.8271932087541438
2011,0.8836325614751137,0.8272685898915685
2012,0.883632506833753,0.8272692528152649
2013,0.8836941591278995,0.8273036967973877
2014,0.8837722495019931,0.8273205138031701
2015,0.8839694419654173,0.8272891547566928
2016,0.8839803452237481,0.8272970469949075
2017,0.8840184542497105,0.8272800761065489
2018,0.8840893484383864,0.8273011372229233
2019,0.88411897953377,0.827308905787072
2020,0.8841459727373663,0.827324157190104
2021,0.8842471807703863,0.8272959189923742
2022,0.8843042900142545,0.8273100119386441
2023,0.8843067791998813,0.8273107372181971
2024,0.8843363263919907,0.8273323571905783
2025,0.884444451822847,0.8273282524985338
2026,0.8845144204736224,0.827295314895512
2027,0.8845909750929256,0.827291676043181
2028,0.8847040469693183,0.8273430198186986
2029,0.8848433205226971,0.8274357781847013
2030,0.8849042656918708,0.8274510560758885
2031,0.885023173703455,0.8274982666997788
2032,0.8850308208925382,0.8274985603643817
2033,0.8850822789500219,0.8274933175685245
2034,0.8852053521830071,0.8274750277834111
2035,0.8852445206563295,0.8275015139939935
2036,0.8854573651604989,0.8275495902313386
2037,0.8855477173927344,0.8275807149860371
2038,0.885567285538167,0.8275725391486473
2039,0.8855859333572897,0.8275778690543152
2040,0.8856183090491067,0.827599289568763
2041,0.8856531242809829,0.8275802738168869
2042,0.8856765176678216,0.8275874994619009
2043,0.8857109484260037,0.8276453842764362
2044,0.8857142099586798,0.8276472809239884
2045,0.8857628910963704,0.8276333340513083
2046,0.8859069415098304,0.8276248682474588
2047,0.8859889805165999,0.8276908206124673
2048,0.8860140967174446,0.8277131178796555
2049,0.886068250074239,0.8277270701738428
2050,0.8860682321192771,0.827726755998088
2051,0.8860712382936367,0.8277383601028606
2052,0.8860773704682522,0.8277581205389843
2053,0.8860761988078714,0.8277590326379319
2054,0.8860795321972349,0.8277596221335515
2055,0.8861574118656692,0.8277818428654694
2056,0.8861712771856184,0.8277891051535727
2057,0.8863246263055384,0.827822731296062
2058,0.8864164517953298,0.8278764285211558
2059,0.8864307098783677,0.8278882962467221
2060,0.8864334495034686,0.8279081361633844
2061,0.8864809720664437,0.8279088627082999
2062,0.8865556529393422,0.8279272993811994
2063,0.8865724648152576,0.8279224233944117
2064,0.8866103938945271,0.827958390614784
2065,0.8867521250554736,0.8279629290406723
2066,0.8868224124641476,0.8279919660761373
2067,0.8869372022233928,0.8280148516372712
2068,0.8870120892119009,0.8280180072064145
2069,0.8872722769471849,0.8281195914288103
2070,0.8872761097417102,0.8281176389808141
2071,0.8873076117762171,0.8281424463906332
2072,0.8873222236625162,0.8281517942120998
2073,0.8873410604324202,0.8281678210224179
2074,0.8873615916219584,0.8281744140861865
2075,0.8874479897371432,0.8282461334252135
2076,0.8874603014150577,0.8282514130030406
2077,0.887625283376026,0.8282967015388818
2078,0.8877082045514932,0.828331099761266
2079,0.8878299067947885,0.8284214253397141
2080,0.8878590307934144,0.8284110670336509
2081,0.8878743599566665,0.8284366687233388
2082,0.8879070673091146,0.8284393794350455
2083,0.8879965032381032,0.8284421476953274
2084,0.8880648960804562,0.8284803558322837
2085,0.8880866838400205,0.8284966017608104
2086,0.8883500428260109,0.8286439929681562
2087,0.8883564421296107,0.8286556309449506
2088,0.8883781976389883,0.8286510057906691
2089,0.8884384450574944,0.8286918646225746
2090,0.8885669749324193,0.8287423925323412
2091,0.8886145504892285,0.8287895087913842
2092,0.8887335728161176,0.8288906337215657
2093,0.8889743953637854,0.8290172471216314
2094,0.8892066256811803,0.8292855095302603
2095,0.8892719548614798,0.8293543690932911
2096,0.8892990843296221,0.8293595270818647
2097,0.8893577052958462,0.8293825987667336
2098,0.8893789915598954,0.82939868910897
2099,0.8894361052358861,0.8294833287159674
2100,0.8894682693029077,0.8294749515969321
2101,0.8895246593005958,0.8295030181044414
2102,0.8896022260900406,0.8295608546723564
2103,0.8896136798574752,0.8295628354272343
2104,0.8897485506217812,0.8296815594179506
2105,0.8898208760277994,0.8297498887014573
2106,0.889888239298402,0.8297807491812096
2107,0.8899269800542833,0.8297864873884827
2108,0.8900996412557745,0.8299469246477705
2109,0.8901397217679259,0.8299881838579055
2110,0.8901493934709024,0.829998692455568
2111,0.8902995375559921,0.8300616173699098
2112,0.890300699252813,0.8300502187338248
2113,0.8905189050982388,0.8301021729798591
2114,0.8907523578255253,0.8302434126850372
2115,0.8907511038580619,0.8302408501745028
2116,0.8907578114891677,0.8302595186774432
2117,0.890836059014677,0.830308573062394
2118,0.8909015523909452,0.830345101838018
2119,0.8908998842105664,0.8303403611065748
2120,0.8909079428534334,0.8303268726395349
2121,0.8909175095015157,0.8303180180035871
2122,0.8909423818334969,0.8303151277222997
2123,0.8910171267566277,0.8303433592884768
2124,0.8910441001200688,0.8303485898787644
2125,0.8910628894826029,0.8303396957664015
2126,0.8911998635166908,0.830341199568613
2127,0.8912405967614419,0.8303452591155547
2128,0.8913237374852981,0.8303891159183815
2129,0.8913961856469506,0.8303621005606889
2130,0.8914093964082371,0.8303793076091058
2131,0.8915695668638751,0.8304447563774051
2132,0.8915927653537582,0.8304383352148581
2133,0.8915965999096443,0.8304236364152474
2134,0.8916742974563657,0.8304275210228061
2135,0.8917642813864344,0.8303710927466145
2136,0.8918087541180192,0.8303805646671629
2137,0.8918420929997878,0.8304105784773735
2138,0.8918538774892532,0.8304188726528986
2139,0.8919261188436863,0.8303976313487094
2140,0.8919242040492417,0.830395700933407
2141,0.891926002481557,0.8303913490093687
2142,0.8921020861148323,0.8303203232607957
2143,0.8922240196802628,0.8303573346484485
2144,0.8923053629349017,0.830353224371604
2145,0.8923373378936558,0.8303731668992279
2146,0.8924435099439609,0.8303839842948321
2147,0.8925199656243961,0.8303536430465134
2148,0.8925293621852254,0.8303482437851342
2149,0.8927545726147893,0.8303205030881166
2150,0.8927699331769074,0.8303257752028314
2151,0.8929395718305585,0.8303057039252869
2152,0.8929593448283956,0.8303143001656289
2153,0.8930090553106358,0.8303397719847126
2154,0.8930957356752309,0.8302904129113738
2155,0.8934292538742856,0.8301803124761296
2156,0.8935832619446873,0.8301580087158176
2157,0.8936791940647196,0.8301315231975688
2158,0.8936896382677447,0.8301391273070577
2159,0.8936964547672879,0.8301307008745245
2160,0.8936944443742092,0.8301307637079618
2161,0.8937279879999978,0.8300981064747034
2162,0.8937998516044543,0.8300748444319956
2163,0.8940221940650039,0.8299314234153217
2164,0.8940360712107254,0.8299277424560773
2165,0.8941088779337089,0.8299275049135888
2166,0.8941638838456456,0.829929439084995
2167,0.8941686605674727,0.8299326551953371
2168,0.8942329197632126,0.8298908355142111
2169,0.8943418898692777,0.829747958809129
2170,0.8943418452543312,0.8297478187135199
2171,0.894443536896299,0.8297357379199042
2172,0.8944801068701611,0.8297323663070283
2173,0.894492102823053,0.8297177226399256
2174,0.8945050013631803,0.8297331860535336
2175,0.8945257085038588,0.829734118719839
2176,0.8946130465709157,0.8296602202271038
2177,0.8946141330994815,0.8296594123861182
2178,0.8948774318823122,0.8294864525927635
2179,0.8950705098035082,0.8294498882672033
2180,0.8951570303011295,0.8293326537575604
2181,0.8951819038141409,0.8293368449365759
2182,0.895244905411056,0.8293419210728796
2183,0.8953035876229019,0.82931754148708
2184,0.895326869624858,0.8293359717366354
2185,0.895348035924759,0.829319430232016
2186,0.8954447571366383,0.8292179080895379
2187,0.8956239298261244,0.8291739817624345
2188,0.8957576712083971,0.8291335593324142
2189,0.8957605268438745,0.8291277279238913
2190,0.895826551218578,0.8289874102927806
2191,0.895851967071764,0.8289831902157712
2192,0.8959028775670148,0.8289135110852301
2193,0.8959566115730985,0.8288176992678142
2194,0.8960463987214211,0.8287592639138098
2195,0.8960798283495278,0.8287167436737437
2196,0.8961942920134336,0.828652857801241
2197,0.8962099323294688,0.8286699079211874
2198,0.8962581401487837,0.8286459103648927
2199,0.8962558549668078,0.8286383902721213
2200,0.8962555918387016,0.8286290645107606
2201,0.8963382081041964,0.8285964526974617
2202,0.8964757467031176,0.8285086322078898
2203,0.8967141704954484,0.8283973716989704
2204,0.8967387753688398,0.8283872368855937
2205,0.8968792175269065,0.8283391002125912
2206,0.8969340203915314,0.8283019411053341
2207,0.8969299849718385,0.8283095600734384
2208,0.8971297617135469,0.8281639586997922
2209,0.8973121694202185,0.8279924536056968
2210,0.8973390883927044,0.8279943400054007
2211,0.8973805187888136,0.827889917295103
2212,0.897551602150225,0.8278151825070205
2213,0.8975603750564963,0.8277828541002211
2214,0.8975565369341333,0.8277665526035276
2215,0.8976366536186614,0.8276195055570298
2216,0.8976473534057036,0.8276030588532285
2217,0.8976725349309794,0.827579265947108
2218,0.8977620556850556,0.8272718062883421
2219,0.8977963190529678,0.8272349582110889
2220,0.8978893838789022,0.8270552010896582
2221,0.8978962778614855,0.8269099707504171
2222,0.8979525505801311,0.826801318204434
2223,0.8979247761250769,0.8267735839429784
2224,0.8979517354550193,0.8267443669716906
2225,0.8979532974200563,0.8267148302598248
2226,0.8979771991217449,0.82672714663535
2227,0.897999298490866,0.8266990052169857
2228,0.8980854405416738,0.8266380826270744
2229,0.8980992466552518,0.8265566519774715
2230,0.8981367625618633,0.8264733955998047
2231,0.8981335111818358,0.8263507510583112
2232,0.8982209107834473,0.8261808429854105
2233,0.8982295304809753,0.8261696356172908
2234,0.8982808094464548,0.8259426431950458
2235,0.8982753250470589,0.8259290486993729
2236,0.8983038165242513,0.8258511164489782
2237,0.8983122007349853,0.8257552937296193
2238,0.8982990706511446,0.8257157885606751
2239,0.8983015600149915,0.8256981390870497
2240,0.8983022176518274,0.8256990481894191
2241,0.898328368087808,0.825675254967725
2242,0.89830575581506,0.8256542919849668
2243,0.8983504738940843,0.8256242096605462
2244,0.8983446762923518,0.8256129464393858
2245,0.8983517940711842,0.8255554054767721
2246,0.8983569094603727,0.8255587322782623
2247,0.8983818304896833,0.8254528542408424
2248,0.8983949929501154,0.8251627161793496
2249,0.898397640700077,0.8251509024006735
2250,0.8983770141017069,0.8251145295323985
2251,0.8983644314197217,0.8250611163403834
2252,0.8983461609355421,0.8250150431670875
2253,0.8983468639628572,0.8249384695615756
2254,0.8983410869873405,0.8249287045445012
2255,0.8983414302095752,0.8248563170986277
2256,0.8982945774934337,0.8247230630149838
2257,0.8982945036503833,0.8246210496621328
2258,0.8983055840162693,0.8246212674229685
2259,0.8982972748700755,0.8245399850999683
2260,0.8982854393183787,0.8243915269292005
2261,0.8982251879672384,0.8242477472802286
2262,0.8981648984251148,0.8241746714585446
2263,0.8981703263828433,0.8241545203257381
2264,0.8981660571578092,0.8241049517079106
2265,0.8981127052282388,0.8239863987187085
2266,0.8981128477349553,0.8238693170721338
2267,0.8981223607996125,0.8237858955767566
2268,0.8981269291667425,0.8238144551191199
2269,0.8980636904894395,0.8236774340602088
2270,0.8979968834308504,0.8235514906793451
2271,0.8979553383209274,0.8235197354242211
2272,0.8979121655954737,0.8234436508159652
2273,0.8976745925681975,0.8232660581855349
2274,0.8974999540175884,0.8231560269336985
2275,0.897401854277003,0.8231083475370659
2276,0.8974001556416982,0.8230143372269404
2277,0.8976392673244088,0.8229022458090877
2278,0.8976282641576144,0.8228690800252455
2279,0.8977528416614389,0.8226776052976971
2280,0.8978647179679375,0.8227304880507901
2281,0.8979585842275927,0.8225763706943858
2282,0.8980839030978847,0.8225396923816877
2283,0.8982709399705556,0.8223759866149434
2284,0.8984290407415586,0.822251825649204
2285,0.8985405341637656,0.8222069834317282
2286,0.89874585649924,0.8221717048805142
2287,0.8987538490282625,0.822161859030773
2288,0.8987617682723512,0.8221857237745865
2289,0.8987580147622176,0.8221713491094199
2290,0.8987861689426018,0.8220301431412869
2291,0.8993017479459479,0.8219632784857515
2292,0.8995033383190792,0.8218890980920806
2293,0.8995301651571775,0.821865012333682
2294,0.8998029799239977,0.8217756710402129
2295,0.9004563675823353,0.8217546802403501
2296,0.900456218319418,0.821745817105109
2297,0.9004702686556124,0.8217614114468588
2298,0.9005127690460298,0.821661797911739
2299,0.9005713570829696,0.8216539812001024
2300,0.900623856020432,0.8217151247891171
2301,0.9007840389496922,0.8217963810472957
2302,0.9007967678961163,0.8218021693323577
2303,0.9008161091169647,0.8218070176443532
2304,0.9009319871151624,0.8219174945796803
2305,0.9009840443533751,0.8219438111027296
2306,0.9010815197489298,0.8218774417506504
2307,0.9012060449010041,0.8219009838963897
2308,0.9015280438588967,0.8218692527029562
2309,0.9016360994255983,0.821775982949716
2310,0.9018201148366428,0.8216738137466597
2311,0.9018615157540468,0.8216747332718347
2312,0.9018840316381068,0.8215899452492369
2313,0.9019703754129975,0.8216146342943336
2314,0.9021924676131869,0.8215212550464838
2315,0.9023808835209908,0.8214128019082141
2316,0.9024061364746074,0.8214354625618652
2317,0.9029872947331855,0.8211343781729366
2318,0.9035467832392873,0.8208762665177783
2319,0.9038235515366193,0.8207009278010788
2320,0.9045573636515186,0.8203559377787226
2321,0.9046275592165097,0.8202566396704138
2322,0.9046629107226446,0.8202233532081382
2323,0.9049135515817749,0.8199427677292032
2324,0.9049625504701416,0.8198991418259931
2325,0.9052864497087011,0.8197280841440109
2326,0.9053766635957369,0.8196816985968528
2327,0.9055288588013838,0.8196095486396571
2328,0.9058863289073851,0.8195041629123803
2329,0.9066515572555303,0.8189401263850656
2330,0.9071629758903998,0.8186334599695725
2331,0.9072806569443314,0.8186604018103879
2332,0.9079795590386337,0.8184022124846798
2333,0.9087789037248617,0.8182134556575721
2334,0.9089579532069704,0.8181863370543642
2335,0.9092241876226757,0.8180541936370147
2336,0.910931679209306,0.8181888252703846
2337,0.9110612053685868,0.8182695243799845
2338,0.9111815706123435,0.8182978981457895
2339,0.911219991686722,0.8183181186576929
2340,0.8694336472375275,0.78015998898201
2341,0.912443349521989,0.8189651815213875
2342,0.9124401778367708,0.8189889530970481
2343,0.9135753493751415,0.818724137814005
2344,0.9135498249979999,0.8186861129732158
2345,0.9135777816655157,0.818651634055847
2346,0.9137378748257096,0.818590395618182
2347,0.9138544466818274,0.8185717271536093
2348,0.9142219239042447,0.8186377606476349
2349,0.9144794611580781,0.8184768652438248
2350,0.9144799905349689,0.818478197630681
2351,0.9146753927238003,0.8184744033908906
2352,0.9147479405264609,0.8185124356146933
2353,0.9148614338935334,0.8184961924346948
2354,0.9148900713193839,0.8185138195835862
2355,0.9153569551197122,0.8188361265534432
2356,0.915874889721405,0.8190380108575674
2357,0.9161196076596605,0.8192461924486908
2358,0.9161402800655014,0.8192700480969368
2359,0.9162127967149609,0.8192830486889123
2360,0.9166362137587665,0.8194654480552
2361,0.9167959913066449,0.8195514143654132
2362,0.9171698038303241,0.8196398986604971
2363,0.9185617366943375,0.8210665230477837
2364,0.918782893772092,0.8211346336828127
2365,0.9202475728318856,0.8223642485659732
2366,0.9214045572842513,0.8231642025093018
2367,0.9226514580499671,0.8243786282404789
2368,0.923369742304328,0.8247910061104485
2369,0.9235364643384995,0.8244007973704294
2370,0.9241452074647302,0.823648807451201
2371,0.924149296220544,0.8233751264243091
2372,0.9242840786434007,0.8229063162114499
2373,0.9242258699246938,0.822691891573779
2374,0.9241934754179092,0.8214029778080505
2375,0.9243946161171313,0.8212089883797653
2376,0.9244916425903452,0.8210443285966118
2377,0.924502259353451,0.8210071462717817
2378,0.9245164269439141,0.8209404056072342
2379,0.9245912246481508,0.8209713685235775
2380,0.9248250786516987,0.8210625499300772
2381,0.9249710498012281,0.8210899932022783
2382,0.9250586599630939,0.8211571982214559
2383,0.925028358099727,0.8210423566094184
2384,0.9253864031207073,0.8212750383421228
2385,0.9256399762308515,0.8210270278239287
2386,0.9267708901377345,0.821436520318959
2387,0.9274789030742053,0.8222891098016782
2388,0.9275818017008872,0.822463969426746
2389,0.9287369364037207,0.8229560614359485
2390,0.9299842069234565,0.8233991930630723
2391,0.9301944336799236,0.8233849164813506
2392,0.9305842911446398,0.8233668822884138
2393,0.9305796336101754,0.8233335582661347
2394,0.9305087553193581,0.822294094559737
2395,0.9304813628061845,0.8224424675616308
2396,0.9340952231585634,0.8161883009926064
